<?xml version="1.0" encoding="UTF-8"?>

<export>
	<info>
		<creator>Admin</creator>
		<opencms_version>8.5</opencms_version>
		<createdate>Wed, 05 Sep 2012 09:00:37 GMT</createdate>
		<infoproject>Offline</infoproject>
		<export_version>7</export_version>
	</info>
	<module>
		<name>com.alkacon.opencms.v8.news</name>
		<nicename><![CDATA[OpenCms 8 News]]></nicename>
		<group>OpenCms 8 types</group>
		<class/>
		<description><![CDATA[Provides an news resource type that can be used in OpenCms 8 templates.]]></description>
		<version>8.5.2</version>
		<authorname><![CDATA[Alkacon Software GmbH]]></authorname>
		<authoremail><![CDATA[sales@alkacon.com]]></authoremail>
		<datecreated/>
		<userinstalled/>
		<dateinstalled/>
		<dependencies>
			<dependency name="org.opencms.ade.config" version="8.0.0"/>
		</dependencies>
		<exportpoints>
			<exportpoint uri="/system/modules/com.alkacon.opencms.v8.news/classes/" destination="WEB-INF/classes/"/>
		</exportpoints>
		<resources>
			<resource uri="/system/modules/com.alkacon.opencms.v8.news/"/>
			<resource uri="/system/workplace/resources/filetypes/v8news.png"/>
			<resource uri="/system/workplace/resources/filetypes/v8news_big.png"/>
			<resource uri="/system/workplace/resources/filetypes/v8newsgallery.png"/>
			<resource uri="/system/workplace/resources/filetypes/v8newsgallery_big.png"/>
		</resources>
		<parameters/>
		<resourcetypes>
			<type class="org.opencms.file.types.CmsResourceTypeXmlContent" name="v8news" id="147">
				<param name="gallery.type.names">v8newsgallery</param>
				<param name="schema">/system/modules/com.alkacon.opencms.v8.news/schemas/news.xsd</param>
			</type>
			<type class="org.opencms.file.types.CmsResourceTypeFolderExtended" name="v8newsgallery" id="132">
				<param name="folder.class">org.opencms.workplace.galleries.CmsAjaxHtmlGallery</param>
			</type>
		</resourcetypes>
		<explorertypes>
			<explorertype name="v8news" key="fileicon.v8news" icon="v8news.png" bigicon="v8news_big.png" reference="xmlcontent">
				<newresource page="structurecontent" uri="newresource_xmlcontent.jsp?newresourcetype=v8news" order="116" autosetnavigation="false" autosettitle="false" info="desc.v8news"/>
				<accesscontrol>
					<accessentry principal="ROLE.WORKPLACE_USER" permissions="+r+v+w+c"/>
				</accesscontrol>
			</explorertype>
			<explorertype name="v8newsgallery" key="fileicon.v8newsgallery" icon="v8newsgallery.png" bigicon="v8newsgallery_big.png" reference="downloadgallery">
				<newresource page="extendedfolder" uri="newresource.jsp?newresourcetype=v8newsgallery" order="116" autosetnavigation="false" autosettitle="false" info="desc.v8newsgallery"/>
			</explorertype>
		</explorertypes>
	</module>
	<files>
		<file>
			<destination>system</destination>
			<type>folder</type>
			<uuidstructure>8aecd78a-f666-11e1-930b-2fc8aa430640</uuidstructure>
			<datelastmodified>Tue, 04 Sep 2012 08:00:07 GMT</datelastmodified>
			<userlastmodified>Admin</userlastmodified>
			<datecreated>Tue, 04 Sep 2012 08:00:07 GMT</datecreated>
			<usercreated>Admin</usercreated>
			<flags>0</flags>
			<properties/>
			<relations/>
			<accesscontrol>
				<accessentry>
					<uuidprincipal>ROLE.WORKPLACE_USER</uuidprincipal>
					<flags>514</flags>
					<permissionset>
						<allowed>1</allowed>
						<denied>0</denied>
					</permissionset>
				</accessentry>
			</accesscontrol>
		</file>
		<file>
			<destination>system/modules</destination>
			<type>folder</type>
			<uuidstructure>8bfa5026-f666-11e1-930b-2fc8aa430640</uuidstructure>
			<datelastmodified>Tue, 04 Sep 2012 08:00:09 GMT</datelastmodified>
			<userlastmodified>Admin</userlastmodified>
			<datecreated>Tue, 04 Sep 2012 08:00:09 GMT</datecreated>
			<usercreated>Admin</usercreated>
			<flags>0</flags>
			<properties/>
			<relations/>
			<accesscontrol>
				<accessentry>
					<uuidprincipal>ROLE.WORKPLACE_USER</uuidprincipal>
					<flags>514</flags>
					<permissionset>
						<allowed>5</allowed>
						<denied>0</denied>
					</permissionset>
				</accessentry>
			</accesscontrol>
		</file>
		<file>
			<destination>system/modules/com.alkacon.opencms.v8.news</destination>
			<type>folder</type>
			<uuidstructure>995250a2-70a8-11e0-9c1c-e363b206b5de</uuidstructure>
			<datelastmodified>Wed, 27 Apr 2011 08:30:25 GMT</datelastmodified>
			<userlastmodified>Admin</userlastmodified>
			<datecreated>Wed, 27 Apr 2011 08:30:25 GMT</datecreated>
			<usercreated>Admin</usercreated>
			<flags>0</flags>
			<properties/>
			<relations/>
			<accesscontrol/>
		</file>
		<file>
			<source>system/modules/com.alkacon.opencms.v8.news/.config</source>
			<destination>system/modules/com.alkacon.opencms.v8.news/.config</destination>
			<type>module_config</type>
			<uuidstructure>4031b09c-6232-4d63-aafa-4638ed7e7e34</uuidstructure>
			<uuidresource>4031b09c-6232-4d63-aafa-4638ed7e7e36</uuidresource>
			<datelastmodified>Tue, 28 Jun 2011 11:02:50 GMT</datelastmodified>
			<userlastmodified>Admin</userlastmodified>
			<datecreated>Wed, 20 Apr 2011 14:45:03 GMT</datecreated>
			<usercreated>Admin</usercreated>
			<flags>0</flags>
			<properties>
				<property>
					<name>locale</name>
					<value><![CDATA[en]]></value>
				</property>
				<property>
					<name>locale-available</name>
					<value><![CDATA[en]]></value>
				</property>
			</properties>
			<relations/>
			<accesscontrol/>
		</file>
		<file>
			<destination>system/modules/com.alkacon.opencms.v8.news/classes</destination>
			<type>folder</type>
			<uuidstructure>9960a888-70a8-11e0-9c1c-e363b206b5de</uuidstructure>
			<datelastmodified>Wed, 27 Apr 2011 08:30:25 GMT</datelastmodified>
			<userlastmodified>Admin</userlastmodified>
			<datecreated>Wed, 27 Apr 2011 08:30:25 GMT</datecreated>
			<usercreated>Admin</usercreated>
			<flags>0</flags>
			<properties/>
			<relations/>
			<accesscontrol/>
		</file>
		<file>
			<destination>system/modules/com.alkacon.opencms.v8.news/classes/com</destination>
			<type>folder</type>
			<uuidstructure>9962f27a-70a8-11e0-9c1c-e363b206b5de</uuidstructure>
			<datelastmodified>Wed, 27 Apr 2011 08:30:25 GMT</datelastmodified>
			<userlastmodified>Admin</userlastmodified>
			<datecreated>Wed, 27 Apr 2011 08:30:25 GMT</datecreated>
			<usercreated>Admin</usercreated>
			<flags>0</flags>
			<properties/>
			<relations/>
			<accesscontrol/>
		</file>
		<file>
			<destination>system/modules/com.alkacon.opencms.v8.news/classes/com/alkacon</destination>
			<type>folder</type>
			<uuidstructure>9965637c-70a8-11e0-9c1c-e363b206b5de</uuidstructure>
			<datelastmodified>Wed, 27 Apr 2011 08:30:25 GMT</datelastmodified>
			<userlastmodified>Admin</userlastmodified>
			<datecreated>Wed, 27 Apr 2011 08:30:25 GMT</datecreated>
			<usercreated>Admin</usercreated>
			<flags>0</flags>
			<properties/>
			<relations/>
			<accesscontrol/>
		</file>
		<file>
			<destination>system/modules/com.alkacon.opencms.v8.news/classes/com/alkacon/opencms</destination>
			<type>folder</type>
			<uuidstructure>9967d47e-70a8-11e0-9c1c-e363b206b5de</uuidstructure>
			<datelastmodified>Wed, 27 Apr 2011 08:30:25 GMT</datelastmodified>
			<userlastmodified>Admin</userlastmodified>
			<datecreated>Wed, 27 Apr 2011 08:30:25 GMT</datecreated>
			<usercreated>Admin</usercreated>
			<flags>0</flags>
			<properties/>
			<relations/>
			<accesscontrol/>
		</file>
		<file>
			<destination>system/modules/com.alkacon.opencms.v8.news/classes/com/alkacon/opencms/v8</destination>
			<type>folder</type>
			<uuidstructure>996c8f70-70a8-11e0-9c1c-e363b206b5de</uuidstructure>
			<datelastmodified>Wed, 27 Apr 2011 08:30:25 GMT</datelastmodified>
			<userlastmodified>Admin</userlastmodified>
			<datecreated>Wed, 27 Apr 2011 08:30:25 GMT</datecreated>
			<usercreated>Admin</usercreated>
			<flags>0</flags>
			<properties/>
			<relations/>
			<accesscontrol/>
		</file>
		<file>
			<destination>system/modules/com.alkacon.opencms.v8.news/classes/com/alkacon/opencms/v8/news</destination>
			<type>folder</type>
			<uuidstructure>996ed962-70a8-11e0-9c1c-e363b206b5de</uuidstructure>
			<datelastmodified>Wed, 27 Apr 2011 08:30:25 GMT</datelastmodified>
			<userlastmodified>Admin</userlastmodified>
			<datecreated>Wed, 27 Apr 2011 08:30:25 GMT</datecreated>
			<usercreated>Admin</usercreated>
			<flags>0</flags>
			<properties/>
			<relations/>
			<accesscontrol/>
		</file>
		<file>
			<source>system/modules/com.alkacon.opencms.v8.news/classes/com/alkacon/opencms/v8/news/messages.properties</source>
			<destination>system/modules/com.alkacon.opencms.v8.news/classes/com/alkacon/opencms/v8/news/messages.properties</destination>
			<type>plain</type>
			<uuidstructure>25a3823d-70e1-11e0-8ee0-8f781782415b</uuidstructure>
			<uuidresource>25a3823e-70e1-11e0-8ee0-8f781782415b</uuidresource>
			<datelastmodified>Thu, 28 Apr 2011 12:39:17 GMT</datelastmodified>
			<userlastmodified>Admin</userlastmodified>
			<datecreated>Wed, 27 Apr 2011 15:15:12 GMT</datecreated>
			<usercreated>Admin</usercreated>
			<flags>0</flags>
			<properties/>
			<relations/>
			<accesscontrol/>
		</file>
		<file>
			<source>system/modules/com.alkacon.opencms.v8.news/classes/com/alkacon/opencms/v8/news/messages_de.properties</source>
			<destination>system/modules/com.alkacon.opencms.v8.news/classes/com/alkacon/opencms/v8/news/messages_de.properties</destination>
			<type>plain</type>
			<uuidstructure>8e18b3a0-70e5-11e0-8ee0-8f781782415b</uuidstructure>
			<uuidresource>8e18b3a1-70e5-11e0-8ee0-8f781782415b</uuidresource>
			<datelastmodified>Thu, 28 Apr 2011 12:39:25 GMT</datelastmodified>
			<userlastmodified>Admin</userlastmodified>
			<datecreated>Wed, 27 Apr 2011 15:46:45 GMT</datecreated>
			<usercreated>Admin</usercreated>
			<flags>0</flags>
			<properties/>
			<relations/>
			<accesscontrol/>
		</file>
		<file>
			<source>system/modules/com.alkacon.opencms.v8.news/classes/com/alkacon/opencms/v8/news/workplace.properties</source>
			<destination>system/modules/com.alkacon.opencms.v8.news/classes/com/alkacon/opencms/v8/news/workplace.properties</destination>
			<type>plain</type>
			<uuidstructure>e0926307-70e0-11e0-8ee0-8f781782415b</uuidstructure>
			<uuidresource>e0926308-70e0-11e0-8ee0-8f781782415b</uuidresource>
			<datelastmodified>Tue, 03 May 2011 14:16:09 GMT</datelastmodified>
			<userlastmodified>Admin</userlastmodified>
			<datecreated>Wed, 27 Apr 2011 15:13:16 GMT</datecreated>
			<usercreated>Admin</usercreated>
			<flags>0</flags>
			<properties/>
			<relations/>
			<accesscontrol/>
		</file>
		<file>
			<source>system/modules/com.alkacon.opencms.v8.news/classes/com/alkacon/opencms/v8/news/workplace_de.properties</source>
			<destination>system/modules/com.alkacon.opencms.v8.news/classes/com/alkacon/opencms/v8/news/workplace_de.properties</destination>
			<type>plain</type>
			<uuidstructure>f94097fa-70e0-11e0-8ee0-8f781782415b</uuidstructure>
			<uuidresource>f94097fb-70e0-11e0-8ee0-8f781782415b</uuidresource>
			<datelastmodified>Thu, 28 Apr 2011 13:02:45 GMT</datelastmodified>
			<userlastmodified>Admin</userlastmodified>
			<datecreated>Wed, 27 Apr 2011 15:13:57 GMT</datecreated>
			<usercreated>Admin</usercreated>
			<flags>0</flags>
			<properties>
				<property>
					<name>content-encoding</name>
					<value><![CDATA[ISO-8859-1]]></value>
				</property>
			</properties>
			<relations/>
			<accesscontrol/>
		</file>
		<file>
			<destination>system/modules/com.alkacon.opencms.v8.news/classes/com/alkacon/opencms/v8/news/workplace_en.properties</destination>
			<type>plain</type>
			<uuidstructure>ee58b169-70e0-11e0-8ee0-8f781782415b</uuidstructure>
			<uuidresource>e0926308-70e0-11e0-8ee0-8f781782415b</uuidresource>
			<datelastmodified>Tue, 03 May 2011 14:16:09 GMT</datelastmodified>
			<userlastmodified>Admin</userlastmodified>
			<datecreated>Wed, 27 Apr 2011 15:13:16 GMT</datecreated>
			<usercreated>Admin</usercreated>
			<flags>0</flags>
			<properties/>
			<relations/>
			<accesscontrol/>
		</file>
		<file>
			<destination>system/modules/com.alkacon.opencms.v8.news/formatters</destination>
			<type>folder</type>
			<uuidstructure>99597c94-70a8-11e0-9c1c-e363b206b5de</uuidstructure>
			<datelastmodified>Wed, 27 Apr 2011 08:30:25 GMT</datelastmodified>
			<userlastmodified>Admin</userlastmodified>
			<datecreated>Wed, 27 Apr 2011 08:30:25 GMT</datecreated>
			<usercreated>Admin</usercreated>
			<flags>0</flags>
			<properties/>
			<relations/>
			<accesscontrol/>
		</file>
		<file>
			<source>system/modules/com.alkacon.opencms.v8.news/formatters/detail.jsp</source>
			<destination>system/modules/com.alkacon.opencms.v8.news/formatters/detail.jsp</destination>
			<type>jsp</type>
			<uuidstructure>4fc589cc-70cc-11e0-b201-8f781782415b</uuidstructure>
			<uuidresource>4fc589cd-70cc-11e0-b201-8f781782415b</uuidresource>
			<datelastmodified>Wed, 05 Sep 2012 08:43:51 GMT</datelastmodified>
			<userlastmodified>Admin</userlastmodified>
			<datecreated>Wed, 27 Apr 2011 12:46:03 GMT</datecreated>
			<usercreated>Admin</usercreated>
			<flags>0</flags>
			<properties>
				<property>
					<name>Title</name>
					<value><![CDATA[Formatter for detail view]]></value>
				</property>
				<property>
					<name>cache</name>
					<value><![CDATA[container-element;locale]]></value>
				</property>
				<property type="shared">
					<name>export</name>
					<value><![CDATA[false]]></value>
				</property>
			</properties>
			<relations/>
			<accesscontrol/>
		</file>
		<file>
			<source>system/modules/com.alkacon.opencms.v8.news/formatters/side.jsp</source>
			<destination>system/modules/com.alkacon.opencms.v8.news/formatters/side.jsp</destination>
			<type>jsp</type>
			<uuidstructure>179e89c9-70cc-11e0-b201-8f781782415b</uuidstructure>
			<uuidresource>179e89ca-70cc-11e0-b201-8f781782415b</uuidresource>
			<datelastmodified>Wed, 05 Sep 2012 08:44:41 GMT</datelastmodified>
			<userlastmodified>Admin</userlastmodified>
			<datecreated>Wed, 27 Apr 2011 12:44:29 GMT</datecreated>
			<usercreated>Admin</usercreated>
			<flags>0</flags>
			<properties>
				<property>
					<name>Title</name>
					<value><![CDATA[Formatter for side view]]></value>
				</property>
				<property>
					<name>cache</name>
					<value><![CDATA[container-element;locale]]></value>
				</property>
				<property type="shared">
					<name>export</name>
					<value><![CDATA[false]]></value>
				</property>
			</properties>
			<relations/>
			<accesscontrol/>
		</file>
		<file>
			<destination>system/modules/com.alkacon.opencms.v8.news/schemas</destination>
			<type>folder</type>
			<uuidstructure>995e3786-70a8-11e0-9c1c-e363b206b5de</uuidstructure>
			<datelastmodified>Wed, 27 Apr 2011 08:30:25 GMT</datelastmodified>
			<userlastmodified>Admin</userlastmodified>
			<datecreated>Wed, 27 Apr 2011 08:30:25 GMT</datecreated>
			<usercreated>Admin</usercreated>
			<flags>0</flags>
			<properties/>
			<relations/>
			<accesscontrol/>
		</file>
		<file>
			<source>system/modules/com.alkacon.opencms.v8.news/schemas/news.xsd</source>
			<destination>system/modules/com.alkacon.opencms.v8.news/schemas/news.xsd</destination>
			<type>plain</type>
			<uuidstructure>3178d0d4-70a9-11e0-9c1c-e363b206b5de</uuidstructure>
			<uuidresource>3178d0d5-70a9-11e0-9c1c-e363b206b5de</uuidresource>
			<datelastmodified>Tue, 28 Jun 2011 14:46:55 GMT</datelastmodified>
			<userlastmodified>Admin</userlastmodified>
			<datecreated>Wed, 27 Apr 2011 08:34:40 GMT</datecreated>
			<usercreated>Admin</usercreated>
			<flags>0</flags>
			<properties>
				<property>
					<name>Title</name>
					<value><![CDATA[XSD for news]]></value>
				</property>
			</properties>
			<relations/>
			<accesscontrol/>
		</file>
		<file>
			<destination>system/modules/com.alkacon.opencms.v8.news/schemas/nested</destination>
			<type>folder</type>
			<uuidstructure>89ccb436-70aa-11e0-9c1c-e363b206b5de</uuidstructure>
			<datelastmodified>Wed, 27 Apr 2011 08:44:17 GMT</datelastmodified>
			<userlastmodified>Admin</userlastmodified>
			<datecreated>Wed, 27 Apr 2011 08:44:17 GMT</datecreated>
			<usercreated>Admin</usercreated>
			<flags>0</flags>
			<properties/>
			<relations/>
			<accesscontrol/>
		</file>
		<file>
			<source>system/modules/com.alkacon.opencms.v8.news/schemas/nested/availability.xsd</source>
			<destination>system/modules/com.alkacon.opencms.v8.news/schemas/nested/availability.xsd</destination>
			<type>plain</type>
			<uuidstructure>4a66c21d-70b3-11e0-a3d2-8f781782415b</uuidstructure>
			<uuidresource>4a66c21e-70b3-11e0-a3d2-8f781782415b</uuidresource>
			<datelastmodified>Wed, 27 Apr 2011 16:07:00 GMT</datelastmodified>
			<userlastmodified>Admin</userlastmodified>
			<datecreated>Wed, 27 Apr 2011 09:46:57 GMT</datecreated>
			<usercreated>Admin</usercreated>
			<flags>0</flags>
			<properties>
				<property>
					<name>Title</name>
					<value><![CDATA[Nested XSD for news availability]]></value>
				</property>
			</properties>
			<relations/>
			<accesscontrol/>
		</file>
		<file>
			<source>system/modules/com.alkacon.opencms.v8.news/schemas/nested/paragraph.xsd</source>
			<destination>system/modules/com.alkacon.opencms.v8.news/schemas/nested/paragraph.xsd</destination>
			<type>plain</type>
			<uuidstructure>8ade46d7-70b1-11e0-a3d2-8f781782415b</uuidstructure>
			<uuidresource>8ade46d8-70b1-11e0-a3d2-8f781782415b</uuidresource>
			<datelastmodified>Wed, 27 Apr 2011 16:07:32 GMT</datelastmodified>
			<userlastmodified>Admin</userlastmodified>
			<datecreated>Wed, 27 Apr 2011 09:34:26 GMT</datecreated>
			<usercreated>Admin</usercreated>
			<flags>0</flags>
			<properties>
				<property>
					<name>Title</name>
					<value><![CDATA[Nested XSD for news paragraph]]></value>
				</property>
			</properties>
			<relations/>
			<accesscontrol/>
		</file>
		<file>
			<destination>system/workplace</destination>
			<type>folder</type>
			<uuidstructure>825afce2-11b7-11db-91cd-fdbae480bac9</uuidstructure>
			<datelastmodified>Mon, 27 Mar 2006 12:00:00 GMT</datelastmodified>
			<userlastmodified>Admin</userlastmodified>
			<datecreated>Mon, 27 Jun 2005 08:00:00 GMT</datecreated>
			<usercreated>Admin</usercreated>
			<flags>0</flags>
			<properties>
				<property>
					<name>content-encoding</name>
					<value><![CDATA[UTF-8]]></value>
				</property>
				<property>
					<name>export</name>
					<value><![CDATA[false]]></value>
				</property>
				<property>
					<name>login-form</name>
					<value><![CDATA[/system/login/index.html]]></value>
				</property>
			</properties>
			<relations/>
			<accesscontrol>
				<accessentry>
					<uuidprincipal>ALL_OTHERS</uuidprincipal>
					<flags>134</flags>
					<permissionset>
						<allowed>0</allowed>
						<denied>0</denied>
					</permissionset>
				</accessentry>
				<accessentry>
					<uuidprincipal>ROLE.WORKPLACE_USER</uuidprincipal>
					<flags>518</flags>
					<permissionset>
						<allowed>5</allowed>
						<denied>0</denied>
					</permissionset>
				</accessentry>
			</accesscontrol>
		</file>
		<file>
			<destination>system/workplace/resources</destination>
			<type>folder</type>
			<uuidstructure>82c16052-11b7-11db-91cd-fdbae480bac9</uuidstructure>
			<datelastmodified>Mon, 27 Mar 2006 12:00:00 GMT</datelastmodified>
			<userlastmodified>Admin</userlastmodified>
			<datecreated>Mon, 27 Jun 2005 08:00:00 GMT</datecreated>
			<usercreated>Admin</usercreated>
			<flags>0</flags>
			<properties/>
			<relations/>
			<accesscontrol/>
		</file>
		<file>
			<destination>system/workplace/resources/filetypes</destination>
			<type>folder</type>
			<uuidstructure>83ca1dcc-11b7-11db-91cd-fdbae480bac9</uuidstructure>
			<datelastmodified>Mon, 27 Mar 2006 12:00:00 GMT</datelastmodified>
			<userlastmodified>Admin</userlastmodified>
			<datecreated>Mon, 27 Jun 2005 08:00:00 GMT</datecreated>
			<usercreated>Admin</usercreated>
			<flags>0</flags>
			<properties/>
			<relations/>
			<accesscontrol/>
		</file>
		<file>
			<source>system/workplace/resources/filetypes/v8news.png</source>
			<destination>system/workplace/resources/filetypes/v8news.png</destination>
			<type>image</type>
			<uuidstructure>69e64e82-70b4-11e0-a3d2-8f781782415b</uuidstructure>
			<uuidresource>69e64e83-70b4-11e0-a3d2-8f781782415b</uuidresource>
			<datelastmodified>Wed, 27 Apr 2011 09:55:28 GMT</datelastmodified>
			<userlastmodified>Admin</userlastmodified>
			<datecreated>Wed, 27 Apr 2011 09:54:59 GMT</datecreated>
			<usercreated>Admin</usercreated>
			<flags>0</flags>
			<properties>
				<property type="shared">
					<name>image.size</name>
					<value><![CDATA[w:16,h:16]]></value>
				</property>
			</properties>
			<relations/>
			<accesscontrol/>
		</file>
		<file>
			<source>system/workplace/resources/filetypes/v8news_big.png</source>
			<destination>system/workplace/resources/filetypes/v8news_big.png</destination>
			<type>image</type>
			<uuidstructure>69eb3086-70b4-11e0-a3d2-8f781782415b</uuidstructure>
			<uuidresource>69eb3087-70b4-11e0-a3d2-8f781782415b</uuidresource>
			<datelastmodified>Wed, 27 Apr 2011 09:55:23 GMT</datelastmodified>
			<userlastmodified>Admin</userlastmodified>
			<datecreated>Wed, 27 Apr 2011 09:54:59 GMT</datecreated>
			<usercreated>Admin</usercreated>
			<flags>0</flags>
			<properties>
				<property type="shared">
					<name>image.size</name>
					<value><![CDATA[w:24,h:24]]></value>
				</property>
			</properties>
			<relations/>
			<accesscontrol/>
		</file>
		<file>
			<source>system/workplace/resources/filetypes/v8newsgallery.png</source>
			<destination>system/workplace/resources/filetypes/v8newsgallery.png</destination>
			<type>image</type>
			<uuidstructure>dfde52d5-758e-11e0-bb02-a1b7a1ca2b7f</uuidstructure>
			<uuidresource>dfde52d6-758e-11e0-bb02-a1b7a1ca2b7f</uuidresource>
			<datelastmodified>Tue, 03 May 2011 14:09:42 GMT</datelastmodified>
			<userlastmodified>Admin</userlastmodified>
			<datecreated>Tue, 03 May 2011 14:08:52 GMT</datecreated>
			<usercreated>Admin</usercreated>
			<flags>0</flags>
			<properties>
				<property type="shared">
					<name>image.size</name>
					<value><![CDATA[w:16,h:16]]></value>
				</property>
			</properties>
			<relations/>
			<accesscontrol/>
		</file>
		<file>
			<source>system/workplace/resources/filetypes/v8newsgallery_big.png</source>
			<destination>system/workplace/resources/filetypes/v8newsgallery_big.png</destination>
			<type>image</type>
			<uuidstructure>dfe334d9-758e-11e0-bb02-a1b7a1ca2b7f</uuidstructure>
			<uuidresource>dfe334da-758e-11e0-bb02-a1b7a1ca2b7f</uuidresource>
			<datelastmodified>Tue, 03 May 2011 14:09:47 GMT</datelastmodified>
			<userlastmodified>Admin</userlastmodified>
			<datecreated>Tue, 03 May 2011 14:08:52 GMT</datecreated>
			<usercreated>Admin</usercreated>
			<flags>0</flags>
			<properties>
				<property type="shared">
					<name>image.size</name>
					<value><![CDATA[w:24,h:24]]></value>
				</property>
			</properties>
			<relations/>
			<accesscontrol/>
		</file>
	</files>
</export>
