<?xml version="1.0" encoding="UTF-8"?>

<export>
	<info>
		<creator>Admin</creator>
		<opencms_version>8.5</opencms_version>
		<createdate>Thu, 13 Sep 2012 10:54:25 GMT</createdate>
		<infoproject>Offline</infoproject>
		<export_version>7</export_version>
	</info>
	<module>
		<name>com.alkacon.opencms.v8.template3</name>
		<nicename><![CDATA[OpenCms 8 Template 3 frontend]]></nicename>
		<group>Template 3</group>
		<class/>
		<description><![CDATA[The template 3 is a configurable template for use in OpenCms 8.]]></description>
		<version>8.5.2</version>
		<authorname><![CDATA[Alkacon Software GmbH]]></authorname>
		<authoremail><![CDATA[sales@alkacon.com]]></authoremail>
		<datecreated/>
		<userinstalled/>
		<dateinstalled/>
		<dependencies>
			<dependency name="org.opencms.ade.config" version="8.0.4"/>
		</dependencies>
		<exportpoints>
			<exportpoint uri="/system/modules/com.alkacon.opencms.v8.template3/lib/" destination="WEB-INF/lib/"/>
			<exportpoint uri="/system/modules/com.alkacon.opencms.v8.template3/classes/" destination="WEB-INF/classes/"/>
		</exportpoints>
		<resources>
			<resource uri="/system/modules/com.alkacon.opencms.v8.template3/"/>
			<resource uri="/system/workplace/resources/filetypes/t3style.png"/>
			<resource uri="/system/workplace/resources/filetypes/t3style_big.png"/>
			<resource uri="/system/workplace/resources/filetypes/t3config.png"/>
			<resource uri="/system/workplace/resources/filetypes/t3config_big.png"/>
		</resources>
		<parameters/>
		<resourcetypes>
			<type class="org.opencms.file.types.CmsResourceTypeXmlContent" name="t3style" id="144">
				<param name="schema">/system/modules/com.alkacon.opencms.v8.template3/schemas/style.xsd</param>
			</type>
			<type class="org.opencms.file.types.CmsResourceTypeXmlContent" name="t3config" id="145">
				<param name="schema">/system/modules/com.alkacon.opencms.v8.template3/schemas/config.xsd</param>
			</type>
		</resourcetypes>
		<explorertypes>
			<explorertype name="t3style" key="fileicon.t3style" icon="t3style.png" bigicon="t3style_big.png" reference="xmlcontent">
				<newresource page="structurecontent" uri="newresource_xmlcontent.jsp?newresourcetype=t3style" order="150" autosetnavigation="false" autosettitle="false" info="desc.t3style"/>
				<accesscontrol>
					<accessentry principal="ROLE.WORKPLACE_USER" permissions="+r+v+w+c"/>
				</accesscontrol>
			</explorertype>
			<explorertype name="t3config" key="fileicon.t3config" icon="t3config.png" bigicon="t3config_big.png" reference="xmlcontent">
				<newresource page="structurecontent" uri="newresource_xmlcontent.jsp?newresourcetype=t3config" order="151" autosetnavigation="false" autosettitle="false" info="desc.t3config"/>
				<accesscontrol>
					<accessentry principal="ROLE.WORKPLACE_USER" permissions="+r+v+w+c"/>
				</accesscontrol>
			</explorertype>
		</explorertypes>
	</module>
	<files>
		<file>
			<destination>system</destination>
			<type>folder</type>
			<uuidstructure>bbc8b51e-fc0e-11e1-87ed-21eebf8c5c9b</uuidstructure>
			<datelastmodified>Tue, 11 Sep 2012 12:46:40 GMT</datelastmodified>
			<userlastmodified>Admin</userlastmodified>
			<datecreated>Tue, 11 Sep 2012 12:46:40 GMT</datecreated>
			<usercreated>Admin</usercreated>
			<flags>0</flags>
			<properties/>
			<relations/>
			<accesscontrol>
				<accessentry>
					<uuidprincipal>ROLE.WORKPLACE_USER</uuidprincipal>
					<flags>514</flags>
					<permissionset>
						<allowed>1</allowed>
						<denied>0</denied>
					</permissionset>
				</accessentry>
			</accesscontrol>
		</file>
		<file>
			<destination>system/modules</destination>
			<type>folder</type>
			<uuidstructure>bf0b362a-fc0e-11e1-87ed-21eebf8c5c9b</uuidstructure>
			<datelastmodified>Tue, 11 Sep 2012 12:46:46 GMT</datelastmodified>
			<userlastmodified>Admin</userlastmodified>
			<datecreated>Tue, 11 Sep 2012 12:46:46 GMT</datecreated>
			<usercreated>Admin</usercreated>
			<flags>0</flags>
			<properties/>
			<relations/>
			<accesscontrol>
				<accessentry>
					<uuidprincipal>ROLE.WORKPLACE_USER</uuidprincipal>
					<flags>514</flags>
					<permissionset>
						<allowed>5</allowed>
						<denied>0</denied>
					</permissionset>
				</accessentry>
			</accesscontrol>
		</file>
		<file>
			<destination>system/modules/com.alkacon.opencms.v8.template3</destination>
			<type>folder</type>
			<uuidstructure>6718d91f-6b1d-11e0-8f1e-e363b206b5de</uuidstructure>
			<datelastmodified>Wed, 20 Apr 2011 07:11:24 GMT</datelastmodified>
			<userlastmodified>Admin</userlastmodified>
			<datecreated>Wed, 20 Apr 2011 07:11:24 GMT</datecreated>
			<usercreated>Admin</usercreated>
			<flags>0</flags>
			<properties/>
			<relations/>
			<accesscontrol/>
		</file>
		<file>
			<source>system/modules/com.alkacon.opencms.v8.template3/.config</source>
			<destination>system/modules/com.alkacon.opencms.v8.template3/.config</destination>
			<type>module_config</type>
			<uuidstructure>6e992d0d-a176-11e0-9d54-8f2a539630cb</uuidstructure>
			<uuidresource>6e992d0e-a176-11e0-9d54-8f2a539630cb</uuidresource>
			<datelastmodified>Tue, 28 Jun 2011 11:06:55 GMT</datelastmodified>
			<userlastmodified>Admin</userlastmodified>
			<datecreated>Tue, 28 Jun 2011 11:04:45 GMT</datecreated>
			<usercreated>Admin</usercreated>
			<flags>0</flags>
			<properties>
				<property>
					<name>locale</name>
					<value><![CDATA[en]]></value>
				</property>
				<property>
					<name>locale-available</name>
					<value><![CDATA[en]]></value>
				</property>
			</properties>
			<relations/>
			<accesscontrol/>
		</file>
		<file>
			<destination>system/modules/com.alkacon.opencms.v8.template3/classes</destination>
			<type>folder</type>
			<uuidstructure>6752119b-6b1d-11e0-8f1e-e363b206b5de</uuidstructure>
			<datelastmodified>Fri, 06 May 2011 13:26:00 GMT</datelastmodified>
			<userlastmodified>Admin</userlastmodified>
			<datecreated>Wed, 20 Apr 2011 07:11:25 GMT</datecreated>
			<usercreated>Admin</usercreated>
			<flags>0</flags>
			<properties/>
			<relations/>
			<accesscontrol/>
		</file>
		<file>
			<destination>system/modules/com.alkacon.opencms.v8.template3/classes/com</destination>
			<type>folder</type>
			<uuidstructure>6754829d-6b1d-11e0-8f1e-e363b206b5de</uuidstructure>
			<datelastmodified>Fri, 06 May 2011 13:26:00 GMT</datelastmodified>
			<userlastmodified>Admin</userlastmodified>
			<datecreated>Wed, 20 Apr 2011 07:11:25 GMT</datecreated>
			<usercreated>Admin</usercreated>
			<flags>0</flags>
			<properties/>
			<relations/>
			<accesscontrol/>
		</file>
		<file>
			<destination>system/modules/com.alkacon.opencms.v8.template3/classes/com/alkacon</destination>
			<type>folder</type>
			<uuidstructure>6756cc8f-6b1d-11e0-8f1e-e363b206b5de</uuidstructure>
			<datelastmodified>Fri, 06 May 2011 13:26:00 GMT</datelastmodified>
			<userlastmodified>Admin</userlastmodified>
			<datecreated>Wed, 20 Apr 2011 07:11:25 GMT</datecreated>
			<usercreated>Admin</usercreated>
			<flags>0</flags>
			<properties/>
			<relations/>
			<accesscontrol/>
		</file>
		<file>
			<destination>system/modules/com.alkacon.opencms.v8.template3/classes/com/alkacon/opencms</destination>
			<type>folder</type>
			<uuidstructure>67593d91-6b1d-11e0-8f1e-e363b206b5de</uuidstructure>
			<datelastmodified>Fri, 06 May 2011 13:26:00 GMT</datelastmodified>
			<userlastmodified>Admin</userlastmodified>
			<datecreated>Wed, 20 Apr 2011 07:11:25 GMT</datecreated>
			<usercreated>Admin</usercreated>
			<flags>0</flags>
			<properties/>
			<relations/>
			<accesscontrol/>
		</file>
		<file>
			<destination>system/modules/com.alkacon.opencms.v8.template3/classes/com/alkacon/opencms/v8</destination>
			<type>folder</type>
			<uuidstructure>675bae93-6b1d-11e0-8f1e-e363b206b5de</uuidstructure>
			<datelastmodified>Fri, 06 May 2011 13:26:00 GMT</datelastmodified>
			<userlastmodified>Admin</userlastmodified>
			<datecreated>Wed, 20 Apr 2011 07:11:25 GMT</datecreated>
			<usercreated>Admin</usercreated>
			<flags>0</flags>
			<properties/>
			<relations/>
			<accesscontrol/>
		</file>
		<file>
			<destination>system/modules/com.alkacon.opencms.v8.template3/classes/com/alkacon/opencms/v8/template3</destination>
			<type>folder</type>
			<uuidstructure>411aa63e-7805-11e0-b79c-11339f3a73b8</uuidstructure>
			<datelastmodified>Fri, 06 May 2011 17:21:18 GMT</datelastmodified>
			<userlastmodified>Admin</userlastmodified>
			<datecreated>Fri, 06 May 2011 17:21:18 GMT</datecreated>
			<usercreated>Admin</usercreated>
			<flags>0</flags>
			<properties/>
			<relations/>
			<accesscontrol/>
		</file>
		<file>
			<source>system/modules/com.alkacon.opencms.v8.template3/classes/com/alkacon/opencms/v8/template3/workplace.properties</source>
			<destination>system/modules/com.alkacon.opencms.v8.template3/classes/com/alkacon/opencms/v8/template3/workplace.properties</destination>
			<type>plain</type>
			<uuidstructure>c6f9b0fd-6b21-11e0-8f1e-e363b206b5de</uuidstructure>
			<uuidresource>c6f9b0fe-6b21-11e0-8f1e-e363b206b5de</uuidresource>
			<datelastmodified>Fri, 06 May 2011 13:26:00 GMT</datelastmodified>
			<userlastmodified>Admin</userlastmodified>
			<datecreated>Wed, 20 Apr 2011 07:42:43 GMT</datecreated>
			<usercreated>Admin</usercreated>
			<flags>0</flags>
			<properties/>
			<relations/>
			<accesscontrol/>
		</file>
		<file>
			<source>system/modules/com.alkacon.opencms.v8.template3/classes/com/alkacon/opencms/v8/template3/workplace_de.properties</source>
			<destination>system/modules/com.alkacon.opencms.v8.template3/classes/com/alkacon/opencms/v8/template3/workplace_de.properties</destination>
			<type>plain</type>
			<uuidstructure>e357f5a0-6b21-11e0-8f1e-e363b206b5de</uuidstructure>
			<uuidresource>e357f5a1-6b21-11e0-8f1e-e363b206b5de</uuidresource>
			<datelastmodified>Fri, 06 May 2011 13:26:00 GMT</datelastmodified>
			<userlastmodified>Admin</userlastmodified>
			<datecreated>Wed, 20 Apr 2011 07:43:31 GMT</datecreated>
			<usercreated>Admin</usercreated>
			<flags>0</flags>
			<properties>
				<property>
					<name>content-encoding</name>
					<value><![CDATA[ISO-8859-1]]></value>
				</property>
			</properties>
			<relations/>
			<accesscontrol/>
		</file>
		<file>
			<destination>system/modules/com.alkacon.opencms.v8.template3/classes/com/alkacon/opencms/v8/template3/workplace_en.properties</destination>
			<type>plain</type>
			<uuidstructure>d42741cf-6b21-11e0-8f1e-e363b206b5de</uuidstructure>
			<uuidresource>c6f9b0fe-6b21-11e0-8f1e-e363b206b5de</uuidresource>
			<datelastmodified>Fri, 06 May 2011 13:26:00 GMT</datelastmodified>
			<userlastmodified>Admin</userlastmodified>
			<datecreated>Wed, 20 Apr 2011 07:42:43 GMT</datecreated>
			<usercreated>Admin</usercreated>
			<flags>0</flags>
			<properties/>
			<relations/>
			<accesscontrol/>
		</file>
		<file>
			<destination>system/modules/com.alkacon.opencms.v8.template3/elements</destination>
			<type>folder</type>
			<uuidstructure>67489bb3-6b1d-11e0-8f1e-e363b206b5de</uuidstructure>
			<datelastmodified>Wed, 20 Apr 2011 07:11:25 GMT</datelastmodified>
			<userlastmodified>Admin</userlastmodified>
			<datecreated>Wed, 20 Apr 2011 07:11:25 GMT</datecreated>
			<usercreated>Admin</usercreated>
			<flags>0</flags>
			<properties/>
			<relations/>
			<accesscontrol/>
		</file>
		<file>
			<source>system/modules/com.alkacon.opencms.v8.template3/elements/content_pagination.jsp</source>
			<destination>system/modules/com.alkacon.opencms.v8.template3/elements/content_pagination.jsp</destination>
			<type>jsp</type>
			<uuidstructure>8077514a-638c-11e1-94f3-e7aa6134161f</uuidstructure>
			<uuidresource>8077514b-638c-11e1-94f3-e7aa6134161f</uuidresource>
			<datelastmodified>Fri, 02 Mar 2012 09:41:34 GMT</datelastmodified>
			<userlastmodified>Admin</userlastmodified>
			<datecreated>Thu, 01 Mar 2012 10:51:29 GMT</datecreated>
			<usercreated>Admin</usercreated>
			<flags>0</flags>
			<properties>
				<property type="shared">
					<name>export</name>
					<value><![CDATA[false]]></value>
				</property>
			</properties>
			<relations/>
			<accesscontrol/>
		</file>
		<file>
			<destination>system/modules/com.alkacon.opencms.v8.template3/elements/menu</destination>
			<type>folder</type>
			<uuidstructure>66b0db2b-6b35-11e0-bc98-e363b206b5de</uuidstructure>
			<datelastmodified>Wed, 20 Apr 2011 10:03:12 GMT</datelastmodified>
			<userlastmodified>Admin</userlastmodified>
			<datecreated>Wed, 20 Apr 2011 10:03:12 GMT</datecreated>
			<usercreated>Admin</usercreated>
			<flags>0</flags>
			<properties/>
			<relations/>
			<accesscontrol/>
		</file>
		<file>
			<source>system/modules/com.alkacon.opencms.v8.template3/elements/menu/nav_breadcrumb.jsp</source>
			<destination>system/modules/com.alkacon.opencms.v8.template3/elements/menu/nav_breadcrumb.jsp</destination>
			<type>jsp</type>
			<uuidstructure>358b431b-6b66-11e0-92d8-e363b206b5de</uuidstructure>
			<uuidresource>358b431c-6b66-11e0-92d8-e363b206b5de</uuidresource>
			<datelastmodified>Tue, 16 Aug 2011 09:26:26 GMT</datelastmodified>
			<userlastmodified>Admin</userlastmodified>
			<datecreated>Wed, 20 Apr 2011 15:52:35 GMT</datecreated>
			<usercreated>Admin</usercreated>
			<flags>0</flags>
			<properties>
				<property>
					<name>cache</name>
					<value><![CDATA[uri;user]]></value>
				</property>
				<property type="shared">
					<name>export</name>
					<value><![CDATA[false]]></value>
				</property>
			</properties>
			<relations/>
			<accesscontrol/>
		</file>
		<file>
			<source>system/modules/com.alkacon.opencms.v8.template3/elements/menu/nav_main.jsp</source>
			<destination>system/modules/com.alkacon.opencms.v8.template3/elements/menu/nav_main.jsp</destination>
			<type>jsp</type>
			<uuidstructure>991d83b5-6b62-11e0-92d8-e363b206b5de</uuidstructure>
			<uuidresource>991d83b6-6b62-11e0-92d8-e363b206b5de</uuidresource>
			<datelastmodified>Fri, 29 Apr 2011 10:54:39 GMT</datelastmodified>
			<userlastmodified>Admin</userlastmodified>
			<datecreated>Wed, 20 Apr 2011 15:26:44 GMT</datecreated>
			<usercreated>Admin</usercreated>
			<flags>0</flags>
			<properties>
				<property>
					<name>cache</name>
					<value><![CDATA[uri;user]]></value>
				</property>
				<property type="shared">
					<name>export</name>
					<value><![CDATA[false]]></value>
				</property>
			</properties>
			<relations/>
			<accesscontrol/>
		</file>
		<file>
			<source>system/modules/com.alkacon.opencms.v8.template3/elements/menu/nav_side.jsp</source>
			<destination>system/modules/com.alkacon.opencms.v8.template3/elements/menu/nav_side.jsp</destination>
			<type>jsp</type>
			<uuidstructure>715f894d-6b35-11e0-bc98-e363b206b5de</uuidstructure>
			<uuidresource>715f894e-6b35-11e0-bc98-e363b206b5de</uuidresource>
			<datelastmodified>Fri, 29 Apr 2011 10:54:45 GMT</datelastmodified>
			<userlastmodified>Admin</userlastmodified>
			<datecreated>Wed, 20 Apr 2011 10:03:30 GMT</datecreated>
			<usercreated>Admin</usercreated>
			<flags>0</flags>
			<properties>
				<property>
					<name>cache</name>
					<value><![CDATA[uri;user]]></value>
				</property>
				<property type="shared">
					<name>export</name>
					<value><![CDATA[false]]></value>
				</property>
			</properties>
			<relations/>
			<accesscontrol/>
		</file>
		<file>
			<destination>system/modules/com.alkacon.opencms.v8.template3/formatters</destination>
			<type>folder</type>
			<uuidstructure>d7982c48-422b-4e95-b75a-e978ace8f4a6</uuidstructure>
			<datelastmodified>Wed, 20 Apr 2011 07:11:25 GMT</datelastmodified>
			<userlastmodified>Admin</userlastmodified>
			<datecreated>Wed, 20 Apr 2011 07:11:25 GMT</datecreated>
			<usercreated>Admin</usercreated>
			<flags>0</flags>
			<properties/>
			<relations/>
			<accesscontrol/>
		</file>
		<file>
			<source>system/modules/com.alkacon.opencms.v8.template3/formatters/config.jsp</source>
			<destination>system/modules/com.alkacon.opencms.v8.template3/formatters/config.jsp</destination>
			<type>jsp</type>
			<uuidstructure>c3b2d43e-70d0-11e0-af5a-5de1afb8a118</uuidstructure>
			<uuidresource>c3b2d43f-70d0-11e0-af5a-5de1afb8a118</uuidresource>
			<datelastmodified>Fri, 06 May 2011 13:49:53 GMT</datelastmodified>
			<userlastmodified>Admin</userlastmodified>
			<datecreated>Wed, 27 Apr 2011 13:17:55 GMT</datecreated>
			<usercreated>Admin</usercreated>
			<flags>0</flags>
			<properties>
				<property>
					<name>Title</name>
					<value><![CDATA[Formatter for configuration header & footer]]></value>
				</property>
				<property>
					<name>cache</name>
					<value><![CDATA[container-element;locale]]></value>
				</property>
				<property type="shared">
					<name>export</name>
					<value><![CDATA[false]]></value>
				</property>
			</properties>
			<relations/>
			<accesscontrol/>
		</file>
		<file>
			<destination>system/modules/com.alkacon.opencms.v8.template3/lib</destination>
			<type>folder</type>
			<uuidstructure>674fa099-6b1d-11e0-8f1e-e363b206b5de</uuidstructure>
			<datelastmodified>Wed, 20 Apr 2011 07:11:25 GMT</datelastmodified>
			<userlastmodified>Admin</userlastmodified>
			<datecreated>Wed, 20 Apr 2011 07:11:25 GMT</datecreated>
			<usercreated>Admin</usercreated>
			<flags>0</flags>
			<properties/>
			<relations/>
			<accesscontrol/>
		</file>
		<file>
			<destination>system/modules/com.alkacon.opencms.v8.template3/resources</destination>
			<type>folder</type>
			<uuidstructure>674d56a7-6b1d-11e0-8f1e-e363b206b5de</uuidstructure>
			<datelastmodified>Wed, 20 Apr 2011 07:11:25 GMT</datelastmodified>
			<userlastmodified>Admin</userlastmodified>
			<datecreated>Wed, 20 Apr 2011 07:11:25 GMT</datecreated>
			<usercreated>Admin</usercreated>
			<flags>0</flags>
			<properties/>
			<relations/>
			<accesscontrol/>
		</file>
		<file>
			<destination>system/modules/com.alkacon.opencms.v8.template3/resources/css</destination>
			<type>folder</type>
			<uuidstructure>8b63cbe3-6b25-11e0-897c-e363b206b5de</uuidstructure>
			<datelastmodified>Wed, 20 Apr 2011 08:09:41 GMT</datelastmodified>
			<userlastmodified>Admin</userlastmodified>
			<datecreated>Wed, 20 Apr 2011 08:09:41 GMT</datecreated>
			<usercreated>Admin</usercreated>
			<flags>0</flags>
			<properties/>
			<relations/>
			<accesscontrol/>
		</file>
		<file>
			<source>system/modules/com.alkacon.opencms.v8.template3/resources/css/form.css</source>
			<destination>system/modules/com.alkacon.opencms.v8.template3/resources/css/form.css</destination>
			<type>plain</type>
			<uuidstructure>3b612cb3-6b29-11e0-bc98-e363b206b5de</uuidstructure>
			<uuidresource>3b612cb4-6b29-11e0-bc98-e363b206b5de</uuidresource>
			<datelastmodified>Tue, 08 Sep 2009 13:35:53 GMT</datelastmodified>
			<userlastmodified>Admin</userlastmodified>
			<datecreated>Wed, 20 Apr 2011 08:36:05 GMT</datecreated>
			<usercreated>Admin</usercreated>
			<flags>0</flags>
			<properties/>
			<relations/>
			<accesscontrol/>
		</file>
		<file>
			<source>system/modules/com.alkacon.opencms.v8.template3/resources/css/nav_left.css</source>
			<destination>system/modules/com.alkacon.opencms.v8.template3/resources/css/nav_left.css</destination>
			<type>plain</type>
			<uuidstructure>3b6858a5-6b29-11e0-bc98-e363b206b5de</uuidstructure>
			<uuidresource>3b6858a6-6b29-11e0-bc98-e363b206b5de</uuidresource>
			<datelastmodified>Tue, 08 Sep 2009 13:23:15 GMT</datelastmodified>
			<userlastmodified>Admin</userlastmodified>
			<datecreated>Wed, 20 Apr 2011 08:36:05 GMT</datecreated>
			<usercreated>Admin</usercreated>
			<flags>0</flags>
			<properties/>
			<relations/>
			<accesscontrol/>
		</file>
		<file>
			<source>system/modules/com.alkacon.opencms.v8.template3/resources/css/patch_ie.css</source>
			<destination>system/modules/com.alkacon.opencms.v8.template3/resources/css/patch_ie.css</destination>
			<type>plain</type>
			<uuidstructure>3b6f5d87-6b29-11e0-bc98-e363b206b5de</uuidstructure>
			<uuidresource>3b6f5d88-6b29-11e0-bc98-e363b206b5de</uuidresource>
			<datelastmodified>Tue, 08 Sep 2009 13:23:15 GMT</datelastmodified>
			<userlastmodified>Admin</userlastmodified>
			<datecreated>Wed, 20 Apr 2011 08:36:05 GMT</datecreated>
			<usercreated>Admin</usercreated>
			<flags>0</flags>
			<properties/>
			<relations/>
			<accesscontrol/>
		</file>
		<file>
			<source>system/modules/com.alkacon.opencms.v8.template3/resources/css/style.config</source>
			<destination>system/modules/com.alkacon.opencms.v8.template3/resources/css/style.config</destination>
			<type>t3style</type>
			<uuidstructure>d9fc27de-fd8e-11e1-a075-21eebf8c5c9b</uuidstructure>
			<uuidresource>1191e218-6b25-11e0-897c-e363b206b5de</uuidresource>
			<datelastmodified>Fri, 17 Aug 2012 14:03:59 GMT</datelastmodified>
			<userlastmodified>Admin</userlastmodified>
			<datecreated>Wed, 20 Jun 2012 08:06:17 GMT</datecreated>
			<usercreated>Admin</usercreated>
			<flags>0</flags>
			<properties>
				<property>
					<name>Title</name>
					<value><![CDATA[Default CSS configuration]]></value>
				</property>
			</properties>
			<relations/>
			<accesscontrol/>
		</file>
		<file>
			<source>system/modules/com.alkacon.opencms.v8.template3/resources/css/style.css</source>
			<destination>system/modules/com.alkacon.opencms.v8.template3/resources/css/style.css</destination>
			<type>jsp</type>
			<uuidstructure>24fe3f11-6b2c-11e0-bc98-e363b206b5de</uuidstructure>
			<uuidresource>24fe3f12-6b2c-11e0-bc98-e363b206b5de</uuidresource>
			<datelastmodified>Wed, 17 Aug 2011 08:27:16 GMT</datelastmodified>
			<userlastmodified>Admin</userlastmodified>
			<datecreated>Wed, 20 Apr 2011 08:56:56 GMT</datecreated>
			<usercreated>Admin</usercreated>
			<flags>0</flags>
			<properties>
				<property>
					<name>cache</name>
					<value><![CDATA[site;params=(cols,style)]]></value>
				</property>
				<property type="shared">
					<name>export</name>
					<value><![CDATA[false]]></value>
				</property>
			</properties>
			<relations/>
			<accesscontrol/>
		</file>
		<file>
			<destination>system/modules/com.alkacon.opencms.v8.template3/resources/css/style_editor.css</destination>
			<type>jsp</type>
			<uuidstructure>5b18e640-7230-11e0-828d-ed3609521ba5</uuidstructure>
			<uuidresource>24fe3f12-6b2c-11e0-bc98-e363b206b5de</uuidresource>
			<datelastmodified>Wed, 17 Aug 2011 08:27:16 GMT</datelastmodified>
			<userlastmodified>Admin</userlastmodified>
			<datecreated>Wed, 20 Apr 2011 08:56:56 GMT</datecreated>
			<usercreated>Admin</usercreated>
			<flags>0</flags>
			<properties>
				<property>
					<name>cache</name>
					<value><![CDATA[site;params=(preset,style)]]></value>
				</property>
				<property type="shared">
					<name>export</name>
					<value><![CDATA[false]]></value>
				</property>
			</properties>
			<relations/>
			<accesscontrol/>
		</file>
		<file>
			<destination>system/modules/com.alkacon.opencms.v8.template3/resources/images</destination>
			<type>folder</type>
			<uuidstructure>858f5591-6b25-11e0-897c-e363b206b5de</uuidstructure>
			<datelastmodified>Wed, 20 Apr 2011 08:09:31 GMT</datelastmodified>
			<userlastmodified>Admin</userlastmodified>
			<datecreated>Wed, 20 Apr 2011 08:09:31 GMT</datecreated>
			<usercreated>Admin</usercreated>
			<flags>0</flags>
			<properties/>
			<relations/>
			<accesscontrol/>
		</file>
		<file>
			<source>system/modules/com.alkacon.opencms.v8.template3/resources/images/bg_blue.gif</source>
			<destination>system/modules/com.alkacon.opencms.v8.template3/resources/images/bg_blue.gif</destination>
			<type>image</type>
			<uuidstructure>bb6a0b40-6c2a-11e0-8e25-c3baf286301a</uuidstructure>
			<uuidresource>bb6a0b41-6c2a-11e0-8e25-c3baf286301a</uuidresource>
			<datelastmodified>Thu, 21 Apr 2011 15:19:48 GMT</datelastmodified>
			<userlastmodified>Admin</userlastmodified>
			<datecreated>Thu, 21 Apr 2011 15:19:20 GMT</datecreated>
			<usercreated>Admin</usercreated>
			<flags>0</flags>
			<properties>
				<property type="shared">
					<name>image.size</name>
					<value><![CDATA[w:15,h:600]]></value>
				</property>
			</properties>
			<relations/>
			<accesscontrol/>
		</file>
		<file>
			<source>system/modules/com.alkacon.opencms.v8.template3/resources/images/bg_demo_png24.png</source>
			<destination>system/modules/com.alkacon.opencms.v8.template3/resources/images/bg_demo_png24.png</destination>
			<type>image</type>
			<uuidstructure>8b602d06-6b26-11e0-897c-e363b206b5de</uuidstructure>
			<uuidresource>8b602d07-6b26-11e0-897c-e363b206b5de</uuidresource>
			<datelastmodified>Thu, 21 Apr 2011 15:19:48 GMT</datelastmodified>
			<userlastmodified>Admin</userlastmodified>
			<datecreated>Wed, 20 Apr 2011 08:16:51 GMT</datecreated>
			<usercreated>Admin</usercreated>
			<flags>0</flags>
			<properties>
				<property type="shared">
					<name>image.size</name>
					<value><![CDATA[w:20,h:400]]></value>
				</property>
			</properties>
			<relations/>
			<accesscontrol/>
		</file>
		<file>
			<source>system/modules/com.alkacon.opencms.v8.template3/resources/images/bg_foot_demo_png24.png</source>
			<destination>system/modules/com.alkacon.opencms.v8.template3/resources/images/bg_foot_demo_png24.png</destination>
			<type>image</type>
			<uuidstructure>8b64e7fa-6b26-11e0-897c-e363b206b5de</uuidstructure>
			<uuidresource>8b64e7fb-6b26-11e0-897c-e363b206b5de</uuidresource>
			<datelastmodified>Thu, 21 Apr 2011 15:19:48 GMT</datelastmodified>
			<userlastmodified>Admin</userlastmodified>
			<datecreated>Wed, 20 Apr 2011 08:16:51 GMT</datecreated>
			<usercreated>Admin</usercreated>
			<flags>0</flags>
			<properties>
				<property type="shared">
					<name>image.size</name>
					<value><![CDATA[w:20,h:40]]></value>
				</property>
			</properties>
			<relations/>
			<accesscontrol/>
		</file>
		<file>
			<source>system/modules/com.alkacon.opencms.v8.template3/resources/images/bg_head_demo_png24.png</source>
			<destination>system/modules/com.alkacon.opencms.v8.template3/resources/images/bg_head_demo_png24.png</destination>
			<type>image</type>
			<uuidstructure>8b6c13ee-6b26-11e0-897c-e363b206b5de</uuidstructure>
			<uuidresource>8b6c13ef-6b26-11e0-897c-e363b206b5de</uuidresource>
			<datelastmodified>Thu, 21 Apr 2011 15:19:48 GMT</datelastmodified>
			<userlastmodified>Admin</userlastmodified>
			<datecreated>Wed, 20 Apr 2011 08:16:51 GMT</datecreated>
			<usercreated>Admin</usercreated>
			<flags>0</flags>
			<properties>
				<property type="shared">
					<name>image.size</name>
					<value><![CDATA[w:33,h:120]]></value>
				</property>
			</properties>
			<relations/>
			<accesscontrol/>
		</file>
		<file>
			<source>system/modules/com.alkacon.opencms.v8.template3/resources/images/gradient.png</source>
			<destination>system/modules/com.alkacon.opencms.v8.template3/resources/images/gradient.png</destination>
			<type>image</type>
			<uuidstructure>bb7f8f14-6c2a-11e0-8e25-c3baf286301a</uuidstructure>
			<uuidresource>bb7f8f15-6c2a-11e0-8e25-c3baf286301a</uuidresource>
			<datelastmodified>Thu, 21 Apr 2011 15:19:48 GMT</datelastmodified>
			<userlastmodified>Admin</userlastmodified>
			<datecreated>Thu, 21 Apr 2011 15:19:21 GMT</datecreated>
			<usercreated>Admin</usercreated>
			<flags>0</flags>
			<properties>
				<property type="shared">
					<name>image.size</name>
					<value><![CDATA[w:1,h:26]]></value>
				</property>
			</properties>
			<relations/>
			<accesscontrol/>
		</file>
		<file>
			<source>system/modules/com.alkacon.opencms.v8.template3/resources/images/logo_alkacon_png24.png</source>
			<destination>system/modules/com.alkacon.opencms.v8.template3/resources/images/logo_alkacon_png24.png</destination>
			<type>image</type>
			<uuidstructure>a40137f5-6b25-11e0-897c-e363b206b5de</uuidstructure>
			<uuidresource>a40137f6-6b25-11e0-897c-e363b206b5de</uuidresource>
			<datelastmodified>Thu, 21 Apr 2011 15:19:48 GMT</datelastmodified>
			<userlastmodified>Admin</userlastmodified>
			<datecreated>Wed, 20 Apr 2011 08:10:23 GMT</datecreated>
			<usercreated>Admin</usercreated>
			<flags>0</flags>
			<properties>
				<property type="shared">
					<name>image.size</name>
					<value><![CDATA[w:154,h:50]]></value>
				</property>
			</properties>
			<relations/>
			<accesscontrol/>
		</file>
		<file>
			<source>system/modules/com.alkacon.opencms.v8.template3/resources/images/logo_opencms_png24.png</source>
			<destination>system/modules/com.alkacon.opencms.v8.template3/resources/images/logo_opencms_png24.png</destination>
			<type>image</type>
			<uuidstructure>a40f8fd9-6b25-11e0-897c-e363b206b5de</uuidstructure>
			<uuidresource>a40f8fda-6b25-11e0-897c-e363b206b5de</uuidresource>
			<datelastmodified>Thu, 21 Apr 2011 15:19:48 GMT</datelastmodified>
			<userlastmodified>Admin</userlastmodified>
			<datecreated>Wed, 20 Apr 2011 08:10:23 GMT</datecreated>
			<usercreated>Admin</usercreated>
			<flags>0</flags>
			<properties>
				<property type="shared">
					<name>image.size</name>
					<value><![CDATA[w:206,h:50]]></value>
				</property>
			</properties>
			<relations/>
			<accesscontrol/>
		</file>
		<file>
			<source>system/modules/com.alkacon.opencms.v8.template3/resources/images/template.png</source>
			<destination>system/modules/com.alkacon.opencms.v8.template3/resources/images/template.png</destination>
			<type>image</type>
			<uuidstructure>334ed19e-7976-11e0-8f0e-5b5f3ddaa102</uuidstructure>
			<uuidresource>334ed19f-7976-11e0-8f0e-5b5f3ddaa102</uuidresource>
			<datelastmodified>Sun, 08 May 2011 13:22:19 GMT</datelastmodified>
			<userlastmodified>Admin</userlastmodified>
			<datecreated>Sun, 08 May 2011 13:22:19 GMT</datecreated>
			<usercreated>Admin</usercreated>
			<flags>0</flags>
			<properties>
				<property>
					<name>Title</name>
					<value><![CDATA[template]]></value>
				</property>
				<property type="shared">
					<name>image.size</name>
					<value><![CDATA[w:48,h:48]]></value>
				</property>
			</properties>
			<relations/>
			<accesscontrol/>
		</file>
		<file>
			<destination>system/modules/com.alkacon.opencms.v8.template3/resources/menus</destination>
			<type>folder</type>
			<uuidstructure>4f51b289-6b29-11e0-bc98-e363b206b5de</uuidstructure>
			<datelastmodified>Wed, 20 Apr 2011 08:36:38 GMT</datelastmodified>
			<userlastmodified>Admin</userlastmodified>
			<datecreated>Wed, 20 Apr 2011 08:36:38 GMT</datecreated>
			<usercreated>Admin</usercreated>
			<flags>0</flags>
			<properties/>
			<relations/>
			<accesscontrol/>
		</file>
		<file>
			<destination>system/modules/com.alkacon.opencms.v8.template3/resources/menus/style2</destination>
			<type>folder</type>
			<uuidstructure>6162f10b-6b29-11e0-bc98-e363b206b5de</uuidstructure>
			<datelastmodified>Wed, 20 Apr 2011 08:37:09 GMT</datelastmodified>
			<userlastmodified>Admin</userlastmodified>
			<datecreated>Wed, 20 Apr 2011 08:37:09 GMT</datecreated>
			<usercreated>Admin</usercreated>
			<flags>0</flags>
			<properties/>
			<relations/>
			<accesscontrol/>
		</file>
		<file>
			<source>system/modules/com.alkacon.opencms.v8.template3/resources/menus/style2/style.css</source>
			<destination>system/modules/com.alkacon.opencms.v8.template3/resources/menus/style2/style.css</destination>
			<type>plain</type>
			<uuidstructure>617d2fd5-6b29-11e0-bc98-e363b206b5de</uuidstructure>
			<uuidresource>617d2fd6-6b29-11e0-bc98-e363b206b5de</uuidresource>
			<datelastmodified>Tue, 08 Sep 2009 13:23:17 GMT</datelastmodified>
			<userlastmodified>Admin</userlastmodified>
			<datecreated>Wed, 20 Apr 2011 08:37:09 GMT</datecreated>
			<usercreated>Admin</usercreated>
			<flags>0</flags>
			<properties/>
			<relations/>
			<accesscontrol/>
		</file>
		<file>
			<destination>system/modules/com.alkacon.opencms.v8.template3/resources/menus/style2/images</destination>
			<type>folder</type>
			<uuidstructure>616ed7ed-6b29-11e0-bc98-e363b206b5de</uuidstructure>
			<datelastmodified>Wed, 20 Apr 2011 08:37:09 GMT</datelastmodified>
			<userlastmodified>Admin</userlastmodified>
			<datecreated>Wed, 20 Apr 2011 08:37:09 GMT</datecreated>
			<usercreated>Admin</usercreated>
			<flags>0</flags>
			<properties/>
			<relations/>
			<accesscontrol/>
		</file>
		<file>
			<source>system/modules/com.alkacon.opencms.v8.template3/resources/menus/style2/images/bgOFF.gif</source>
			<destination>system/modules/com.alkacon.opencms.v8.template3/resources/menus/style2/images/bgOFF.gif</destination>
			<type>image</type>
			<uuidstructure>6173b9ef-6b29-11e0-bc98-e363b206b5de</uuidstructure>
			<uuidresource>6173b9f0-6b29-11e0-bc98-e363b206b5de</uuidresource>
			<datelastmodified>Tue, 08 Sep 2009 13:23:16 GMT</datelastmodified>
			<userlastmodified>Admin</userlastmodified>
			<datecreated>Wed, 20 Apr 2011 08:37:09 GMT</datecreated>
			<usercreated>Admin</usercreated>
			<flags>0</flags>
			<properties>
				<property type="shared">
					<name>image.size</name>
					<value><![CDATA[w:1,h:25]]></value>
				</property>
			</properties>
			<relations/>
			<accesscontrol/>
		</file>
		<file>
			<source>system/modules/com.alkacon.opencms.v8.template3/resources/menus/style2/images/bgON.gif</source>
			<destination>system/modules/com.alkacon.opencms.v8.template3/resources/menus/style2/images/bgON.gif</destination>
			<type>image</type>
			<uuidstructure>617874e2-6b29-11e0-bc98-e363b206b5de</uuidstructure>
			<uuidresource>617874e3-6b29-11e0-bc98-e363b206b5de</uuidresource>
			<datelastmodified>Tue, 08 Sep 2009 13:23:17 GMT</datelastmodified>
			<userlastmodified>Admin</userlastmodified>
			<datecreated>Wed, 20 Apr 2011 08:37:09 GMT</datecreated>
			<usercreated>Admin</usercreated>
			<flags>0</flags>
			<properties>
				<property type="shared">
					<name>image.size</name>
					<value><![CDATA[w:1,h:25]]></value>
				</property>
			</properties>
			<relations/>
			<accesscontrol/>
		</file>
		<file>
			<destination>system/modules/com.alkacon.opencms.v8.template3/schemas</destination>
			<type>folder</type>
			<uuidstructure>674ae5a5-6b1d-11e0-8f1e-e363b206b5de</uuidstructure>
			<datelastmodified>Wed, 20 Apr 2011 07:11:25 GMT</datelastmodified>
			<userlastmodified>Admin</userlastmodified>
			<datecreated>Wed, 20 Apr 2011 07:11:25 GMT</datecreated>
			<usercreated>Admin</usercreated>
			<flags>0</flags>
			<properties/>
			<relations/>
			<accesscontrol/>
		</file>
		<file>
			<source>system/modules/com.alkacon.opencms.v8.template3/schemas/config.xsd</source>
			<destination>system/modules/com.alkacon.opencms.v8.template3/schemas/config.xsd</destination>
			<type>plain</type>
			<uuidstructure>62ae359b-70cf-11e0-af5a-5de1afb8a118</uuidstructure>
			<uuidresource>62ae359c-70cf-11e0-af5a-5de1afb8a118</uuidresource>
			<datelastmodified>Tue, 28 Jun 2011 14:47:23 GMT</datelastmodified>
			<userlastmodified>Admin</userlastmodified>
			<datecreated>Wed, 27 Apr 2011 13:08:03 GMT</datecreated>
			<usercreated>Admin</usercreated>
			<flags>0</flags>
			<properties>
				<property>
					<name>Title</name>
					<value><![CDATA[XSD for template configuration]]></value>
				</property>
			</properties>
			<relations/>
			<accesscontrol/>
		</file>
		<file>
			<source>system/modules/com.alkacon.opencms.v8.template3/schemas/style.xsd</source>
			<destination>system/modules/com.alkacon.opencms.v8.template3/schemas/style.xsd</destination>
			<type>plain</type>
			<uuidstructure>6da0d62a-6b1f-11e0-8f1e-e363b206b5de</uuidstructure>
			<uuidresource>6da0d62b-6b1f-11e0-8f1e-e363b206b5de</uuidresource>
			<datelastmodified>Fri, 06 May 2011 13:31:21 GMT</datelastmodified>
			<userlastmodified>Admin</userlastmodified>
			<datecreated>Wed, 20 Apr 2011 07:25:54 GMT</datecreated>
			<usercreated>Admin</usercreated>
			<flags>0</flags>
			<properties>
				<property>
					<name>Title</name>
					<value><![CDATA[XSD for the style configuration]]></value>
				</property>
			</properties>
			<relations/>
			<accesscontrol/>
		</file>
		<file>
			<destination>system/modules/com.alkacon.opencms.v8.template3/templates</destination>
			<type>folder</type>
			<uuidstructure>67462ab1-6b1d-11e0-8f1e-e363b206b5de</uuidstructure>
			<datelastmodified>Wed, 20 Apr 2011 07:11:25 GMT</datelastmodified>
			<userlastmodified>Admin</userlastmodified>
			<datecreated>Wed, 20 Apr 2011 07:11:25 GMT</datecreated>
			<usercreated>Admin</usercreated>
			<flags>0</flags>
			<properties/>
			<relations/>
			<accesscontrol/>
		</file>
		<file>
			<source>system/modules/com.alkacon.opencms.v8.template3/templates/main.jsp</source>
			<destination>system/modules/com.alkacon.opencms.v8.template3/templates/main.jsp</destination>
			<type>containerpage_template</type>
			<uuidstructure>c229fd45-6b1d-11e0-8f1e-e363b206b5de</uuidstructure>
			<uuidresource>c229fd46-6b1d-11e0-8f1e-e363b206b5de</uuidresource>
			<datelastmodified>Mon, 30 May 2011 07:54:02 GMT</datelastmodified>
			<userlastmodified>Admin</userlastmodified>
			<datecreated>Wed, 20 Apr 2011 07:13:57 GMT</datecreated>
			<usercreated>Admin</usercreated>
			<flags>0</flags>
			<properties>
				<property>
					<name>Description</name>
					<value><![CDATA[The main template JSP for the Alkacon OpenCms Template III]]></value>
				</property>
				<property>
					<name>Title</name>
					<value><![CDATA[Alkacon OpenCms Template III]]></value>
				</property>
				<property>
					<name>cache</name>
					<value><![CDATA[uri]]></value>
				</property>
				<property>
					<name>container.info</name>
					<value><![CDATA[functionDetail=centercontainer]]></value>
				</property>
				<property>
					<name>style.layout</name>
					<value><![CDATA[/demo_t3_en/_config/style]]></value>
				</property>
				<property>
					<name>template</name>
					<value><![CDATA[/system/modules/com.alkacon.opencms.v8.template3/resources/css/style_editor.css]]></value>
				</property>
				<property>
					<name>template.image</name>
					<value><![CDATA[/system/modules/com.alkacon.opencms.v8.template3/resources/images/template.png]]></value>
				</property>
			</properties>
			<relations/>
			<accesscontrol/>
		</file>
		<file>
			<destination>system/workplace</destination>
			<type>folder</type>
			<uuidstructure>825afce2-11b7-11db-91cd-fdbae480bac9</uuidstructure>
			<datelastmodified>Mon, 27 Mar 2006 12:00:00 GMT</datelastmodified>
			<userlastmodified>Admin</userlastmodified>
			<datecreated>Mon, 27 Jun 2005 08:00:00 GMT</datecreated>
			<usercreated>Admin</usercreated>
			<flags>0</flags>
			<properties>
				<property>
					<name>content-encoding</name>
					<value><![CDATA[UTF-8]]></value>
				</property>
				<property>
					<name>export</name>
					<value><![CDATA[false]]></value>
				</property>
				<property>
					<name>login-form</name>
					<value><![CDATA[/system/login/index.html]]></value>
				</property>
			</properties>
			<relations/>
			<accesscontrol>
				<accessentry>
					<uuidprincipal>ALL_OTHERS</uuidprincipal>
					<flags>134</flags>
					<permissionset>
						<allowed>0</allowed>
						<denied>0</denied>
					</permissionset>
				</accessentry>
				<accessentry>
					<uuidprincipal>ROLE.WORKPLACE_USER</uuidprincipal>
					<flags>518</flags>
					<permissionset>
						<allowed>5</allowed>
						<denied>0</denied>
					</permissionset>
				</accessentry>
			</accesscontrol>
		</file>
		<file>
			<destination>system/workplace/resources</destination>
			<type>folder</type>
			<uuidstructure>82c16052-11b7-11db-91cd-fdbae480bac9</uuidstructure>
			<datelastmodified>Mon, 27 Mar 2006 12:00:00 GMT</datelastmodified>
			<userlastmodified>Admin</userlastmodified>
			<datecreated>Mon, 27 Jun 2005 08:00:00 GMT</datecreated>
			<usercreated>Admin</usercreated>
			<flags>0</flags>
			<properties/>
			<relations/>
			<accesscontrol/>
		</file>
		<file>
			<destination>system/workplace/resources/filetypes</destination>
			<type>folder</type>
			<uuidstructure>83ca1dcc-11b7-11db-91cd-fdbae480bac9</uuidstructure>
			<datelastmodified>Mon, 27 Mar 2006 12:00:00 GMT</datelastmodified>
			<userlastmodified>Admin</userlastmodified>
			<datecreated>Mon, 27 Jun 2005 08:00:00 GMT</datecreated>
			<usercreated>Admin</usercreated>
			<flags>0</flags>
			<properties/>
			<relations/>
			<accesscontrol/>
		</file>
		<file>
			<source>system/workplace/resources/filetypes/t3config.png</source>
			<destination>system/workplace/resources/filetypes/t3config.png</destination>
			<type>image</type>
			<uuidstructure>de77aca3-70d3-11e0-b894-5de1afb8a118</uuidstructure>
			<uuidresource>de77aca4-70d3-11e0-b894-5de1afb8a118</uuidresource>
			<datelastmodified>Wed, 27 Apr 2011 13:40:34 GMT</datelastmodified>
			<userlastmodified>Admin</userlastmodified>
			<datecreated>Wed, 27 Apr 2011 13:40:09 GMT</datecreated>
			<usercreated>Admin</usercreated>
			<flags>0</flags>
			<properties>
				<property type="shared">
					<name>image.size</name>
					<value><![CDATA[w:16,h:16]]></value>
				</property>
			</properties>
			<relations/>
			<accesscontrol/>
		</file>
		<file>
			<source>system/workplace/resources/filetypes/t3config_big.png</source>
			<destination>system/workplace/resources/filetypes/t3config_big.png</destination>
			<type>image</type>
			<uuidstructure>de8d3077-70d3-11e0-b894-5de1afb8a118</uuidstructure>
			<uuidresource>de8d3078-70d3-11e0-b894-5de1afb8a118</uuidresource>
			<datelastmodified>Wed, 27 Apr 2011 13:40:40 GMT</datelastmodified>
			<userlastmodified>Admin</userlastmodified>
			<datecreated>Wed, 27 Apr 2011 13:40:09 GMT</datecreated>
			<usercreated>Admin</usercreated>
			<flags>0</flags>
			<properties>
				<property type="shared">
					<name>image.size</name>
					<value><![CDATA[w:24,h:24]]></value>
				</property>
			</properties>
			<relations/>
			<accesscontrol/>
		</file>
		<file>
			<source>system/workplace/resources/filetypes/t3style.png</source>
			<destination>system/workplace/resources/filetypes/t3style.png</destination>
			<type>image</type>
			<uuidstructure>8be20e6d-6b23-11e0-a5b5-e363b206b5de</uuidstructure>
			<uuidresource>8be20e6e-6b23-11e0-a5b5-e363b206b5de</uuidresource>
			<datelastmodified>Wed, 27 Apr 2011 13:40:20 GMT</datelastmodified>
			<userlastmodified>Admin</userlastmodified>
			<datecreated>Wed, 20 Apr 2011 07:55:23 GMT</datecreated>
			<usercreated>Admin</usercreated>
			<flags>0</flags>
			<properties>
				<property type="shared">
					<name>image.size</name>
					<value><![CDATA[w:16,h:16]]></value>
				</property>
			</properties>
			<relations/>
			<accesscontrol/>
		</file>
		<file>
			<source>system/workplace/resources/filetypes/t3style_big.png</source>
			<destination>system/workplace/resources/filetypes/t3style_big.png</destination>
			<type>image</type>
			<uuidstructure>de91eb6b-70d3-11e0-b894-5de1afb8a118</uuidstructure>
			<uuidresource>de91eb6c-70d3-11e0-b894-5de1afb8a118</uuidresource>
			<datelastmodified>Wed, 27 Apr 2011 13:40:28 GMT</datelastmodified>
			<userlastmodified>Admin</userlastmodified>
			<datecreated>Wed, 27 Apr 2011 13:40:09 GMT</datecreated>
			<usercreated>Admin</usercreated>
			<flags>0</flags>
			<properties>
				<property type="shared">
					<name>image.size</name>
					<value><![CDATA[w:24,h:24]]></value>
				</property>
			</properties>
			<relations/>
			<accesscontrol/>
		</file>
	</files>
</export>
