<?xml version="1.0" encoding="UTF-8"?>

<export>
  <info>
    <creator>Admin</creator>
    <opencms_version>8.5.0</opencms_version>
    <createdate>Thu, 08 Dec 2011 08:18:34 GMT</createdate>
    <infoproject>Offline</infoproject>
    <export_version>7</export_version>
  </info>
  <module>
    <name>org.opencms.ade.publish</name>
    <nicename><![CDATA[OpenCms 8 ADE Publish]]></nicename>
    <group>OpenCms ADE</group>
    <class/>
    <description><![CDATA[<p>Gwt based publish dialog for OpenCms 8<p>
<p><i>(c) 2013 by Alkacon Software GmbH (http://www.alkacon.com).</i></p>]]></description>
    <version>8.5.2</version>
    <authorname/>
    <authoremail/>
    <datecreated/>
    <userinstalled/>
    <dateinstalled/>
    <dependencies>
      <dependency name="org.opencms.ade.config" version="8.5.0"/>
    </dependencies>
    <exportpoints>
      <exportpoint uri="/system/modules/org.opencms.ade.publish/resources/" destination="resources/ade/"/>
    </exportpoints>
    <resources>
      <resource uri="/system/modules/org.opencms.ade.publish/"/>
    </resources>
  </module>
  <files>
    <file>
      <destination>system</destination>
      <type>folder</type>
      <uuidstructure>f233e6a6-20e6-11e1-ac1d-4d6aceb32220</uuidstructure>
      <datelastmodified>Wed, 07 Dec 2011 15:20:07 GMT</datelastmodified>
      <userlastmodified>Admin</userlastmodified>
      <datecreated>Wed, 07 Dec 2011 15:20:07 GMT</datecreated>
      <usercreated>Admin</usercreated>
      <flags>0</flags>
      <properties/>
      <relations/>
      <accesscontrol>
        <accessentry>
          <uuidprincipal>ROLE.WORKPLACE_USER</uuidprincipal>
          <flags>514</flags>
          <permissionset>
            <allowed>1</allowed>
            <denied>0</denied>
          </permissionset>
        </accessentry>
      </accesscontrol>
    </file>
    <file>
      <destination>system/modules</destination>
      <type>folder</type>
      <uuidstructure>f2eb7712-20e6-11e1-ac1d-4d6aceb32220</uuidstructure>
      <datelastmodified>Wed, 07 Dec 2011 15:20:08 GMT</datelastmodified>
      <userlastmodified>Admin</userlastmodified>
      <datecreated>Wed, 07 Dec 2011 15:20:08 GMT</datecreated>
      <usercreated>Admin</usercreated>
      <flags>0</flags>
      <properties/>
      <relations/>
      <accesscontrol>
        <accessentry>
          <uuidprincipal>ROLE.WORKPLACE_USER</uuidprincipal>
          <flags>514</flags>
          <permissionset>
            <allowed>5</allowed>
            <denied>0</denied>
          </permissionset>
        </accessentry>
      </accesscontrol>
    </file>
    <file>
      <destination>system/modules/org.opencms.ade.publish</destination>
      <type>folder</type>
      <uuidstructure>f4a8034b-2174-11e1-a3f6-4d6aceb32220</uuidstructure>
      <datelastmodified>Thu, 08 Dec 2011 08:16:40 GMT</datelastmodified>
      <userlastmodified>Admin</userlastmodified>
      <datecreated>Thu, 08 Dec 2011 08:16:40 GMT</datecreated>
      <usercreated>Admin</usercreated>
      <flags>0</flags>
      <properties/>
      <relations/>
      <accesscontrol/>
    </file>
    <file>
      <source>system/modules/org.opencms.ade.publish/publish.jsp</source>
      <destination>system/modules/org.opencms.ade.publish/publish.jsp</destination>
      <type>jsp</type>
      <uuidstructure>26ada581-2175-11e1-a3f6-4d6aceb32220</uuidstructure>
      <uuidresource>26ada582-2175-11e1-a3f6-4d6aceb32220</uuidresource>
      <datelastmodified>Thu, 08 Dec 2011 08:18:04 GMT</datelastmodified>
      <userlastmodified>Admin</userlastmodified>
      <datecreated>Thu, 08 Dec 2011 08:18:04 GMT</datecreated>
      <usercreated>Admin</usercreated>
      <flags>0</flags>
      <properties>
        <property type="shared">
          <name>export</name>
          <value><![CDATA[false]]></value>
        </property>
        <property>
          <name>login-form</name>
          <value><![CDATA[/system/login/index.html]]></value>
        </property>
      </properties>
      <relations/>
      <accesscontrol>
        <accessentry>
          <uuidprincipal>ALL_OTHERS</uuidprincipal>
          <flags>132</flags>
          <permissionset>
            <allowed>0</allowed>
            <denied>0</denied>
          </permissionset>
        </accessentry>
      </accesscontrol>
    </file>
    <file>
      <destination>system/modules/org.opencms.ade.publish/resources</destination>
      <type>folder</type>
      <uuidstructure>11d83ded-2175-11e1-a3f6-4d6aceb32220</uuidstructure>
      <datelastmodified>Thu, 08 Dec 2011 08:17:29 GMT</datelastmodified>
      <userlastmodified>Admin</userlastmodified>
      <datecreated>Thu, 08 Dec 2011 08:17:29 GMT</datecreated>
      <usercreated>Admin</usercreated>
      <flags>0</flags>
      <properties/>
      <relations/>
      <accesscontrol/>
    </file>
    <file>
      <destination>system/modules/org.opencms.ade.publish/resources/publish</destination>
      <type>folder</type>
      <uuidstructure>19a8ab4f-2175-11e1-a3f6-4d6aceb32220</uuidstructure>
      <datelastmodified>Thu, 08 Dec 2011 08:17:42 GMT</datelastmodified>
      <userlastmodified>Admin</userlastmodified>
      <datecreated>Thu, 08 Dec 2011 08:17:42 GMT</datecreated>
      <usercreated>Admin</usercreated>
      <flags>0</flags>
      <properties/>
      <relations/>
      <accesscontrol/>
    </file>
    <file>
      <source>system/modules/org.opencms.ade.publish/resources/publish/clear.cache.gif</source>
      <destination>system/modules/org.opencms.ade.publish/resources/publish/clear.cache.gif</destination>
      <type>image</type>
      <uuidstructure>a3619b27-e895-11e2-9965-7ff65a341410</uuidstructure>
      <uuidresource>a361e948-e895-11e2-9965-7ff65a341410</uuidresource>
      <datelastmodified>Tue, 09 Jul 2013 12:46:56 GMT</datelastmodified>
      <userlastmodified>Admin</userlastmodified>
      <datecreated>Tue, 09 Jul 2013 12:46:56 GMT</datecreated>
      <usercreated>Admin</usercreated>
      <flags>0</flags>
      <properties/>
      <relations/>
      <accesscontrol/>
    </file>
    <file>
      <source>system/modules/org.opencms.ade.publish/resources/publish/1B09211DFAEB7CC2D1A10437DFA617A2.gwt.rpc</source>
      <destination>system/modules/org.opencms.ade.publish/resources/publish/1B09211DFAEB7CC2D1A10437DFA617A2.gwt.rpc</destination>
      <type>plain</type>
      <uuidstructure>a3636fe9-e895-11e2-9965-7ff65a341410</uuidstructure>
      <uuidresource>a36396fa-e895-11e2-9965-7ff65a341410</uuidresource>
      <datelastmodified>Tue, 09 Jul 2013 12:46:56 GMT</datelastmodified>
      <userlastmodified>Admin</userlastmodified>
      <datecreated>Tue, 09 Jul 2013 12:46:56 GMT</datecreated>
      <usercreated>Admin</usercreated>
      <flags>0</flags>
      <properties/>
      <relations/>
      <accesscontrol/>
    </file>
    <file>
      <source>system/modules/org.opencms.ade.publish/resources/publish/27246C8DD21072403777D9C61FEA16B7.gwt.rpc</source>
      <destination>system/modules/org.opencms.ade.publish/resources/publish/27246C8DD21072403777D9C61FEA16B7.gwt.rpc</destination>
      <type>plain</type>
      <uuidstructure>a365b9db-e895-11e2-9965-7ff65a341410</uuidstructure>
      <uuidresource>a3667d2c-e895-11e2-9965-7ff65a341410</uuidresource>
      <datelastmodified>Tue, 09 Jul 2013 12:46:56 GMT</datelastmodified>
      <userlastmodified>Admin</userlastmodified>
      <datecreated>Tue, 09 Jul 2013 12:46:56 GMT</datecreated>
      <usercreated>Admin</usercreated>
      <flags>0</flags>
      <properties/>
      <relations/>
      <accesscontrol/>
    </file>
    <file>
      <source>system/modules/org.opencms.ade.publish/resources/publish/F69226A51936C5137DF2A16A77876708.cache.html</source>
      <destination>system/modules/org.opencms.ade.publish/resources/publish/F69226A51936C5137DF2A16A77876708.cache.html</destination>
      <type>plain</type>
      <uuidstructure>a3698a6d-e895-11e2-9965-7ff65a341410</uuidstructure>
      <uuidresource>a36ac2ee-e895-11e2-9965-7ff65a341410</uuidresource>
      <datelastmodified>Tue, 09 Jul 2013 12:46:56 GMT</datelastmodified>
      <userlastmodified>Admin</userlastmodified>
      <datecreated>Tue, 09 Jul 2013 12:46:56 GMT</datecreated>
      <usercreated>Admin</usercreated>
      <flags>0</flags>
      <properties/>
      <relations/>
      <accesscontrol/>
    </file>
    <file>
      <source>system/modules/org.opencms.ade.publish/resources/publish/71520312F6948DFAF1B80EFD170CC499.cache.html</source>
      <destination>system/modules/org.opencms.ade.publish/resources/publish/71520312F6948DFAF1B80EFD170CC499.cache.html</destination>
      <type>plain</type>
      <uuidstructure>a36e455f-e895-11e2-9965-7ff65a341410</uuidstructure>
      <uuidresource>a36e6b70-e895-11e2-9965-7ff65a341410</uuidresource>
      <datelastmodified>Tue, 09 Jul 2013 12:46:56 GMT</datelastmodified>
      <userlastmodified>Admin</userlastmodified>
      <datecreated>Tue, 09 Jul 2013 12:46:56 GMT</datecreated>
      <usercreated>Admin</usercreated>
      <flags>0</flags>
      <properties/>
      <relations/>
      <accesscontrol/>
    </file>
    <file>
      <source>system/modules/org.opencms.ade.publish/resources/publish/A06B805873D10CCD2AA02BED4C019B6D.cache.html</source>
      <destination>system/modules/org.opencms.ade.publish/resources/publish/A06B805873D10CCD2AA02BED4C019B6D.cache.html</destination>
      <type>plain</type>
      <uuidstructure>a370dc71-e895-11e2-9965-7ff65a341410</uuidstructure>
      <uuidresource>a3710382-e895-11e2-9965-7ff65a341410</uuidresource>
      <datelastmodified>Tue, 09 Jul 2013 12:46:56 GMT</datelastmodified>
      <userlastmodified>Admin</userlastmodified>
      <datecreated>Tue, 09 Jul 2013 12:46:56 GMT</datecreated>
      <usercreated>Admin</usercreated>
      <flags>0</flags>
      <properties/>
      <relations/>
      <accesscontrol/>
    </file>
    <file>
      <source>system/modules/org.opencms.ade.publish/resources/publish/D3D105E08F12F2F7B3E1383B56C53EEA.cache.html</source>
      <destination>system/modules/org.opencms.ade.publish/resources/publish/D3D105E08F12F2F7B3E1383B56C53EEA.cache.html</destination>
      <type>plain</type>
      <uuidstructure>a3726313-e895-11e2-9965-7ff65a341410</uuidstructure>
      <uuidresource>a3728a24-e895-11e2-9965-7ff65a341410</uuidresource>
      <datelastmodified>Tue, 09 Jul 2013 12:46:56 GMT</datelastmodified>
      <userlastmodified>Admin</userlastmodified>
      <datecreated>Tue, 09 Jul 2013 12:46:56 GMT</datecreated>
      <usercreated>Admin</usercreated>
      <flags>0</flags>
      <properties/>
      <relations/>
      <accesscontrol/>
    </file>
    <file>
      <source>system/modules/org.opencms.ade.publish/resources/publish/19A5996BAD0743F67DB805F3EB8E3A33.cache.html</source>
      <destination>system/modules/org.opencms.ade.publish/resources/publish/19A5996BAD0743F67DB805F3EB8E3A33.cache.html</destination>
      <type>plain</type>
      <uuidstructure>a3745ee5-e895-11e2-9965-7ff65a341410</uuidstructure>
      <uuidresource>a3745ee6-e895-11e2-9965-7ff65a341410</uuidresource>
      <datelastmodified>Tue, 09 Jul 2013 12:46:56 GMT</datelastmodified>
      <userlastmodified>Admin</userlastmodified>
      <datecreated>Tue, 09 Jul 2013 12:46:56 GMT</datecreated>
      <usercreated>Admin</usercreated>
      <flags>0</flags>
      <properties/>
      <relations/>
      <accesscontrol/>
    </file>
    <file>
      <source>system/modules/org.opencms.ade.publish/resources/publish/hosted.html</source>
      <destination>system/modules/org.opencms.ade.publish/resources/publish/hosted.html</destination>
      <type>plain</type>
      <uuidstructure>a3774517-e895-11e2-9965-7ff65a341410</uuidstructure>
      <uuidresource>a3785688-e895-11e2-9965-7ff65a341410</uuidresource>
      <datelastmodified>Tue, 09 Jul 2013 12:46:56 GMT</datelastmodified>
      <userlastmodified>Admin</userlastmodified>
      <datecreated>Tue, 09 Jul 2013 12:46:56 GMT</datecreated>
      <usercreated>Admin</usercreated>
      <flags>0</flags>
      <properties/>
      <relations/>
      <accesscontrol/>
    </file>
    <file>
      <source>system/modules/org.opencms.ade.publish/resources/publish/publish.nocache.js</source>
      <destination>system/modules/org.opencms.ade.publish/resources/publish/publish.nocache.js</destination>
      <type>plain</type>
      <uuidstructure>a37c0009-e895-11e2-9965-7ff65a341410</uuidstructure>
      <uuidresource>a37d117a-e895-11e2-9965-7ff65a341410</uuidresource>
      <datelastmodified>Tue, 09 Jul 2013 12:46:56 GMT</datelastmodified>
      <userlastmodified>Admin</userlastmodified>
      <datecreated>Tue, 09 Jul 2013 12:46:56 GMT</datecreated>
      <usercreated>Admin</usercreated>
      <flags>0</flags>
      <properties/>
      <relations/>
      <accesscontrol/>
    </file>
    <file>
      <source>system/modules/org.opencms.ade.publish/resources/publish/614A8351A28C0A4378525F849533D3FF.gwt.rpc</source>
      <destination>system/modules/org.opencms.ade.publish/resources/publish/614A8351A28C0A4378525F849533D3FF.gwt.rpc</destination>
      <type>plain</type>
      <uuidstructure>a3885c1b-e895-11e2-9965-7ff65a341410</uuidstructure>
      <uuidresource>a388832c-e895-11e2-9965-7ff65a341410</uuidresource>
      <datelastmodified>Tue, 09 Jul 2013 12:46:56 GMT</datelastmodified>
      <userlastmodified>Admin</userlastmodified>
      <datecreated>Tue, 09 Jul 2013 12:46:56 GMT</datecreated>
      <usercreated>Admin</usercreated>
      <flags>0</flags>
      <properties/>
      <relations/>
      <accesscontrol/>
    </file>
    <file>
      <source>system/modules/org.opencms.ade.publish/resources/publish/417D700D877F5E7DCC8AE5DB200F7F2A.gwt.rpc</source>
      <destination>system/modules/org.opencms.ade.publish/resources/publish/417D700D877F5E7DCC8AE5DB200F7F2A.gwt.rpc</destination>
      <type>plain</type>
      <uuidstructure>a38db34d-e895-11e2-9965-7ff65a341410</uuidstructure>
      <uuidresource>a38dda5e-e895-11e2-9965-7ff65a341410</uuidresource>
      <datelastmodified>Tue, 09 Jul 2013 12:46:56 GMT</datelastmodified>
      <userlastmodified>Admin</userlastmodified>
      <datecreated>Tue, 09 Jul 2013 12:46:56 GMT</datecreated>
      <usercreated>Admin</usercreated>
      <flags>0</flags>
      <properties/>
      <relations/>
      <accesscontrol/>
    </file>
  </files>
</export>
