<?xml version="1.0" encoding="UTF-8"?>

<export>
	<info>
		<creator>Admin</creator>
		<opencms_version>8.5</opencms_version>
		<createdate>Tue, 28 Jun 2011 14:58:27 GMT</createdate>
		<infoproject>Offline</infoproject>
		<export_version>7</export_version>
	</info>
	<module>
		<name>com.alkacon.opencms.v8.login</name>
		<nicename><![CDATA[OpenCms 8 Login]]></nicename>
		<group>OpenCms 8 types</group>
		<class/>
		<description><![CDATA[This module provides a user login functionality to be used in the frontend.]]></description>
		<version>8.5.1</version>
		<authorname><![CDATA[Alkacon Software GmbH]]></authorname>
		<authoremail><![CDATA[sales@alkacon.com]]></authoremail>
		<datecreated/>
		<userinstalled/>
		<dateinstalled/>
		<dependencies>
			<dependency name="org.opencms.ade.config" version="8.0.0"/>
		</dependencies>
		<exportpoints>
			<exportpoint uri="/system/modules/com.alkacon.opencms.v8.login/classes/" destination="WEB-INF/classes/"/>
		</exportpoints>
		<resources>
			<resource uri="/system/modules/com.alkacon.opencms.v8.login/"/>
		</resources>
		<parameters/>
		<resourcetypes />
		<explorertypes />
	</module>
	<files>
		<file>
			<destination>system</destination>
			<type>folder</type>
			<uuidstructure>3f542e44-a172-11e0-9d54-8f2a539630cb</uuidstructure>
			<datelastmodified>Tue, 28 Jun 2011 10:34:48 GMT</datelastmodified>
			<userlastmodified>Admin</userlastmodified>
			<datecreated>Tue, 28 Jun 2011 10:34:48 GMT</datecreated>
			<usercreated>Admin</usercreated>
			<flags>0</flags>
			<properties/>
			<relations/>
			<accesscontrol>
				<accessentry>
					<uuidprincipal>ROLE.WORKPLACE_USER</uuidprincipal>
					<flags>514</flags>
					<permissionset>
						<allowed>1</allowed>
						<denied>0</denied>
					</permissionset>
				</accessentry>
			</accesscontrol>
		</file>
		<file>
			<destination>system/modules</destination>
			<type>folder</type>
			<uuidstructure>3fecc500-a172-11e0-9d54-8f2a539630cb</uuidstructure>
			<datelastmodified>Tue, 28 Jun 2011 10:34:49 GMT</datelastmodified>
			<userlastmodified>Admin</userlastmodified>
			<datecreated>Tue, 28 Jun 2011 10:34:49 GMT</datecreated>
			<usercreated>Admin</usercreated>
			<flags>0</flags>
			<properties/>
			<relations/>
			<accesscontrol>
				<accessentry>
					<uuidprincipal>ROLE.WORKPLACE_USER</uuidprincipal>
					<flags>514</flags>
					<permissionset>
						<allowed>5</allowed>
						<denied>0</denied>
					</permissionset>
				</accessentry>
			</accesscontrol>
		</file>
		<file>
			<destination>system/modules/com.alkacon.opencms.v8.login</destination>
			<type>folder</type>
			<uuidstructure>ed661ba2-70b8-11e0-ba21-91706a02fba1</uuidstructure>
			<datelastmodified>Wed, 27 Apr 2011 10:27:18 GMT</datelastmodified>
			<userlastmodified>Admin</userlastmodified>
			<datecreated>Wed, 27 Apr 2011 10:27:18 GMT</datecreated>
			<usercreated>Admin</usercreated>
			<flags>0</flags>
			<properties>
				<property>
					<name>locale</name>
					<value><![CDATA[en]]></value>
				</property>
				<property>
					<name>locale-available</name>
					<value><![CDATA[en]]></value>
				</property>
			</properties>
			<relations/>
			<accesscontrol/>
		</file>
		<file>
			<destination>system/modules/com.alkacon.opencms.v8.login/classes</destination>
			<type>folder</type>
			<uuidstructure>ed720288-70b8-11e0-ba21-91706a02fba1</uuidstructure>
			<datelastmodified>Wed, 27 Apr 2011 10:27:18 GMT</datelastmodified>
			<userlastmodified>Admin</userlastmodified>
			<datecreated>Wed, 27 Apr 2011 10:27:18 GMT</datecreated>
			<usercreated>Admin</usercreated>
			<flags>0</flags>
			<properties/>
			<relations/>
			<accesscontrol/>
		</file>
		<file>
			<destination>system/modules/com.alkacon.opencms.v8.login/classes/com</destination>
			<type>folder</type>
			<uuidstructure>ed74738a-70b8-11e0-ba21-91706a02fba1</uuidstructure>
			<datelastmodified>Wed, 27 Apr 2011 10:27:18 GMT</datelastmodified>
			<userlastmodified>Admin</userlastmodified>
			<datecreated>Wed, 27 Apr 2011 10:27:18 GMT</datecreated>
			<usercreated>Admin</usercreated>
			<flags>0</flags>
			<properties/>
			<relations/>
			<accesscontrol/>
		</file>
		<file>
			<destination>system/modules/com.alkacon.opencms.v8.login/classes/com/alkacon</destination>
			<type>folder</type>
			<uuidstructure>ed76bd7c-70b8-11e0-ba21-91706a02fba1</uuidstructure>
			<datelastmodified>Wed, 27 Apr 2011 10:27:18 GMT</datelastmodified>
			<userlastmodified>Admin</userlastmodified>
			<datecreated>Wed, 27 Apr 2011 10:27:18 GMT</datecreated>
			<usercreated>Admin</usercreated>
			<flags>0</flags>
			<properties/>
			<relations/>
			<accesscontrol/>
		</file>
		<file>
			<destination>system/modules/com.alkacon.opencms.v8.login/classes/com/alkacon/opencms</destination>
			<type>folder</type>
			<uuidstructure>ed792e7e-70b8-11e0-ba21-91706a02fba1</uuidstructure>
			<datelastmodified>Wed, 27 Apr 2011 10:27:18 GMT</datelastmodified>
			<userlastmodified>Admin</userlastmodified>
			<datecreated>Wed, 27 Apr 2011 10:27:18 GMT</datecreated>
			<usercreated>Admin</usercreated>
			<flags>0</flags>
			<properties/>
			<relations/>
			<accesscontrol/>
		</file>
		<file>
			<destination>system/modules/com.alkacon.opencms.v8.login/classes/com/alkacon/opencms/v8</destination>
			<type>folder</type>
			<uuidstructure>ed7de970-70b8-11e0-ba21-91706a02fba1</uuidstructure>
			<datelastmodified>Wed, 27 Apr 2011 10:27:18 GMT</datelastmodified>
			<userlastmodified>Admin</userlastmodified>
			<datecreated>Wed, 27 Apr 2011 10:27:18 GMT</datecreated>
			<usercreated>Admin</usercreated>
			<flags>0</flags>
			<properties/>
			<relations/>
			<accesscontrol/>
		</file>
		<file>
			<destination>system/modules/com.alkacon.opencms.v8.login/classes/com/alkacon/opencms/v8/login</destination>
			<type>folder</type>
			<uuidstructure>ed82a462-70b8-11e0-ba21-91706a02fba1</uuidstructure>
			<datelastmodified>Wed, 27 Apr 2011 10:27:18 GMT</datelastmodified>
			<userlastmodified>Admin</userlastmodified>
			<datecreated>Wed, 27 Apr 2011 10:27:18 GMT</datecreated>
			<usercreated>Admin</usercreated>
			<flags>0</flags>
			<properties/>
			<relations/>
			<accesscontrol/>
		</file>
		<file>
			<source>system/modules/com.alkacon.opencms.v8.login/classes/com/alkacon/opencms/v8/login/messages.properties</source>
			<destination>system/modules/com.alkacon.opencms.v8.login/classes/com/alkacon/opencms/v8/login/messages.properties</destination>
			<type>plain</type>
			<uuidstructure>29ee8d70-70c6-11e0-9d2c-91706a02fba1</uuidstructure>
			<uuidresource>1062c9bf-70c6-11e0-9d2c-91706a02fba1</uuidresource>
			<datelastmodified>Wed, 27 Apr 2011 13:12:49 GMT</datelastmodified>
			<userlastmodified>Admin</userlastmodified>
			<datecreated>Wed, 27 Apr 2011 12:01:20 GMT</datecreated>
			<usercreated>Admin</usercreated>
			<flags>0</flags>
			<properties/>
			<relations/>
			<accesscontrol/>
		</file>
		<file>
			<source>system/modules/com.alkacon.opencms.v8.login/classes/com/alkacon/opencms/v8/login/messages_de.properties</source>
			<destination>system/modules/com.alkacon.opencms.v8.login/classes/com/alkacon/opencms/v8/login/messages_de.properties</destination>
			<type>plain</type>
			<uuidstructure>04b4fb1c-70c6-11e0-9d2c-91706a02fba1</uuidstructure>
			<uuidresource>04b4fb1d-70c6-11e0-9d2c-91706a02fba1</uuidresource>
			<datelastmodified>Wed, 27 Apr 2011 13:12:57 GMT</datelastmodified>
			<userlastmodified>Admin</userlastmodified>
			<datecreated>Wed, 27 Apr 2011 12:01:00 GMT</datecreated>
			<usercreated>Admin</usercreated>
			<flags>0</flags>
			<properties/>
			<relations/>
			<accesscontrol/>
		</file>
		<file>
			<destination>system/modules/com.alkacon.opencms.v8.login/classes/com/alkacon/opencms/v8/login/messages_en.properties</destination>
			<type>plain</type>
			<uuidstructure>1062c9be-70c6-11e0-9d2c-91706a02fba1</uuidstructure>
			<uuidresource>1062c9bf-70c6-11e0-9d2c-91706a02fba1</uuidresource>
			<datelastmodified>Wed, 27 Apr 2011 13:12:49 GMT</datelastmodified>
			<userlastmodified>Admin</userlastmodified>
			<datecreated>Wed, 27 Apr 2011 12:01:20 GMT</datecreated>
			<usercreated>Admin</usercreated>
			<flags>0</flags>
			<properties/>
			<relations/>
			<accesscontrol/>
		</file>
		<file>
			<source>system/modules/com.alkacon.opencms.v8.login/classes/com/alkacon/opencms/v8/login/workplace.properties</source>
			<destination>system/modules/com.alkacon.opencms.v8.login/classes/com/alkacon/opencms/v8/login/workplace.properties</destination>
			<type>plain</type>
			<uuidstructure>fe6f56dc-70d1-11e0-b9eb-91706a02fba1</uuidstructure>
			<uuidresource>4c28b711-70d0-11e0-aafd-91706a02fba1</uuidresource>
			<datelastmodified>Wed, 27 Apr 2011 13:26:31 GMT</datelastmodified>
			<userlastmodified>Admin</userlastmodified>
			<datecreated>Wed, 27 Apr 2011 13:14:35 GMT</datecreated>
			<usercreated>Admin</usercreated>
			<flags>0</flags>
			<properties>
				<property>
					<name>content-encoding</name>
					<value><![CDATA[ISO-8859-1]]></value>
				</property>
			</properties>
			<relations/>
			<accesscontrol/>
		</file>
		<file>
			<source>system/modules/com.alkacon.opencms.v8.login/classes/com/alkacon/opencms/v8/login/workplace_de.properties</source>
			<destination>system/modules/com.alkacon.opencms.v8.login/classes/com/alkacon/opencms/v8/login/workplace_de.properties</destination>
			<type>plain</type>
			<uuidstructure>028e08bf-70bc-11e0-ba21-91706a02fba1</uuidstructure>
			<uuidresource>028e08c0-70bc-11e0-ba21-91706a02fba1</uuidresource>
			<datelastmodified>Wed, 27 Apr 2011 13:28:53 GMT</datelastmodified>
			<userlastmodified>Admin</userlastmodified>
			<datecreated>Wed, 27 Apr 2011 10:49:22 GMT</datecreated>
			<usercreated>Admin</usercreated>
			<flags>0</flags>
			<properties>
				<property>
					<name>content-encoding</name>
					<value><![CDATA[ISO-8859-1]]></value>
				</property>
			</properties>
			<relations/>
			<accesscontrol/>
		</file>
		<file>
			<destination>system/modules/com.alkacon.opencms.v8.login/classes/com/alkacon/opencms/v8/login/workplace_en.properties</destination>
			<type>plain</type>
			<uuidstructure>4c28b710-70d0-11e0-aafd-91706a02fba1</uuidstructure>
			<uuidresource>4c28b711-70d0-11e0-aafd-91706a02fba1</uuidresource>
			<datelastmodified>Wed, 27 Apr 2011 13:26:31 GMT</datelastmodified>
			<userlastmodified>Admin</userlastmodified>
			<datecreated>Wed, 27 Apr 2011 13:14:35 GMT</datecreated>
			<usercreated>Admin</usercreated>
			<flags>0</flags>
			<properties>
				<property>
					<name>content-encoding</name>
					<value><![CDATA[ISO-8859-1]]></value>
				</property>
			</properties>
			<relations/>
			<accesscontrol/>
		</file>
		<file>
			<destination>system/modules/com.alkacon.opencms.v8.login/pages</destination>
			<type>folder</type>
			<uuidstructure>ed6ad694-70b8-11e0-ba21-91706a02fba1</uuidstructure>
			<datelastmodified>Wed, 27 Apr 2011 10:27:18 GMT</datelastmodified>
			<userlastmodified>Admin</userlastmodified>
			<datecreated>Wed, 27 Apr 2011 10:27:18 GMT</datecreated>
			<usercreated>Admin</usercreated>
			<flags>0</flags>
			<properties/>
			<relations/>
			<accesscontrol/>
		</file>
		<file>
			<source>system/modules/com.alkacon.opencms.v8.login/pages/login.jsp</source>
			<destination>system/modules/com.alkacon.opencms.v8.login/pages/login.jsp</destination>
			<type>jsp</type>
			<uuidstructure>8eb3c1f9-70bd-11e0-9d2c-91706a02fba1</uuidstructure>
			<uuidresource>8eb3c1fa-70bd-11e0-9d2c-91706a02fba1</uuidresource>
			<datelastmodified>Thu, 28 Apr 2011 07:06:06 GMT</datelastmodified>
			<userlastmodified>Admin</userlastmodified>
			<datecreated>Wed, 27 Apr 2011 11:00:26 GMT</datecreated>
			<usercreated>Admin</usercreated>
			<flags>0</flags>
			<properties>
				<property type="shared">
					<name>export</name>
					<value><![CDATA[false]]></value>
				</property>
			</properties>
			<relations/>
			<accesscontrol/>
		</file>
	</files>
</export>
