<?xml version="1.0" encoding="UTF-8"?>

<export>
  <info>
    <creator>Admin</creator>
    <opencms_version>8.5.0</opencms_version>
    <createdate>Fri, 10 Feb 2012 10:42:28 GMT</createdate>
    <infoproject>Offline</infoproject>
    <export_version>7</export_version>
  </info>
  <module>
    <name>org.opencms.ade.contenteditor</name>
    <nicename><![CDATA[OpenCms 8 ADE Content Editor]]></nicename>
    <group>OpenCms ADE</group>
    <class/>
    <description><![CDATA[Editor for structured contents.<br>
<i>(c) 2013 by Alkacon Software GmbH (http://www.alkacon.com).</i>]]></description>
    <version>8.5.2</version>
    <authorname><![CDATA[Alkacon Software GmbH]]></authorname>
    <authoremail><![CDATA[sales@alkacon.com]]></authoremail>
    <datecreated/>
    <userinstalled/>
    <dateinstalled/>
    <dependencies>
      <dependency name="org.opencms.ade.config" version="8.5.0"/>
    </dependencies>
    <exportpoints>
      <exportpoint uri="/system/modules/org.opencms.ade.contenteditor/resources/" destination="resources/ade/"/>
    </exportpoints>
    <resources>
      <resource uri="/system/modules/org.opencms.ade.contenteditor/"/>
      <resource uri="/system/workplace/editors/acacia/"/>
    </resources>
  </module>
  <files>
    <file>
      <destination>system</destination>
      <type>folder</type>
      <uuidstructure>7f695f71-5232-11e1-b64b-e5cbe0b4d4f3</uuidstructure>
      <datelastmodified>Wed, 08 Feb 2012 08:54:23 GMT</datelastmodified>
      <userlastmodified>Admin</userlastmodified>
      <datecreated>Wed, 08 Feb 2012 08:54:23 GMT</datecreated>
      <usercreated>Admin</usercreated>
      <flags>0</flags>
      <properties/>
      <relations/>
      <accesscontrol>
        <accessentry>
          <uuidprincipal>ROLE.WORKPLACE_USER</uuidprincipal>
          <flags>514</flags>
          <permissionset>
            <allowed>1</allowed>
            <denied>0</denied>
          </permissionset>
        </accessentry>
      </accesscontrol>
    </file>
    <file>
      <destination>system/modules</destination>
      <type>folder</type>
      <uuidstructure>8009221d-5232-11e1-b64b-e5cbe0b4d4f3</uuidstructure>
      <datelastmodified>Wed, 08 Feb 2012 08:54:24 GMT</datelastmodified>
      <userlastmodified>Admin</userlastmodified>
      <datecreated>Wed, 08 Feb 2012 08:54:24 GMT</datecreated>
      <usercreated>Admin</usercreated>
      <flags>0</flags>
      <properties/>
      <relations/>
      <accesscontrol>
        <accessentry>
          <uuidprincipal>ROLE.WORKPLACE_USER</uuidprincipal>
          <flags>514</flags>
          <permissionset>
            <allowed>5</allowed>
            <denied>0</denied>
          </permissionset>
        </accessentry>
      </accesscontrol>
    </file>
    <file>
      <destination>system/modules/org.opencms.ade.contenteditor</destination>
      <type>folder</type>
      <uuidstructure>b7467827-53cf-11e1-af11-e5cbe0b4d4f3</uuidstructure>
      <datelastmodified>Fri, 10 Feb 2012 10:12:19 GMT</datelastmodified>
      <userlastmodified>Admin</userlastmodified>
      <datecreated>Fri, 10 Feb 2012 10:12:19 GMT</datecreated>
      <usercreated>Admin</usercreated>
      <flags>0</flags>
      <properties/>
      <relations/>
      <accesscontrol/>
    </file>
    <file>
      <source>system/modules/org.opencms.ade.contenteditor/contenteditor.jsp</source>
      <destination>system/modules/org.opencms.ade.contenteditor/contenteditor.jsp</destination>
      <type>jsp</type>
      <uuidstructure>b91dbe4b-53d1-11e1-af11-e5cbe0b4d4f3</uuidstructure>
      <uuidresource>b91dbe4c-53d1-11e1-af11-e5cbe0b4d4f3</uuidresource>
      <datelastmodified>Fri, 10 Feb 2012 10:26:41 GMT</datelastmodified>
      <userlastmodified>Admin</userlastmodified>
      <datecreated>Fri, 10 Feb 2012 10:26:41 GMT</datecreated>
      <usercreated>Admin</usercreated>
      <flags>0</flags>
      <properties>
        <property type="shared">
          <name>export</name>
          <value><![CDATA[false]]></value>
        </property>
      </properties>
      <relations/>
      <accesscontrol/>
    </file>
    <file>
      <destination>system/modules/org.opencms.ade.contenteditor/resources</destination>
      <type>folder</type>
      <uuidstructure>ce6d97e9-53cf-11e1-af11-e5cbe0b4d4f3</uuidstructure>
      <datelastmodified>Fri, 10 Feb 2012 10:12:58 GMT</datelastmodified>
      <userlastmodified>Admin</userlastmodified>
      <datecreated>Fri, 10 Feb 2012 10:12:58 GMT</datecreated>
      <usercreated>Admin</usercreated>
      <flags>0</flags>
      <properties/>
      <relations/>
      <accesscontrol/>
    </file>
    <file>
      <source>system/modules/org.opencms.ade.contenteditor/resources/org.opencms.ade.contenteditor.scripts.js</source>
      <destination>system/modules/org.opencms.ade.contenteditor/resources/org.opencms.ade.contenteditor.scripts.js</destination>
      <type>plain</type>
      <uuidstructure>4b7782dd-f057-11e1-b5f5-15b3be0b5948</uuidstructure>
      <uuidresource>4b7782de-f057-11e1-b5f5-15b3be0b5948</uuidresource>
      <datelastmodified>Mon, 27 Aug 2012 14:55:51 GMT</datelastmodified>
      <userlastmodified>Admin</userlastmodified>
      <datecreated>Mon, 27 Aug 2012 14:55:51 GMT</datecreated>
      <usercreated>Admin</usercreated>
      <flags>0</flags>
      <properties>
        <property>
          <name>Title</name>
          <value><![CDATA[org.opencms.ade.contenteditor.scripts]]></value>
        </property>
      </properties>
      <relations/>
      <accesscontrol/>
    </file>
    <file>
      <destination>system/modules/org.opencms.ade.contenteditor/resources/hallo</destination>
      <type>folder</type>
      <uuidstructure>c36bb571-8a09-11e1-ba9c-7f70c80a9ad8</uuidstructure>
      <datelastmodified>Thu, 19 Apr 2012 10:23:53 GMT</datelastmodified>
      <userlastmodified>Admin</userlastmodified>
      <datecreated>Thu, 19 Apr 2012 10:23:53 GMT</datecreated>
      <usercreated>Admin</usercreated>
      <flags>0</flags>
      <properties/>
      <relations/>
      <accesscontrol/>
    </file>
    <file>
      <source>system/modules/org.opencms.ade.contenteditor/resources/hallo/hallo.css</source>
      <destination>system/modules/org.opencms.ade.contenteditor/resources/hallo/hallo.css</destination>
      <type>plain</type>
      <uuidstructure>e8247f04-8a09-11e1-ba9c-7f70c80a9ad8</uuidstructure>
      <uuidresource>e8247f05-8a09-11e1-ba9c-7f70c80a9ad8</uuidresource>
      <datelastmodified>Thu, 19 Apr 2012 10:24:55 GMT</datelastmodified>
      <userlastmodified>Admin</userlastmodified>
      <datecreated>Thu, 19 Apr 2012 10:24:55 GMT</datecreated>
      <usercreated>Admin</usercreated>
      <flags>0</flags>
      <properties>
        <property>
          <name>Title</name>
          <value><![CDATA[hallo]]></value>
        </property>
      </properties>
      <relations/>
      <accesscontrol/>
    </file>
    <file>
      <destination>system/modules/org.opencms.ade.contenteditor/resources/hallo/fontawesome</destination>
      <type>folder</type>
      <uuidstructure>3018c0fb-8a0a-11e1-ba9c-7f70c80a9ad8</uuidstructure>
      <datelastmodified>Thu, 19 Apr 2012 10:26:55 GMT</datelastmodified>
      <userlastmodified>Admin</userlastmodified>
      <datecreated>Thu, 19 Apr 2012 10:26:55 GMT</datecreated>
      <usercreated>Admin</usercreated>
      <flags>0</flags>
      <properties/>
      <relations/>
      <accesscontrol/>
    </file>
    <file>
      <source>system/modules/org.opencms.ade.contenteditor/resources/hallo/fontawesome/README.md</source>
      <destination>system/modules/org.opencms.ade.contenteditor/resources/hallo/fontawesome/README.md</destination>
      <type>plain</type>
      <uuidstructure>3037bac3-8a0a-11e1-ba9c-7f70c80a9ad8</uuidstructure>
      <uuidresource>3037bac4-8a0a-11e1-ba9c-7f70c80a9ad8</uuidresource>
      <datelastmodified>Thu, 19 Apr 2012 10:26:56 GMT</datelastmodified>
      <userlastmodified>Admin</userlastmodified>
      <datecreated>Thu, 19 Apr 2012 10:26:56 GMT</datecreated>
      <usercreated>Admin</usercreated>
      <flags>0</flags>
      <properties>
        <property>
          <name>Title</name>
          <value><![CDATA[README]]></value>
        </property>
      </properties>
      <relations/>
      <accesscontrol/>
    </file>
    <file>
      <destination>system/modules/org.opencms.ade.contenteditor/resources/hallo/fontawesome/css</destination>
      <type>folder</type>
      <uuidstructure>301b0aed-8a0a-11e1-ba9c-7f70c80a9ad8</uuidstructure>
      <datelastmodified>Thu, 19 Apr 2012 10:26:55 GMT</datelastmodified>
      <userlastmodified>Admin</userlastmodified>
      <datecreated>Thu, 19 Apr 2012 10:26:55 GMT</datecreated>
      <usercreated>Admin</usercreated>
      <flags>0</flags>
      <properties/>
      <relations/>
      <accesscontrol/>
    </file>
    <file>
      <source>system/modules/org.opencms.ade.contenteditor/resources/hallo/fontawesome/css/font-awesome.css</source>
      <destination>system/modules/org.opencms.ade.contenteditor/resources/hallo/fontawesome/css/font-awesome.css</destination>
      <type>plain</type>
      <uuidstructure>301d7bef-8a0a-11e1-ba9c-7f70c80a9ad8</uuidstructure>
      <uuidresource>301d7bf0-8a0a-11e1-ba9c-7f70c80a9ad8</uuidresource>
      <datelastmodified>Thu, 19 Apr 2012 10:26:55 GMT</datelastmodified>
      <userlastmodified>Admin</userlastmodified>
      <datecreated>Thu, 19 Apr 2012 10:26:55 GMT</datecreated>
      <usercreated>Admin</usercreated>
      <flags>0</flags>
      <properties>
        <property>
          <name>Title</name>
          <value><![CDATA[font-awesome]]></value>
        </property>
      </properties>
      <relations/>
      <accesscontrol/>
    </file>
    <file>
      <destination>system/modules/org.opencms.ade.contenteditor/resources/hallo/fontawesome/font</destination>
      <type>folder</type>
      <uuidstructure>301fecf2-8a0a-11e1-ba9c-7f70c80a9ad8</uuidstructure>
      <datelastmodified>Thu, 19 Apr 2012 10:26:55 GMT</datelastmodified>
      <userlastmodified>Admin</userlastmodified>
      <datecreated>Thu, 19 Apr 2012 10:26:55 GMT</datecreated>
      <usercreated>Admin</usercreated>
      <flags>0</flags>
      <properties/>
      <relations/>
      <accesscontrol/>
    </file>
    <file>
      <source>system/modules/org.opencms.ade.contenteditor/resources/hallo/fontawesome/font/fontawesome-webfont.eot</source>
      <destination>system/modules/org.opencms.ade.contenteditor/resources/hallo/fontawesome/font/fontawesome-webfont.eot</destination>
      <type>plain</type>
      <uuidstructure>302236e4-8a0a-11e1-ba9c-7f70c80a9ad8</uuidstructure>
      <uuidresource>302236e5-8a0a-11e1-ba9c-7f70c80a9ad8</uuidresource>
      <datelastmodified>Thu, 19 Apr 2012 10:26:55 GMT</datelastmodified>
      <userlastmodified>Admin</userlastmodified>
      <datecreated>Thu, 19 Apr 2012 10:26:55 GMT</datecreated>
      <usercreated>Admin</usercreated>
      <flags>0</flags>
      <properties>
        <property>
          <name>Title</name>
          <value><![CDATA[fontawesome-webfont]]></value>
        </property>
      </properties>
      <relations/>
      <accesscontrol/>
    </file>
    <file>
      <source>system/modules/org.opencms.ade.contenteditor/resources/hallo/fontawesome/font/fontawesome-webfont.svg</source>
      <destination>system/modules/org.opencms.ade.contenteditor/resources/hallo/fontawesome/font/fontawesome-webfont.svg</destination>
      <type>plain</type>
      <uuidstructure>3026f1d7-8a0a-11e1-ba9c-7f70c80a9ad8</uuidstructure>
      <uuidresource>3026f1d8-8a0a-11e1-ba9c-7f70c80a9ad8</uuidresource>
      <datelastmodified>Thu, 19 Apr 2012 10:26:55 GMT</datelastmodified>
      <userlastmodified>Admin</userlastmodified>
      <datecreated>Thu, 19 Apr 2012 10:26:55 GMT</datecreated>
      <usercreated>Admin</usercreated>
      <flags>0</flags>
      <properties>
        <property>
          <name>Title</name>
          <value><![CDATA[fontawesome-webfont]]></value>
        </property>
      </properties>
      <relations/>
      <accesscontrol/>
    </file>
    <file>
      <source>system/modules/org.opencms.ade.contenteditor/resources/hallo/fontawesome/font/fontawesome-webfont.svgz</source>
      <destination>system/modules/org.opencms.ade.contenteditor/resources/hallo/fontawesome/font/fontawesome-webfont.svgz</destination>
      <type>plain</type>
      <uuidstructure>302bd3da-8a0a-11e1-ba9c-7f70c80a9ad8</uuidstructure>
      <uuidresource>302bd3db-8a0a-11e1-ba9c-7f70c80a9ad8</uuidresource>
      <datelastmodified>Thu, 19 Apr 2012 10:26:56 GMT</datelastmodified>
      <userlastmodified>Admin</userlastmodified>
      <datecreated>Thu, 19 Apr 2012 10:26:56 GMT</datecreated>
      <usercreated>Admin</usercreated>
      <flags>0</flags>
      <properties>
        <property>
          <name>Title</name>
          <value><![CDATA[fontawesome-webfont]]></value>
        </property>
      </properties>
      <relations/>
      <accesscontrol/>
    </file>
    <file>
      <source>system/modules/org.opencms.ade.contenteditor/resources/hallo/fontawesome/font/fontawesome-webfont.ttf</source>
      <destination>system/modules/org.opencms.ade.contenteditor/resources/hallo/fontawesome/font/fontawesome-webfont.ttf</destination>
      <type>plain</type>
      <uuidstructure>30308ecd-8a0a-11e1-ba9c-7f70c80a9ad8</uuidstructure>
      <uuidresource>30308ece-8a0a-11e1-ba9c-7f70c80a9ad8</uuidresource>
      <datelastmodified>Thu, 19 Apr 2012 10:26:56 GMT</datelastmodified>
      <userlastmodified>Admin</userlastmodified>
      <datecreated>Thu, 19 Apr 2012 10:26:56 GMT</datecreated>
      <usercreated>Admin</usercreated>
      <flags>0</flags>
      <properties>
        <property>
          <name>Title</name>
          <value><![CDATA[fontawesome-webfont]]></value>
        </property>
      </properties>
      <relations/>
      <accesscontrol/>
    </file>
    <file>
      <source>system/modules/org.opencms.ade.contenteditor/resources/hallo/fontawesome/font/fontawesome-webfont.woff</source>
      <destination>system/modules/org.opencms.ade.contenteditor/resources/hallo/fontawesome/font/fontawesome-webfont.woff</destination>
      <type>plain</type>
      <uuidstructure>3032ffd0-8a0a-11e1-ba9c-7f70c80a9ad8</uuidstructure>
      <uuidresource>3032ffd1-8a0a-11e1-ba9c-7f70c80a9ad8</uuidresource>
      <datelastmodified>Thu, 19 Apr 2012 10:26:56 GMT</datelastmodified>
      <userlastmodified>Admin</userlastmodified>
      <datecreated>Thu, 19 Apr 2012 10:26:56 GMT</datecreated>
      <usercreated>Admin</usercreated>
      <flags>0</flags>
      <properties>
        <property>
          <name>Title</name>
          <value><![CDATA[fontawesome-webfont]]></value>
        </property>
      </properties>
      <relations/>
      <accesscontrol/>
    </file>
    <file>
      <destination>system/modules/org.opencms.ade.contenteditor/resources/hallo/images</destination>
      <type>folder</type>
      <uuidstructure>303a04b6-8a0a-11e1-ba9c-7f70c80a9ad8</uuidstructure>
      <datelastmodified>Thu, 19 Apr 2012 10:26:56 GMT</datelastmodified>
      <userlastmodified>Admin</userlastmodified>
      <datecreated>Thu, 19 Apr 2012 10:26:56 GMT</datecreated>
      <usercreated>Admin</usercreated>
      <flags>0</flags>
      <properties/>
      <relations/>
      <accesscontrol/>
    </file>
    <file>
      <source>system/modules/org.opencms.ade.contenteditor/resources/hallo/images/arrow.png</source>
      <destination>system/modules/org.opencms.ade.contenteditor/resources/hallo/images/arrow.png</destination>
      <type>image</type>
      <uuidstructure>303ee6b8-8a0a-11e1-ba9c-7f70c80a9ad8</uuidstructure>
      <uuidresource>303ee6b9-8a0a-11e1-ba9c-7f70c80a9ad8</uuidresource>
      <datelastmodified>Thu, 19 Apr 2012 10:26:56 GMT</datelastmodified>
      <userlastmodified>Admin</userlastmodified>
      <datecreated>Thu, 19 Apr 2012 10:26:56 GMT</datecreated>
      <usercreated>Admin</usercreated>
      <flags>0</flags>
      <properties>
        <property>
          <name>Title</name>
          <value><![CDATA[arrow]]></value>
        </property>
        <property type="shared">
          <name>image.size</name>
          <value><![CDATA[w:18,h:8]]></value>
        </property>
      </properties>
      <relations/>
      <accesscontrol/>
    </file>
    <file>
      <source>system/modules/org.opencms.ade.contenteditor/resources/hallo/images/divider.png</source>
      <destination>system/modules/org.opencms.ade.contenteditor/resources/hallo/images/divider.png</destination>
      <type>image</type>
      <uuidstructure>304130ac-8a0a-11e1-ba9c-7f70c80a9ad8</uuidstructure>
      <uuidresource>304130ad-8a0a-11e1-ba9c-7f70c80a9ad8</uuidresource>
      <datelastmodified>Thu, 19 Apr 2012 10:26:56 GMT</datelastmodified>
      <userlastmodified>Admin</userlastmodified>
      <datecreated>Thu, 19 Apr 2012 10:26:56 GMT</datecreated>
      <usercreated>Admin</usercreated>
      <flags>0</flags>
      <properties>
        <property>
          <name>Title</name>
          <value><![CDATA[divider]]></value>
        </property>
        <property type="shared">
          <name>image.size</name>
          <value><![CDATA[w:2,h:26]]></value>
        </property>
      </properties>
      <relations/>
      <accesscontrol/>
    </file>
    <file>
      <source>system/modules/org.opencms.ade.contenteditor/resources/hallo/images/drop_left.png</source>
      <destination>system/modules/org.opencms.ade.contenteditor/resources/hallo/images/drop_left.png</destination>
      <type>image</type>
      <uuidstructure>304611b0-8a0a-11e1-ba9c-7f70c80a9ad8</uuidstructure>
      <uuidresource>304611b1-8a0a-11e1-ba9c-7f70c80a9ad8</uuidresource>
      <datelastmodified>Thu, 19 Apr 2012 10:26:56 GMT</datelastmodified>
      <userlastmodified>Admin</userlastmodified>
      <datecreated>Thu, 19 Apr 2012 10:26:56 GMT</datecreated>
      <usercreated>Admin</usercreated>
      <flags>0</flags>
      <properties>
        <property>
          <name>Title</name>
          <value><![CDATA[drop_left]]></value>
        </property>
        <property type="shared">
          <name>image.size</name>
          <value><![CDATA[w:51,h:95]]></value>
        </property>
      </properties>
      <relations/>
      <accesscontrol/>
    </file>
    <file>
      <source>system/modules/org.opencms.ade.contenteditor/resources/hallo/images/pager_arrows.png</source>
      <destination>system/modules/org.opencms.ade.contenteditor/resources/hallo/images/pager_arrows.png</destination>
      <type>image</type>
      <uuidstructure>304acca4-8a0a-11e1-ba9c-7f70c80a9ad8</uuidstructure>
      <uuidresource>304acca5-8a0a-11e1-ba9c-7f70c80a9ad8</uuidresource>
      <datelastmodified>Thu, 19 Apr 2012 10:26:56 GMT</datelastmodified>
      <userlastmodified>Admin</userlastmodified>
      <datecreated>Thu, 19 Apr 2012 10:26:56 GMT</datecreated>
      <usercreated>Admin</usercreated>
      <flags>0</flags>
      <properties>
        <property>
          <name>Title</name>
          <value><![CDATA[pager_arrows]]></value>
        </property>
        <property type="shared">
          <name>image.size</name>
          <value><![CDATA[w:37,h:45]]></value>
        </property>
      </properties>
      <relations/>
      <accesscontrol/>
    </file>
    <file>
      <source>system/modules/org.opencms.ade.contenteditor/resources/hallo/images/tabicon_search.png</source>
      <destination>system/modules/org.opencms.ade.contenteditor/resources/hallo/images/tabicon_search.png</destination>
      <type>image</type>
      <uuidstructure>304f8798-8a0a-11e1-ba9c-7f70c80a9ad8</uuidstructure>
      <uuidresource>304f8799-8a0a-11e1-ba9c-7f70c80a9ad8</uuidresource>
      <datelastmodified>Thu, 19 Apr 2012 10:26:56 GMT</datelastmodified>
      <userlastmodified>Admin</userlastmodified>
      <datecreated>Thu, 19 Apr 2012 10:26:56 GMT</datecreated>
      <usercreated>Admin</usercreated>
      <flags>0</flags>
      <properties>
        <property>
          <name>Title</name>
          <value><![CDATA[tabicon_search]]></value>
        </property>
        <property type="shared">
          <name>image.size</name>
          <value><![CDATA[w:16,h:16]]></value>
        </property>
      </properties>
      <relations/>
      <accesscontrol/>
    </file>
    <file>
      <source>system/modules/org.opencms.ade.contenteditor/resources/hallo/images/tabicon_suggestions.png</source>
      <destination>system/modules/org.opencms.ade.contenteditor/resources/hallo/images/tabicon_suggestions.png</destination>
      <type>image</type>
      <uuidstructure>3054428c-8a0a-11e1-ba9c-7f70c80a9ad8</uuidstructure>
      <uuidresource>3054428d-8a0a-11e1-ba9c-7f70c80a9ad8</uuidresource>
      <datelastmodified>Thu, 19 Apr 2012 10:26:56 GMT</datelastmodified>
      <userlastmodified>Admin</userlastmodified>
      <datecreated>Thu, 19 Apr 2012 10:26:56 GMT</datecreated>
      <usercreated>Admin</usercreated>
      <flags>0</flags>
      <properties>
        <property>
          <name>Title</name>
          <value><![CDATA[tabicon_suggestions]]></value>
        </property>
        <property type="shared">
          <name>image.size</name>
          <value><![CDATA[w:16,h:16]]></value>
        </property>
      </properties>
      <relations/>
      <accesscontrol/>
    </file>
    <file>
      <source>system/modules/org.opencms.ade.contenteditor/resources/hallo/images/tabicon_upload.png</source>
      <destination>system/modules/org.opencms.ade.contenteditor/resources/hallo/images/tabicon_upload.png</destination>
      <type>image</type>
      <uuidstructure>30592490-8a0a-11e1-ba9c-7f70c80a9ad8</uuidstructure>
      <uuidresource>30592491-8a0a-11e1-ba9c-7f70c80a9ad8</uuidresource>
      <datelastmodified>Thu, 19 Apr 2012 10:26:56 GMT</datelastmodified>
      <userlastmodified>Admin</userlastmodified>
      <datecreated>Thu, 19 Apr 2012 10:26:56 GMT</datecreated>
      <usercreated>Admin</usercreated>
      <flags>0</flags>
      <properties>
        <property>
          <name>Title</name>
          <value><![CDATA[tabicon_upload]]></value>
        </property>
        <property type="shared">
          <name>image.size</name>
          <value><![CDATA[w:16,h:16]]></value>
        </property>
      </properties>
      <relations/>
      <accesscontrol/>
    </file>
    <file>
      <source>system/modules/org.opencms.ade.contenteditor/resources/hallo/images/trash.png</source>
      <destination>system/modules/org.opencms.ade.contenteditor/resources/hallo/images/trash.png</destination>
      <type>image</type>
      <uuidstructure>305b6e84-8a0a-11e1-ba9c-7f70c80a9ad8</uuidstructure>
      <uuidresource>305b6e85-8a0a-11e1-ba9c-7f70c80a9ad8</uuidresource>
      <datelastmodified>Thu, 19 Apr 2012 10:26:56 GMT</datelastmodified>
      <userlastmodified>Admin</userlastmodified>
      <datecreated>Thu, 19 Apr 2012 10:26:56 GMT</datecreated>
      <usercreated>Admin</usercreated>
      <flags>0</flags>
      <properties>
        <property>
          <name>Title</name>
          <value><![CDATA[trash]]></value>
        </property>
        <property type="shared">
          <name>image.size</name>
          <value><![CDATA[w:25,h:25]]></value>
        </property>
      </properties>
      <relations/>
      <accesscontrol/>
    </file>
    <file>
      <destination>system/modules/org.opencms.ade.contenteditor/resources/jquery-ui-theme</destination>
      <type>folder</type>
      <uuidstructure>741c0590-f057-11e1-b5f5-15b3be0b5948</uuidstructure>
      <datelastmodified>Mon, 27 Aug 2012 14:56:59 GMT</datelastmodified>
      <userlastmodified>Admin</userlastmodified>
      <datecreated>Mon, 27 Aug 2012 14:56:59 GMT</datecreated>
      <usercreated>Admin</usercreated>
      <flags>0</flags>
      <properties/>
      <relations/>
      <accesscontrol/>
    </file>
    <file>
      <source>system/modules/org.opencms.ade.contenteditor/resources/jquery-ui-theme/jquery-ui-1.8.23.custom.css</source>
      <destination>system/modules/org.opencms.ade.contenteditor/resources/jquery-ui-theme/jquery-ui-1.8.23.custom.css</destination>
      <type>plain</type>
      <uuidstructure>7f59ad43-f057-11e1-b5f5-15b3be0b5948</uuidstructure>
      <uuidresource>7f59ad44-f057-11e1-b5f5-15b3be0b5948</uuidresource>
      <datelastmodified>Wed, 05 Sep 2012 14:15:38 GMT</datelastmodified>
      <userlastmodified>Admin</userlastmodified>
      <datecreated>Mon, 27 Aug 2012 14:57:18 GMT</datecreated>
      <usercreated>Admin</usercreated>
      <flags>0</flags>
      <properties>
        <property>
          <name>Title</name>
          <value><![CDATA[jquery-ui-1.8.23.custom]]></value>
        </property>
      </properties>
      <relations/>
      <accesscontrol/>
    </file>
    <file>
      <destination>system/modules/org.opencms.ade.contenteditor/resources/jquery-ui-theme/images</destination>
      <type>folder</type>
      <uuidstructure>8c20db26-f057-11e1-b5f5-15b3be0b5948</uuidstructure>
      <datelastmodified>Mon, 27 Aug 2012 14:57:40 GMT</datelastmodified>
      <userlastmodified>Admin</userlastmodified>
      <datecreated>Mon, 27 Aug 2012 14:57:40 GMT</datecreated>
      <usercreated>Admin</usercreated>
      <flags>0</flags>
      <properties/>
      <relations/>
      <accesscontrol/>
    </file>
    <file>
      <source>system/modules/org.opencms.ade.contenteditor/resources/jquery-ui-theme/images/ui-bg_flat_0_aaaaaa_40x100.png</source>
      <destination>system/modules/org.opencms.ade.contenteditor/resources/jquery-ui-theme/images/ui-bg_flat_0_aaaaaa_40x100.png</destination>
      <type>image</type>
      <uuidstructure>089f8e35-f764-11e1-895e-9d0ade2146a3</uuidstructure>
      <uuidresource>089f8e36-f764-11e1-895e-9d0ade2146a3</uuidresource>
      <datelastmodified>Wed, 05 Sep 2012 14:15:09 GMT</datelastmodified>
      <userlastmodified>Admin</userlastmodified>
      <datecreated>Wed, 05 Sep 2012 14:14:41 GMT</datecreated>
      <usercreated>Admin</usercreated>
      <flags>0</flags>
      <properties>
        <property>
          <name>Title</name>
          <value><![CDATA[ui-bg_flat_0_aaaaaa_40x100]]></value>
        </property>
        <property type="shared">
          <name>image.size</name>
          <value><![CDATA[w:40,h:100]]></value>
        </property>
      </properties>
      <relations/>
      <accesscontrol/>
    </file>
    <file>
      <source>system/modules/org.opencms.ade.contenteditor/resources/jquery-ui-theme/images/ui-bg_flat_75_ffffff_40x100.png</source>
      <destination>system/modules/org.opencms.ade.contenteditor/resources/jquery-ui-theme/images/ui-bg_flat_75_ffffff_40x100.png</destination>
      <type>image</type>
      <uuidstructure>08a44929-f764-11e1-895e-9d0ade2146a3</uuidstructure>
      <uuidresource>08a4492a-f764-11e1-895e-9d0ade2146a3</uuidresource>
      <datelastmodified>Wed, 05 Sep 2012 14:15:09 GMT</datelastmodified>
      <userlastmodified>Admin</userlastmodified>
      <datecreated>Wed, 05 Sep 2012 14:14:41 GMT</datecreated>
      <usercreated>Admin</usercreated>
      <flags>0</flags>
      <properties>
        <property>
          <name>Title</name>
          <value><![CDATA[ui-bg_flat_75_ffffff_40x100]]></value>
        </property>
        <property type="shared">
          <name>image.size</name>
          <value><![CDATA[w:40,h:100]]></value>
        </property>
      </properties>
      <relations/>
      <accesscontrol/>
    </file>
    <file>
      <source>system/modules/org.opencms.ade.contenteditor/resources/jquery-ui-theme/images/stateBackground.png</source>
      <destination>system/modules/org.opencms.ade.contenteditor/resources/jquery-ui-theme/images/stateBackground.png</destination>
      <type>image</type>
      <uuidstructure>08a9041d-f764-11e1-895e-9d0ade2146a3</uuidstructure>
      <uuidresource>08a9041e-f764-11e1-895e-9d0ade2146a3</uuidresource>
      <datelastmodified>Wed, 05 Sep 2012 14:15:09 GMT</datelastmodified>
      <userlastmodified>Admin</userlastmodified>
      <datecreated>Wed, 05 Sep 2012 14:14:41 GMT</datecreated>
      <usercreated>Admin</usercreated>
      <flags>0</flags>
      <properties>
        <property>
          <name>Title</name>
          <value><![CDATA[stateBackground]]></value>
        </property>
        <property type="shared">
          <name>image.size</name>
          <value><![CDATA[w:1,h:400]]></value>
        </property>
      </properties>
      <relations/>
      <accesscontrol/>
    </file>
    <file>
      <source>system/modules/org.opencms.ade.contenteditor/resources/jquery-ui-theme/images/ui-bg_glass_55_fbf9ee_1x400.png</source>
      <destination>system/modules/org.opencms.ade.contenteditor/resources/jquery-ui-theme/images/ui-bg_glass_55_fbf9ee_1x400.png</destination>
      <type>image</type>
      <uuidstructure>08ade621-f764-11e1-895e-9d0ade2146a3</uuidstructure>
      <uuidresource>08ade622-f764-11e1-895e-9d0ade2146a3</uuidresource>
      <datelastmodified>Wed, 05 Sep 2012 14:15:09 GMT</datelastmodified>
      <userlastmodified>Admin</userlastmodified>
      <datecreated>Wed, 05 Sep 2012 14:14:41 GMT</datecreated>
      <usercreated>Admin</usercreated>
      <flags>0</flags>
      <properties>
        <property>
          <name>Title</name>
          <value><![CDATA[ui-bg_glass_55_fbf9ee_1x400]]></value>
        </property>
        <property type="shared">
          <name>image.size</name>
          <value><![CDATA[w:1,h:400]]></value>
        </property>
      </properties>
      <relations/>
      <accesscontrol/>
    </file>
    <file>
      <source>system/modules/org.opencms.ade.contenteditor/resources/jquery-ui-theme/images/ui-bg_glass_95_fef1ec_1x400.png</source>
      <destination>system/modules/org.opencms.ade.contenteditor/resources/jquery-ui-theme/images/ui-bg_glass_95_fef1ec_1x400.png</destination>
      <type>image</type>
      <uuidstructure>1986cbc7-f764-11e1-895e-9d0ade2146a3</uuidstructure>
      <uuidresource>1986cbc8-f764-11e1-895e-9d0ade2146a3</uuidresource>
      <datelastmodified>Wed, 05 Sep 2012 14:15:09 GMT</datelastmodified>
      <userlastmodified>Admin</userlastmodified>
      <datecreated>Wed, 05 Sep 2012 14:15:09 GMT</datecreated>
      <usercreated>Admin</usercreated>
      <flags>0</flags>
      <properties>
        <property>
          <name>Title</name>
          <value><![CDATA[ui-bg_glass_95_fef1ec_1x400]]></value>
        </property>
        <property type="shared">
          <name>image.size</name>
          <value><![CDATA[w:1,h:400]]></value>
        </property>
      </properties>
      <relations/>
      <accesscontrol/>
    </file>
    <file>
      <source>system/modules/org.opencms.ade.contenteditor/resources/jquery-ui-theme/images/softBackground.png</source>
      <destination>system/modules/org.opencms.ade.contenteditor/resources/jquery-ui-theme/images/softBackground.png</destination>
      <type>image</type>
      <uuidstructure>19893ccb-f764-11e1-895e-9d0ade2146a3</uuidstructure>
      <uuidresource>19893ccc-f764-11e1-895e-9d0ade2146a3</uuidresource>
      <datelastmodified>Wed, 05 Sep 2012 14:15:09 GMT</datelastmodified>
      <userlastmodified>Admin</userlastmodified>
      <datecreated>Wed, 05 Sep 2012 14:15:09 GMT</datecreated>
      <usercreated>Admin</usercreated>
      <flags>0</flags>
      <properties>
        <property>
          <name>Title</name>
          <value><![CDATA[softBackground]]></value>
        </property>
        <property type="shared">
          <name>image.size</name>
          <value><![CDATA[w:1,h:100]]></value>
        </property>
      </properties>
      <relations/>
      <accesscontrol/>
    </file>
    <file>
      <source>system/modules/org.opencms.ade.contenteditor/resources/jquery-ui-theme/images/ui-bg_highlight-soft_75_cccccc_1x100.png</source>
      <destination>system/modules/org.opencms.ade.contenteditor/resources/jquery-ui-theme/images/ui-bg_highlight-soft_75_cccccc_1x100.png</destination>
      <type>image</type>
      <uuidstructure>198df7bf-f764-11e1-895e-9d0ade2146a3</uuidstructure>
      <uuidresource>198df7c0-f764-11e1-895e-9d0ade2146a3</uuidresource>
      <datelastmodified>Wed, 05 Sep 2012 14:15:09 GMT</datelastmodified>
      <userlastmodified>Admin</userlastmodified>
      <datecreated>Wed, 05 Sep 2012 14:15:09 GMT</datecreated>
      <usercreated>Admin</usercreated>
      <flags>0</flags>
      <properties>
        <property>
          <name>Title</name>
          <value><![CDATA[ui-bg_highlight-soft_75_cccccc_1x100]]></value>
        </property>
        <property type="shared">
          <name>image.size</name>
          <value><![CDATA[w:1,h:100]]></value>
        </property>
      </properties>
      <relations/>
      <accesscontrol/>
    </file>
    <file>
      <source>system/modules/org.opencms.ade.contenteditor/resources/jquery-ui-theme/images/ui-icons_222222_256x240.png</source>
      <destination>system/modules/org.opencms.ade.contenteditor/resources/jquery-ui-theme/images/ui-icons_222222_256x240.png</destination>
      <type>image</type>
      <uuidstructure>1992b2b3-f764-11e1-895e-9d0ade2146a3</uuidstructure>
      <uuidresource>1992b2b4-f764-11e1-895e-9d0ade2146a3</uuidresource>
      <datelastmodified>Wed, 05 Sep 2012 14:15:09 GMT</datelastmodified>
      <userlastmodified>Admin</userlastmodified>
      <datecreated>Wed, 05 Sep 2012 14:15:09 GMT</datecreated>
      <usercreated>Admin</usercreated>
      <flags>0</flags>
      <properties>
        <property>
          <name>Title</name>
          <value><![CDATA[ui-icons_222222_256x240]]></value>
        </property>
        <property type="shared">
          <name>image.size</name>
          <value><![CDATA[w:256,h:240]]></value>
        </property>
      </properties>
      <relations/>
      <accesscontrol/>
    </file>
    <file>
      <source>system/modules/org.opencms.ade.contenteditor/resources/jquery-ui-theme/images/ui-icons_2e83ff_256x240.png</source>
      <destination>system/modules/org.opencms.ade.contenteditor/resources/jquery-ui-theme/images/ui-icons_2e83ff_256x240.png</destination>
      <type>image</type>
      <uuidstructure>199794b7-f764-11e1-895e-9d0ade2146a3</uuidstructure>
      <uuidresource>199794b8-f764-11e1-895e-9d0ade2146a3</uuidresource>
      <datelastmodified>Wed, 05 Sep 2012 14:15:09 GMT</datelastmodified>
      <userlastmodified>Admin</userlastmodified>
      <datecreated>Wed, 05 Sep 2012 14:15:09 GMT</datecreated>
      <usercreated>Admin</usercreated>
      <flags>0</flags>
      <properties>
        <property>
          <name>Title</name>
          <value><![CDATA[ui-icons_2e83ff_256x240]]></value>
        </property>
        <property type="shared">
          <name>image.size</name>
          <value><![CDATA[w:256,h:240]]></value>
        </property>
      </properties>
      <relations/>
      <accesscontrol/>
    </file>
    <file>
      <source>system/modules/org.opencms.ade.contenteditor/resources/jquery-ui-theme/images/ui-icons_454545_256x240.png</source>
      <destination>system/modules/org.opencms.ade.contenteditor/resources/jquery-ui-theme/images/ui-icons_454545_256x240.png</destination>
      <type>image</type>
      <uuidstructure>199c4fab-f764-11e1-895e-9d0ade2146a3</uuidstructure>
      <uuidresource>199c4fac-f764-11e1-895e-9d0ade2146a3</uuidresource>
      <datelastmodified>Wed, 05 Sep 2012 14:15:09 GMT</datelastmodified>
      <userlastmodified>Admin</userlastmodified>
      <datecreated>Wed, 05 Sep 2012 14:15:09 GMT</datecreated>
      <usercreated>Admin</usercreated>
      <flags>0</flags>
      <properties>
        <property>
          <name>Title</name>
          <value><![CDATA[ui-icons_454545_256x240]]></value>
        </property>
        <property type="shared">
          <name>image.size</name>
          <value><![CDATA[w:256,h:240]]></value>
        </property>
      </properties>
      <relations/>
      <accesscontrol/>
    </file>
    <file>
      <source>system/modules/org.opencms.ade.contenteditor/resources/jquery-ui-theme/images/ui-icons_cd0a0a_256x240.png</source>
      <destination>system/modules/org.opencms.ade.contenteditor/resources/jquery-ui-theme/images/ui-icons_cd0a0a_256x240.png</destination>
      <type>image</type>
      <uuidstructure>19a10a9f-f764-11e1-895e-9d0ade2146a3</uuidstructure>
      <uuidresource>19a10aa0-f764-11e1-895e-9d0ade2146a3</uuidresource>
      <datelastmodified>Wed, 05 Sep 2012 14:15:09 GMT</datelastmodified>
      <userlastmodified>Admin</userlastmodified>
      <datecreated>Wed, 05 Sep 2012 14:15:09 GMT</datecreated>
      <usercreated>Admin</usercreated>
      <flags>0</flags>
      <properties>
        <property>
          <name>Title</name>
          <value><![CDATA[ui-icons_cd0a0a_256x240]]></value>
        </property>
        <property type="shared">
          <name>image.size</name>
          <value><![CDATA[w:256,h:240]]></value>
        </property>
      </properties>
      <relations/>
      <accesscontrol/>
    </file>
    <file>
      <destination>system/modules/org.opencms.ade.contenteditor/resources/contenteditor</destination>
      <type>folder</type>
      <uuidstructure>ce2722a1-53db-11e1-af11-e5cbe0b4d4f3</uuidstructure>
      <datelastmodified>Fri, 10 Feb 2012 11:38:51 GMT</datelastmodified>
      <userlastmodified>Admin</userlastmodified>
      <datecreated>Fri, 10 Feb 2012 11:38:51 GMT</datecreated>
      <usercreated>Admin</usercreated>
      <flags>0</flags>
      <properties/>
      <relations/>
      <accesscontrol/>
    </file>
    <file>
      <source>system/modules/org.opencms.ade.contenteditor/resources/contenteditor/clear.cache.gif</source>
      <destination>system/modules/org.opencms.ade.contenteditor/resources/contenteditor/clear.cache.gif</destination>
      <type>image</type>
      <uuidstructure>0410e9f9-e893-11e2-a1b8-3b018788cbfc</uuidstructure>
      <uuidresource>0411863a-e893-11e2-a1b8-3b018788cbfc</uuidresource>
      <datelastmodified>Tue, 09 Jul 2013 12:28:10 GMT</datelastmodified>
      <userlastmodified>Admin</userlastmodified>
      <datecreated>Tue, 09 Jul 2013 12:28:10 GMT</datecreated>
      <usercreated>Admin</usercreated>
      <flags>0</flags>
      <properties/>
      <relations/>
      <accesscontrol/>
    </file>
    <file>
      <source>system/modules/org.opencms.ade.contenteditor/resources/contenteditor/A33FFDDFC1B3D2BEB10541E5933C2360.cache.html</source>
      <destination>system/modules/org.opencms.ade.contenteditor/resources/contenteditor/A33FFDDFC1B3D2BEB10541E5933C2360.cache.html</destination>
      <type>plain</type>
      <uuidstructure>04188b1b-e893-11e2-a1b8-3b018788cbfc</uuidstructure>
      <uuidresource>0419004c-e893-11e2-a1b8-3b018788cbfc</uuidresource>
      <datelastmodified>Tue, 09 Jul 2013 12:28:10 GMT</datelastmodified>
      <userlastmodified>Admin</userlastmodified>
      <datecreated>Tue, 09 Jul 2013 12:28:10 GMT</datecreated>
      <usercreated>Admin</usercreated>
      <flags>0</flags>
      <properties/>
      <relations/>
      <accesscontrol/>
    </file>
    <file>
      <source>system/modules/org.opencms.ade.contenteditor/resources/contenteditor/EB87BB6FECFB4A3B429FC64BA404090C.gwt.rpc</source>
      <destination>system/modules/org.opencms.ade.contenteditor/resources/contenteditor/EB87BB6FECFB4A3B429FC64BA404090C.gwt.rpc</destination>
      <type>plain</type>
      <uuidstructure>041e577d-e893-11e2-a1b8-3b018788cbfc</uuidstructure>
      <uuidresource>041f68ee-e893-11e2-a1b8-3b018788cbfc</uuidresource>
      <datelastmodified>Tue, 09 Jul 2013 12:28:10 GMT</datelastmodified>
      <userlastmodified>Admin</userlastmodified>
      <datecreated>Tue, 09 Jul 2013 12:28:10 GMT</datecreated>
      <usercreated>Admin</usercreated>
      <flags>0</flags>
      <properties/>
      <relations/>
      <accesscontrol/>
    </file>
    <file>
      <source>system/modules/org.opencms.ade.contenteditor/resources/contenteditor/C289AFE3CC9CDADB99A0AB6F0D8AA8BC.gwt.rpc</source>
      <destination>system/modules/org.opencms.ade.contenteditor/resources/contenteditor/C289AFE3CC9CDADB99A0AB6F0D8AA8BC.gwt.rpc</destination>
      <type>plain</type>
      <uuidstructure>0429c92f-e893-11e2-a1b8-3b018788cbfc</uuidstructure>
      <uuidresource>042b28c0-e893-11e2-a1b8-3b018788cbfc</uuidresource>
      <datelastmodified>Tue, 09 Jul 2013 12:28:10 GMT</datelastmodified>
      <userlastmodified>Admin</userlastmodified>
      <datecreated>Tue, 09 Jul 2013 12:28:10 GMT</datecreated>
      <usercreated>Admin</usercreated>
      <flags>0</flags>
      <properties/>
      <relations/>
      <accesscontrol/>
    </file>
    <file>
      <source>system/modules/org.opencms.ade.contenteditor/resources/contenteditor/5134B68A54EF0AA02D7490A45E37C5B4.gwt.rpc</source>
      <destination>system/modules/org.opencms.ade.contenteditor/resources/contenteditor/5134B68A54EF0AA02D7490A45E37C5B4.gwt.rpc</destination>
      <type>plain</type>
      <uuidstructure>04336621-e893-11e2-a1b8-3b018788cbfc</uuidstructure>
      <uuidresource>04338d32-e893-11e2-a1b8-3b018788cbfc</uuidresource>
      <datelastmodified>Tue, 09 Jul 2013 12:28:10 GMT</datelastmodified>
      <userlastmodified>Admin</userlastmodified>
      <datecreated>Tue, 09 Jul 2013 12:28:10 GMT</datecreated>
      <usercreated>Admin</usercreated>
      <flags>0</flags>
      <properties/>
      <relations/>
      <accesscontrol/>
    </file>
    <file>
      <source>system/modules/org.opencms.ade.contenteditor/resources/contenteditor/735850D18C0EDDFA4DB930D3D677AF47.cache.html</source>
      <destination>system/modules/org.opencms.ade.contenteditor/resources/contenteditor/735850D18C0EDDFA4DB930D3D677AF47.cache.html</destination>
      <type>plain</type>
      <uuidstructure>0438bd53-e893-11e2-a1b8-3b018788cbfc</uuidstructure>
      <uuidresource>0438e464-e893-11e2-a1b8-3b018788cbfc</uuidresource>
      <datelastmodified>Tue, 09 Jul 2013 12:28:10 GMT</datelastmodified>
      <userlastmodified>Admin</userlastmodified>
      <datecreated>Tue, 09 Jul 2013 12:28:10 GMT</datecreated>
      <usercreated>Admin</usercreated>
      <flags>0</flags>
      <properties/>
      <relations/>
      <accesscontrol/>
    </file>
    <file>
      <source>system/modules/org.opencms.ade.contenteditor/resources/contenteditor/CAA394C2FA294B6F7278AAC5BA442038.gwt.rpc</source>
      <destination>system/modules/org.opencms.ade.contenteditor/resources/contenteditor/CAA394C2FA294B6F7278AAC5BA442038.gwt.rpc</destination>
      <type>plain</type>
      <uuidstructure>043b2e55-e893-11e2-a1b8-3b018788cbfc</uuidstructure>
      <uuidresource>043b7c76-e893-11e2-a1b8-3b018788cbfc</uuidresource>
      <datelastmodified>Tue, 09 Jul 2013 12:28:10 GMT</datelastmodified>
      <userlastmodified>Admin</userlastmodified>
      <datecreated>Tue, 09 Jul 2013 12:28:10 GMT</datecreated>
      <usercreated>Admin</usercreated>
      <flags>0</flags>
      <properties/>
      <relations/>
      <accesscontrol/>
    </file>
    <file>
      <source>system/modules/org.opencms.ade.contenteditor/resources/contenteditor/D1DDE319346FFFAB0EFA050E9ACD53E1.cache.html</source>
      <destination>system/modules/org.opencms.ade.contenteditor/resources/contenteditor/D1DDE319346FFFAB0EFA050E9ACD53E1.cache.html</destination>
      <type>plain</type>
      <uuidstructure>043e62a7-e893-11e2-a1b8-3b018788cbfc</uuidstructure>
      <uuidresource>043e89b8-e893-11e2-a1b8-3b018788cbfc</uuidresource>
      <datelastmodified>Tue, 09 Jul 2013 12:28:10 GMT</datelastmodified>
      <userlastmodified>Admin</userlastmodified>
      <datecreated>Tue, 09 Jul 2013 12:28:10 GMT</datecreated>
      <usercreated>Admin</usercreated>
      <flags>0</flags>
      <properties/>
      <relations/>
      <accesscontrol/>
    </file>
    <file>
      <source>system/modules/org.opencms.ade.contenteditor/resources/contenteditor/031A6F1E5A38D44EAB79EB08892444CC.cache.html</source>
      <destination>system/modules/org.opencms.ade.contenteditor/resources/contenteditor/031A6F1E5A38D44EAB79EB08892444CC.cache.html</destination>
      <type>plain</type>
      <uuidstructure>0442a869-e893-11e2-a1b8-3b018788cbfc</uuidstructure>
      <uuidresource>0442a86a-e893-11e2-a1b8-3b018788cbfc</uuidresource>
      <datelastmodified>Tue, 09 Jul 2013 12:28:10 GMT</datelastmodified>
      <userlastmodified>Admin</userlastmodified>
      <datecreated>Tue, 09 Jul 2013 12:28:10 GMT</datecreated>
      <usercreated>Admin</usercreated>
      <flags>0</flags>
      <properties/>
      <relations/>
      <accesscontrol/>
    </file>
    <file>
      <source>system/modules/org.opencms.ade.contenteditor/resources/contenteditor/hosted.html</source>
      <destination>system/modules/org.opencms.ade.contenteditor/resources/contenteditor/hosted.html</destination>
      <type>plain</type>
      <uuidstructure>04447d2b-e893-11e2-a1b8-3b018788cbfc</uuidstructure>
      <uuidresource>044603cc-e893-11e2-a1b8-3b018788cbfc</uuidresource>
      <datelastmodified>Tue, 09 Jul 2013 12:28:10 GMT</datelastmodified>
      <userlastmodified>Admin</userlastmodified>
      <datecreated>Tue, 09 Jul 2013 12:28:10 GMT</datecreated>
      <usercreated>Admin</usercreated>
      <flags>0</flags>
      <properties/>
      <relations/>
      <accesscontrol/>
    </file>
    <file>
      <source>system/modules/org.opencms.ade.contenteditor/resources/contenteditor/65B22523B8946A6D344AF2FEB3A3D3D0.gwt.rpc</source>
      <destination>system/modules/org.opencms.ade.contenteditor/resources/contenteditor/65B22523B8946A6D344AF2FEB3A3D3D0.gwt.rpc</destination>
      <type>plain</type>
      <uuidstructure>0449381d-e893-11e2-a1b8-3b018788cbfc</uuidstructure>
      <uuidresource>04495f2e-e893-11e2-a1b8-3b018788cbfc</uuidresource>
      <datelastmodified>Tue, 09 Jul 2013 12:28:10 GMT</datelastmodified>
      <userlastmodified>Admin</userlastmodified>
      <datecreated>Tue, 09 Jul 2013 12:28:10 GMT</datecreated>
      <usercreated>Admin</usercreated>
      <flags>0</flags>
      <properties/>
      <relations/>
      <accesscontrol/>
    </file>
    <file>
      <source>system/modules/org.opencms.ade.contenteditor/resources/contenteditor/614A8351A28C0A4378525F849533D3FF.gwt.rpc</source>
      <destination>system/modules/org.opencms.ade.contenteditor/resources/contenteditor/614A8351A28C0A4378525F849533D3FF.gwt.rpc</destination>
      <type>plain</type>
      <uuidstructure>044c455f-e893-11e2-a1b8-3b018788cbfc</uuidstructure>
      <uuidresource>044c4560-e893-11e2-a1b8-3b018788cbfc</uuidresource>
      <datelastmodified>Tue, 09 Jul 2013 12:28:10 GMT</datelastmodified>
      <userlastmodified>Admin</userlastmodified>
      <datecreated>Tue, 09 Jul 2013 12:28:10 GMT</datecreated>
      <usercreated>Admin</usercreated>
      <flags>0</flags>
      <properties/>
      <relations/>
      <accesscontrol/>
    </file>
    <file>
      <source>system/modules/org.opencms.ade.contenteditor/resources/contenteditor/4B8D9106ACF6EFDE4283CF5AA01C6767.cache.html</source>
      <destination>system/modules/org.opencms.ade.contenteditor/resources/contenteditor/4B8D9106ACF6EFDE4283CF5AA01C6767.cache.html</destination>
      <type>plain</type>
      <uuidstructure>04506411-e893-11e2-a1b8-3b018788cbfc</uuidstructure>
      <uuidresource>04508b22-e893-11e2-a1b8-3b018788cbfc</uuidresource>
      <datelastmodified>Tue, 09 Jul 2013 12:28:10 GMT</datelastmodified>
      <userlastmodified>Admin</userlastmodified>
      <datecreated>Tue, 09 Jul 2013 12:28:10 GMT</datecreated>
      <usercreated>Admin</usercreated>
      <flags>0</flags>
      <properties/>
      <relations/>
      <accesscontrol/>
    </file>
    <file>
      <source>system/modules/org.opencms.ade.contenteditor/resources/contenteditor/2E6E6ED02D590FFA81B089DA9C2173E7.gwt.rpc</source>
      <destination>system/modules/org.opencms.ade.contenteditor/resources/contenteditor/2E6E6ED02D590FFA81B089DA9C2173E7.gwt.rpc</destination>
      <type>plain</type>
      <uuidstructure>0452fc23-e893-11e2-a1b8-3b018788cbfc</uuidstructure>
      <uuidresource>0452fc24-e893-11e2-a1b8-3b018788cbfc</uuidresource>
      <datelastmodified>Tue, 09 Jul 2013 12:28:10 GMT</datelastmodified>
      <userlastmodified>Admin</userlastmodified>
      <datecreated>Tue, 09 Jul 2013 12:28:10 GMT</datecreated>
      <usercreated>Admin</usercreated>
      <flags>0</flags>
      <properties/>
      <relations/>
      <accesscontrol/>
    </file>
    <file>
      <source>system/modules/org.opencms.ade.contenteditor/resources/contenteditor/contenteditor.nocache.js</source>
      <destination>system/modules/org.opencms.ade.contenteditor/resources/contenteditor/contenteditor.nocache.js</destination>
      <type>plain</type>
      <uuidstructure>04540d95-e893-11e2-a1b8-3b018788cbfc</uuidstructure>
      <uuidresource>04540d96-e893-11e2-a1b8-3b018788cbfc</uuidresource>
      <datelastmodified>Tue, 09 Jul 2013 12:28:10 GMT</datelastmodified>
      <userlastmodified>Admin</userlastmodified>
      <datecreated>Tue, 09 Jul 2013 12:28:10 GMT</datecreated>
      <usercreated>Admin</usercreated>
      <flags>0</flags>
      <properties/>
      <relations/>
      <accesscontrol/>
    </file>
    <file>
      <destination>system/workplace</destination>
      <type>folder</type>
      <uuidstructure>6dbd9558-8db6-11e0-972f-8f51174189b7</uuidstructure>
      <datelastmodified>Mon, 27 Mar 2006 12:00:00 GMT</datelastmodified>
      <userlastmodified>Admin</userlastmodified>
      <datecreated>Mon, 27 Jun 2005 08:00:00 GMT</datecreated>
      <usercreated>Admin</usercreated>
      <flags>0</flags>
      <properties>
        <property>
          <name>content-encoding</name>
          <value><![CDATA[UTF-8]]></value>
        </property>
        <property>
          <name>export</name>
          <value><![CDATA[false]]></value>
        </property>
        <property>
          <name>login-form</name>
          <value><![CDATA[/system/login/index.html]]></value>
        </property>
      </properties>
      <relations/>
      <accesscontrol>
        <accessentry>
          <uuidprincipal>ALL_OTHERS</uuidprincipal>
          <flags>134</flags>
          <permissionset>
            <allowed>0</allowed>
            <denied>0</denied>
          </permissionset>
        </accessentry>
        <accessentry>
          <uuidprincipal>ROLE.WORKPLACE_USER</uuidprincipal>
          <flags>518</flags>
          <permissionset>
            <allowed>5</allowed>
            <denied>0</denied>
          </permissionset>
        </accessentry>
      </accesscontrol>
    </file>
    <file>
      <destination>system/workplace/editors</destination>
      <type>folder</type>
      <uuidstructure>896ef88a-11b7-11db-91cd-fdbae480bac9</uuidstructure>
      <datelastmodified>Mon, 27 Mar 2006 12:00:00 GMT</datelastmodified>
      <userlastmodified>Admin</userlastmodified>
      <datecreated>Mon, 27 Jun 2005 08:00:00 GMT</datecreated>
      <usercreated>Admin</usercreated>
      <flags>0</flags>
      <properties>
        <property>
          <name>cache</name>
          <value><![CDATA[false]]></value>
        </property>
      </properties>
      <relations/>
      <accesscontrol/>
    </file>
    <file>
      <destination>system/workplace/editors/acacia</destination>
      <type>folder</type>
      <uuidstructure>ad2766c6-991c-11e1-a85e-d138de4a8c16</uuidstructure>
      <datelastmodified>Tue, 08 May 2012 14:47:25 GMT</datelastmodified>
      <userlastmodified>Admin</userlastmodified>
      <datecreated>Tue, 08 May 2012 14:47:04 GMT</datecreated>
      <usercreated>Admin</usercreated>
      <flags>0</flags>
      <properties>
        <property>
          <name>Title</name>
          <value><![CDATA[Acacia Editor]]></value>
        </property>
      </properties>
      <relations/>
      <accesscontrol/>
    </file>
    <file>
      <destination>system/workplace/editors/acacia/editor.jsp</destination>
      <type>jsp</type>
      <uuidstructure>caf4cbc9-991c-11e1-a85e-d138de4a8c16</uuidstructure>
      <uuidresource>b91dbe4c-53d1-11e1-af11-e5cbe0b4d4f3</uuidresource>
      <datelastmodified>Fri, 10 Feb 2012 10:26:41 GMT</datelastmodified>
      <userlastmodified>Admin</userlastmodified>
      <datecreated>Fri, 10 Feb 2012 10:26:41 GMT</datecreated>
      <usercreated>Admin</usercreated>
      <flags>0</flags>
      <properties>
        <property type="shared">
          <name>export</name>
          <value><![CDATA[false]]></value>
        </property>
      </properties>
      <relations/>
      <accesscontrol/>
    </file>
    <file>
      <source>system/workplace/editors/acacia/editor_configuration.xml</source>
      <destination>system/workplace/editors/acacia/editor_configuration.xml</destination>
      <type>plain</type>
      <uuidstructure>07ab3efc-991d-11e1-a85e-d138de4a8c16</uuidstructure>
      <uuidresource>07ab3efd-991d-11e1-a85e-d138de4a8c16</uuidresource>
      <datelastmodified>Wed, 09 May 2012 08:16:57 GMT</datelastmodified>
      <userlastmodified>Admin</userlastmodified>
      <datecreated>Tue, 08 May 2012 14:49:35 GMT</datecreated>
      <usercreated>Admin</usercreated>
      <flags>0</flags>
      <properties/>
      <relations/>
      <accesscontrol/>
    </file>
  </files>
</export>
