<?xml version="1.0" encoding="ISO-8859-1"?>
<editor>
	<label>CodeMirror</label>
	<resourcetypes>
		<type>
			<name>plain</name>
			<ranking>20</ranking>
		</type>
		<type>
			<name>jsp</name>
			<ranking>20</ranking>
			<mapto>plain</mapto>
		</type>
        <type>
			<name>containerpage_template</name>
			<ranking>20</ranking>
			<mapto>plain</mapto>
		</type>
	</resourcetypes>
	<useragents>
		<agent>^Mozilla/[45]\.0 \(compatible; MSIE .*\)$</agent> 
		<agent>^Mozilla/5\.0 \(.*\) Gecko/20\d* .*$</agent>
		<agent>^Mozilla/5\.0 \(.*\) Gecko/\d+\.\d+ .*$</agent> 
		<agent>^Mozilla/5\.0 \(.*\).*Chrome.*$</agent>
		<agent>^Mozilla/5\.0 \(.*\).*Safari.*$</agent>
		<agent>^Opera/9\..*\(.*\).*Presto.*$</agent>
	</useragents>
</editor>