<?xml version="1.0" encoding="UTF-8"?>

<export>
  <info>
    <creator>Admin</creator>
    <opencms_version>8.5.0</opencms_version>
    <createdate>Mon, 09 Jul 2012 08:33:01 GMT</createdate>
    <infoproject>Offline</infoproject>
    <export_version>7</export_version>
  </info>
  <module>
    <name>org.opencms.ade.postupload</name>
    <nicename><![CDATA[OpenCms 8 post-upload dialog]]></nicename>
    <group>OpenCms ADE</group>
    <class/>
    <description><![CDATA[This module provides a dialog for editing the configured default properties of a file after uploading it.<br>
<i>(c) 2013 by Alkacon Software GmbH (http://www.alkacon.com).</i>]]></description>
    <version>8.5.2</version>
    <authorname/>
    <authoremail/>
    <datecreated/>
    <userinstalled/>
    <dateinstalled/>
    <dependencies>
      <dependency name="org.opencms.ade.config" version="8.5.0"/>
    </dependencies>
    <exportpoints>
      <exportpoint uri="/system/modules/org.opencms.ade.postupload/resources/" destination="resources/ade/"/>
    </exportpoints>
    <resources>
      <resource uri="/system/modules/org.opencms.ade.postupload/"/>
    </resources>
  </module>
  <files>
    <file>
      <destination>system</destination>
      <type>folder</type>
      <uuidstructure>a3a72feb-a0f5-11e1-b4cc-9d057d88828d</uuidstructure>
      <datelastmodified>Fri, 18 May 2012 14:27:47 GMT</datelastmodified>
      <userlastmodified>Admin</userlastmodified>
      <datecreated>Fri, 18 May 2012 14:27:47 GMT</datecreated>
      <usercreated>Admin</usercreated>
      <flags>0</flags>
      <properties/>
      <relations/>
      <accesscontrol>
        <accessentry>
          <uuidprincipal>ROLE.WORKPLACE_USER</uuidprincipal>
          <flags>514</flags>
          <permissionset>
            <allowed>1</allowed>
            <denied>0</denied>
          </permissionset>
        </accessentry>
      </accesscontrol>
    </file>
    <file>
      <destination>system/modules</destination>
      <type>folder</type>
      <uuidstructure>a49a68c7-a0f5-11e1-b4cc-9d057d88828d</uuidstructure>
      <datelastmodified>Fri, 18 May 2012 14:27:48 GMT</datelastmodified>
      <userlastmodified>Admin</userlastmodified>
      <datecreated>Fri, 18 May 2012 14:27:48 GMT</datecreated>
      <usercreated>Admin</usercreated>
      <flags>0</flags>
      <properties/>
      <relations/>
      <accesscontrol>
        <accessentry>
          <uuidprincipal>ROLE.WORKPLACE_USER</uuidprincipal>
          <flags>514</flags>
          <permissionset>
            <allowed>5</allowed>
            <denied>0</denied>
          </permissionset>
        </accessentry>
      </accesscontrol>
    </file>
    <file>
      <destination>system/modules/org.opencms.ade.postupload</destination>
      <type>folder</type>
      <uuidstructure>09fc5e87-c4e3-11e1-8bdc-9d057d88828d</uuidstructure>
      <datelastmodified>Tue, 03 Jul 2012 07:45:20 GMT</datelastmodified>
      <userlastmodified>Admin</userlastmodified>
      <datecreated>Tue, 03 Jul 2012 07:45:20 GMT</datecreated>
      <usercreated>Admin</usercreated>
      <flags>0</flags>
      <properties/>
      <relations/>
      <accesscontrol/>
    </file>
    <file>
      <destination>system/modules/org.opencms.ade.postupload/pages</destination>
      <type>folder</type>
      <uuidstructure>62821ccb-c4e3-11e1-8bdc-9d057d88828d</uuidstructure>
      <datelastmodified>Tue, 03 Jul 2012 07:47:48 GMT</datelastmodified>
      <userlastmodified>Admin</userlastmodified>
      <datecreated>Tue, 03 Jul 2012 07:47:48 GMT</datecreated>
      <usercreated>Admin</usercreated>
      <flags>0</flags>
      <properties/>
      <relations/>
      <accesscontrol/>
    </file>
    <file>
      <source>system/modules/org.opencms.ade.postupload/pages/postupload.jsp</source>
      <destination>system/modules/org.opencms.ade.postupload/pages/postupload.jsp</destination>
      <type>jsp</type>
      <uuidstructure>8b5d8dfd-c4e3-11e1-8bdc-9d057d88828d</uuidstructure>
      <uuidresource>8b5d8dfe-c4e3-11e1-8bdc-9d057d88828d</uuidresource>
      <datelastmodified>Tue, 03 Jul 2012 07:50:38 GMT</datelastmodified>
      <userlastmodified>Admin</userlastmodified>
      <datecreated>Tue, 03 Jul 2012 07:48:57 GMT</datecreated>
      <usercreated>Admin</usercreated>
      <flags>0</flags>
      <properties>
        <property type="shared">
          <name>export</name>
          <value><![CDATA[false]]></value>
        </property>
      </properties>
      <relations/>
      <accesscontrol/>
    </file>
    <file>
      <source>system/modules/org.opencms.ade.postupload/pages/postupload_useconfig.jsp</source>
      <destination>system/modules/org.opencms.ade.postupload/pages/postupload_useconfig.jsp</destination>
      <type>jsp</type>
      <uuidstructure>ea643811-375c-4b14-ad4c-3df748f88ea2</uuidstructure>
      <uuidresource>f782375a-1c07-4a01-ba1b-64595e157658</uuidresource>
      <datelastmodified>Tue, 03 Jul 2012 07:50:38 GMT</datelastmodified>
      <userlastmodified>Admin</userlastmodified>
      <datecreated>Tue, 03 Jul 2012 07:48:57 GMT</datecreated>
      <usercreated>Admin</usercreated>
      <flags>0</flags>
      <properties>
        <property type="shared">
          <name>export</name>
          <value><![CDATA[false]]></value>
        </property>
      </properties>
      <relations/>
      <accesscontrol/>
    </file>
    <file>
      <destination>system/modules/org.opencms.ade.postupload/resources</destination>
      <type>folder</type>
      <uuidstructure>17e66189-c4e3-11e1-8bdc-9d057d88828d</uuidstructure>
      <datelastmodified>Tue, 03 Jul 2012 07:45:43 GMT</datelastmodified>
      <userlastmodified>Admin</userlastmodified>
      <datecreated>Tue, 03 Jul 2012 07:45:43 GMT</datecreated>
      <usercreated>Admin</usercreated>
      <flags>0</flags>
      <properties/>
      <relations/>
      <accesscontrol/>
    </file>
    <file>
      <destination>system/modules/org.opencms.ade.postupload/resources/postupload</destination>
      <type>folder</type>
      <uuidstructure>aebaff9b-6026-4609-be22-60d19c195638</uuidstructure>
      <datelastmodified>Tue, 03 Jul 2012 07:45:43 GMT</datelastmodified>
      <userlastmodified>Admin</userlastmodified>
      <datecreated>Tue, 03 Jul 2012 07:45:43 GMT</datecreated>
      <usercreated>Admin</usercreated>
      <flags>0</flags>
      <properties/>
      <relations/>
      <accesscontrol/>
    </file>
    <file>
      <source>system/modules/org.opencms.ade.postupload/resources/postupload/clear.cache.gif</source>
      <destination>system/modules/org.opencms.ade.postupload/resources/postupload/clear.cache.gif</destination>
      <type>image</type>
      <uuidstructure>bc3d1696-e894-11e2-b259-eba08a8842b7</uuidstructure>
      <uuidresource>bc3d3da7-e894-11e2-b259-eba08a8842b7</uuidresource>
      <datelastmodified>Tue, 09 Jul 2013 12:40:28 GMT</datelastmodified>
      <userlastmodified>Admin</userlastmodified>
      <datecreated>Tue, 09 Jul 2013 12:40:28 GMT</datecreated>
      <usercreated>Admin</usercreated>
      <flags>0</flags>
      <properties/>
      <relations/>
      <accesscontrol/>
    </file>
    <file>
      <source>system/modules/org.opencms.ade.postupload/resources/postupload/1B09211DFAEB7CC2D1A10437DFA617A2.gwt.rpc</source>
      <destination>system/modules/org.opencms.ade.postupload/resources/postupload/1B09211DFAEB7CC2D1A10437DFA617A2.gwt.rpc</destination>
      <type>plain</type>
      <uuidstructure>bc3eeb58-e894-11e2-b259-eba08a8842b7</uuidstructure>
      <uuidresource>bc3f1269-e894-11e2-b259-eba08a8842b7</uuidresource>
      <datelastmodified>Tue, 09 Jul 2013 12:40:28 GMT</datelastmodified>
      <userlastmodified>Admin</userlastmodified>
      <datecreated>Tue, 09 Jul 2013 12:40:28 GMT</datecreated>
      <usercreated>Admin</usercreated>
      <flags>0</flags>
      <properties/>
      <relations/>
      <accesscontrol/>
    </file>
    <file>
      <source>system/modules/org.opencms.ade.postupload/resources/postupload/CE236F5697907263D2B2F6B87B8E3B05.cache.html</source>
      <destination>system/modules/org.opencms.ade.postupload/resources/postupload/CE236F5697907263D2B2F6B87B8E3B05.cache.html</destination>
      <type>plain</type>
      <uuidstructure>bc41354a-e894-11e2-b259-eba08a8842b7</uuidstructure>
      <uuidresource>bc421fab-e894-11e2-b259-eba08a8842b7</uuidresource>
      <datelastmodified>Tue, 09 Jul 2013 12:40:28 GMT</datelastmodified>
      <userlastmodified>Admin</userlastmodified>
      <datecreated>Tue, 09 Jul 2013 12:40:28 GMT</datecreated>
      <usercreated>Admin</usercreated>
      <flags>0</flags>
      <properties/>
      <relations/>
      <accesscontrol/>
    </file>
    <file>
      <source>system/modules/org.opencms.ade.postupload/resources/postupload/2B89A430988E6C4D079D903D04FD6882.cache.html</source>
      <destination>system/modules/org.opencms.ade.postupload/resources/postupload/2B89A430988E6C4D079D903D04FD6882.cache.html</destination>
      <type>plain</type>
      <uuidstructure>bc4490ac-e894-11e2-b259-eba08a8842b7</uuidstructure>
      <uuidresource>bc4728bd-e894-11e2-b259-eba08a8842b7</uuidresource>
      <datelastmodified>Tue, 09 Jul 2013 12:40:28 GMT</datelastmodified>
      <userlastmodified>Admin</userlastmodified>
      <datecreated>Tue, 09 Jul 2013 12:40:28 GMT</datecreated>
      <usercreated>Admin</usercreated>
      <flags>0</flags>
      <properties/>
      <relations/>
      <accesscontrol/>
    </file>
    <file>
      <source>system/modules/org.opencms.ade.postupload/resources/postupload/hosted.html</source>
      <destination>system/modules/org.opencms.ade.postupload/resources/postupload/hosted.html</destination>
      <type>plain</type>
      <uuidstructure>bc4972ae-e894-11e2-b259-eba08a8842b7</uuidstructure>
      <uuidresource>bc4a0eef-e894-11e2-b259-eba08a8842b7</uuidresource>
      <datelastmodified>Tue, 09 Jul 2013 12:40:28 GMT</datelastmodified>
      <userlastmodified>Admin</userlastmodified>
      <datecreated>Tue, 09 Jul 2013 12:40:28 GMT</datecreated>
      <usercreated>Admin</usercreated>
      <flags>0</flags>
      <properties/>
      <relations/>
      <accesscontrol/>
    </file>
    <file>
      <source>system/modules/org.opencms.ade.postupload/resources/postupload/22E06ECC3E7B4C2A51AFD2ACE98C9E79.cache.html</source>
      <destination>system/modules/org.opencms.ade.postupload/resources/postupload/22E06ECC3E7B4C2A51AFD2ACE98C9E79.cache.html</destination>
      <type>plain</type>
      <uuidstructure>bc4b6e80-e894-11e2-b259-eba08a8842b7</uuidstructure>
      <uuidresource>bc4b6e81-e894-11e2-b259-eba08a8842b7</uuidresource>
      <datelastmodified>Tue, 09 Jul 2013 12:40:28 GMT</datelastmodified>
      <userlastmodified>Admin</userlastmodified>
      <datecreated>Tue, 09 Jul 2013 12:40:28 GMT</datecreated>
      <usercreated>Admin</usercreated>
      <flags>0</flags>
      <properties/>
      <relations/>
      <accesscontrol/>
    </file>
    <file>
      <source>system/modules/org.opencms.ade.postupload/resources/postupload/3FCE59B737D9DF96E1BF42C99E07906E.cache.html</source>
      <destination>system/modules/org.opencms.ade.postupload/resources/postupload/3FCE59B737D9DF96E1BF42C99E07906E.cache.html</destination>
      <type>plain</type>
      <uuidstructure>bc4cce12-e894-11e2-b259-eba08a8842b7</uuidstructure>
      <uuidresource>bc4cf523-e894-11e2-b259-eba08a8842b7</uuidresource>
      <datelastmodified>Tue, 09 Jul 2013 12:40:28 GMT</datelastmodified>
      <userlastmodified>Admin</userlastmodified>
      <datecreated>Tue, 09 Jul 2013 12:40:28 GMT</datecreated>
      <usercreated>Admin</usercreated>
      <flags>0</flags>
      <properties/>
      <relations/>
      <accesscontrol/>
    </file>
    <file>
      <source>system/modules/org.opencms.ade.postupload/resources/postupload/614A8351A28C0A4378525F849533D3FF.gwt.rpc</source>
      <destination>system/modules/org.opencms.ade.postupload/resources/postupload/614A8351A28C0A4378525F849533D3FF.gwt.rpc</destination>
      <type>plain</type>
      <uuidstructure>bc4ea2d4-e894-11e2-b259-eba08a8842b7</uuidstructure>
      <uuidresource>bc4ec9e5-e894-11e2-b259-eba08a8842b7</uuidresource>
      <datelastmodified>Tue, 09 Jul 2013 12:40:28 GMT</datelastmodified>
      <userlastmodified>Admin</userlastmodified>
      <datecreated>Tue, 09 Jul 2013 12:40:28 GMT</datecreated>
      <usercreated>Admin</usercreated>
      <flags>0</flags>
      <properties/>
      <relations/>
      <accesscontrol/>
    </file>
    <file>
      <source>system/modules/org.opencms.ade.postupload/resources/postupload/postupload.nocache.js</source>
      <destination>system/modules/org.opencms.ade.postupload/resources/postupload/postupload.nocache.js</destination>
      <type>plain</type>
      <uuidstructure>bc52c186-e894-11e2-b259-eba08a8842b7</uuidstructure>
      <uuidresource>bc52c187-e894-11e2-b259-eba08a8842b7</uuidresource>
      <datelastmodified>Tue, 09 Jul 2013 12:40:28 GMT</datelastmodified>
      <userlastmodified>Admin</userlastmodified>
      <datecreated>Tue, 09 Jul 2013 12:40:28 GMT</datecreated>
      <usercreated>Admin</usercreated>
      <flags>0</flags>
      <properties/>
      <relations/>
      <accesscontrol/>
    </file>
    <file>
      <source>system/modules/org.opencms.ade.postupload/resources/postupload/1E602334036C41BD1BFEDF9D2D77F587.gwt.rpc</source>
      <destination>system/modules/org.opencms.ade.postupload/resources/postupload/1E602334036C41BD1BFEDF9D2D77F587.gwt.rpc</destination>
      <type>plain</type>
      <uuidstructure>bc57f1a8-e894-11e2-b259-eba08a8842b7</uuidstructure>
      <uuidresource>bc595139-e894-11e2-b259-eba08a8842b7</uuidresource>
      <datelastmodified>Tue, 09 Jul 2013 12:40:28 GMT</datelastmodified>
      <userlastmodified>Admin</userlastmodified>
      <datecreated>Tue, 09 Jul 2013 12:40:28 GMT</datecreated>
      <usercreated>Admin</usercreated>
      <flags>0</flags>
      <properties/>
      <relations/>
      <accesscontrol/>
    </file>
    <file>
      <source>system/modules/org.opencms.ade.postupload/resources/postupload/AB1B8CD4A67CD993E973D768718BF302.cache.html</source>
      <destination>system/modules/org.opencms.ade.postupload/resources/postupload/AB1B8CD4A67CD993E973D768718BF302.cache.html</destination>
      <type>plain</type>
      <uuidstructure>bc5ef68a-e894-11e2-b259-eba08a8842b7</uuidstructure>
      <uuidresource>bc5f1d9b-e894-11e2-b259-eba08a8842b7</uuidresource>
      <datelastmodified>Tue, 09 Jul 2013 12:40:28 GMT</datelastmodified>
      <userlastmodified>Admin</userlastmodified>
      <datecreated>Tue, 09 Jul 2013 12:40:28 GMT</datecreated>
      <usercreated>Admin</usercreated>
      <flags>0</flags>
      <properties/>
      <relations/>
      <accesscontrol/>
    </file>
    <file>
      <source>system/modules/org.opencms.ade.postupload/resources/postupload/417D700D877F5E7DCC8AE5DB200F7F2A.gwt.rpc</source>
      <destination>system/modules/org.opencms.ade.postupload/resources/postupload/417D700D877F5E7DCC8AE5DB200F7F2A.gwt.rpc</destination>
      <type>plain</type>
      <uuidstructure>bc63635c-e894-11e2-b259-eba08a8842b7</uuidstructure>
      <uuidresource>bc63b17d-e894-11e2-b259-eba08a8842b7</uuidresource>
      <datelastmodified>Tue, 09 Jul 2013 12:40:28 GMT</datelastmodified>
      <userlastmodified>Admin</userlastmodified>
      <datecreated>Tue, 09 Jul 2013 12:40:28 GMT</datecreated>
      <usercreated>Admin</usercreated>
      <flags>0</flags>
      <properties/>
      <relations/>
      <accesscontrol/>
    </file>
  </files>
</export>
