<?xml version="1.0" encoding="UTF-8"?>

<export>
	<info>
		<creator>Admin</creator>
		<opencms_version>8.5.2</opencms_version>
		<createdate>Wed, 06 Feb 2013 15:53:26 GMT</createdate>
		<infoproject>Offline</infoproject>
		<export_version>7</export_version>
	</info>
	<module>
		<name>org.opencms.welcome</name>
		<nicename><![CDATA[OpenCms 8 Welcome page and release notes]]></nicename>
		<group>OpenCms Release Notes</group>
		<class/>
		<description><![CDATA[<p>This module contains the OpenCms welcome page and release notes.</p>
<p>Install this module as a simple demonstration for the template capabilities of OpenCms 8.5.</p>
<p><strong>Note:</strong> Deleting this module will remove the "/release" folder and all pages there.</p>
<p><i>(c) 2013 by Alkacon Software GmbH (http://www.alkacon.com).</i></p>]]></description>
		<version>8.5.2</version>
		<authorname><![CDATA[Alkacon Software GmbH]]></authorname>
		<authoremail><![CDATA[sales@alkacon.com]]></authoremail>
		<datecreated>Mon, 27 Jun 2005 08:00:00 GMT</datecreated>
		<userinstalled/>
		<dateinstalled/>
		<dependencies>
			<dependency name="com.alkacon.opencms.v8.template3" version="8.0.0"/>
			<dependency name="com.alkacon.opencms.v8.textblock" version="8.5.0"/>
			<dependency name="com.alkacon.opencms.v8.template3.demo" version="8.5.0"/>
		</dependencies>
		<exportpoints/>
		<resources>
			<resource uri="/system/modules/org.opencms.welcome/"/>
			<resource uri="/index.html"/>
			<resource uri="/release/"/>
			<resource uri="/welcome/"/>
		</resources>
		<parameters/>
	</module>
	<files>
		<file>
			<destination>release</destination>
			<type>subsitemap</type>
			<uuidstructure>3f6dc54d-7712-11e0-bfd0-1797e684fbbe</uuidstructure>
			<datelastmodified>Tue, 18 Sep 2012 13:31:18 GMT</datelastmodified>
			<userlastmodified>Admin</userlastmodified>
			<datecreated>Thu, 05 May 2011 12:21:47 GMT</datecreated>
			<usercreated>Admin</usercreated>
			<flags>0</flags>
			<properties>
				<property>
					<name>NavPos</name>
					<value><![CDATA[2.0]]></value>
				</property>
				<property>
					<name>NavText</name>
					<value><![CDATA[Release Notes]]></value>
				</property>
				<property>
					<name>Title</name>
					<value><![CDATA[OpenCms release notes and welcome pages]]></value>
				</property>
				<property>
					<name>default-file</name>
					<value><![CDATA[##navigation_level_folder##]]></value>
				</property>
				<property>
					<name>export</name>
					<value><![CDATA[false]]></value>
				</property>
				<property>
					<name>locale</name>
					<value><![CDATA[en]]></value>
				</property>
				<property>
					<name>style.columns</name>
					<value><![CDATA[2]]></value>
				</property>
				<property>
					<name>style.layout</name>
					<value><![CDATA[/release/.content/style]]></value>
				</property>
				<property>
					<name>template</name>
					<value><![CDATA[/system/modules/com.alkacon.opencms.v8.template3/templates/main.jsp]]></value>
				</property>
			</properties>
			<relations/>
			<accesscontrol/>
		</file>
		<file>
			<source>release/index.html</source>
			<destination>release/index.html</destination>
			<type>htmlredirect</type>
			<uuidstructure>30cc41bd-77c5-11e0-be13-000c2972a6a4</uuidstructure>
			<uuidresource>30cc41be-77c5-11e0-be13-000c2972a6a4</uuidresource>
			<datelastmodified>Tue, 18 Sep 2012 13:32:28 GMT</datelastmodified>
			<userlastmodified>Admin</userlastmodified>
			<datecreated>Fri, 06 May 2011 09:42:43 GMT</datecreated>
			<usercreated>Admin</usercreated>
			<flags>0</flags>
			<properties>
				<property>
					<name>Title</name>
					<value><![CDATA[Redirect to current release notes]]></value>
				</property>
				<property>
					<name>search.exclude</name>
					<value><![CDATA[all]]></value>
				</property>
				<property type="shared">
					<name>template-elements</name>
					<value><![CDATA[/system/modules/org.opencms.ade.sitemap/pages/redirect-detail.jsp]]></value>
				</property>
			</properties>
			<relations/>
			<accesscontrol/>
		</file>
		<file>
			<source>release/welcome.jsp</source>
			<destination>release/welcome.jsp</destination>
			<type>jsp</type>
			<uuidstructure>c8d5c415-77c5-11e0-be13-000c2972a6a4</uuidstructure>
			<uuidresource>c8d5c416-77c5-11e0-be13-000c2972a6a4</uuidresource>
			<datelastmodified>Tue, 16 Aug 2011 09:37:07 GMT</datelastmodified>
			<userlastmodified>Admin</userlastmodified>
			<datecreated>Fri, 06 May 2011 09:46:58 GMT</datecreated>
			<usercreated>Admin</usercreated>
			<flags>512</flags>
			<properties>
				<property>
					<name>Title</name>
					<value><![CDATA[Welcome JSP code]]></value>
				</property>
				<property>
					<name>cache</name>
					<value><![CDATA[uri;user]]></value>
				</property>
				<property type="shared">
					<name>export</name>
					<value><![CDATA[false]]></value>
				</property>
			</properties>
			<relations/>
			<accesscontrol/>
		</file>
		<file>
			<destination>release/.content</destination>
			<type>content_folder</type>
			<uuidstructure>39938abe-a19e-11e0-b12f-df452125cf28</uuidstructure>
			<datelastmodified>Wed, 29 Jun 2011 10:52:14 GMT</datelastmodified>
			<userlastmodified>Admin</userlastmodified>
			<datecreated>Tue, 28 Jun 2011 15:49:36 GMT</datecreated>
			<usercreated>Admin</usercreated>
			<flags>0</flags>
			<properties>
				<property>
					<name>Title</name>
					<value><![CDATA[Container contents]]></value>
				</property>
			</properties>
			<relations/>
			<accesscontrol/>
		</file>
		<file>
			<source>release/.content/.config</source>
			<destination>release/.content/.config</destination>
			<type>sitemap_config</type>
			<uuidstructure>2c5f1ac8-a223-11e0-9253-df452125cf28</uuidstructure>
			<uuidresource>2c5f1ac9-a223-11e0-9253-df452125cf28</uuidresource>
			<datelastmodified>Mon, 10 Sep 2012 15:14:19 GMT</datelastmodified>
			<userlastmodified>Admin</userlastmodified>
			<datecreated>Wed, 29 Jun 2011 07:41:17 GMT</datecreated>
			<usercreated>Admin</usercreated>
			<flags>0</flags>
			<properties>
				<property>
					<name>search.exclude</name>
					<value><![CDATA[all]]></value>
				</property>
			</properties>
			<relations/>
			<accesscontrol/>
		</file>
		<file>
			<source>release/.content/style</source>
			<destination>release/.content/style</destination>
			<type>t3style</type>
			<uuidstructure>bc02dd24-a237-11e0-97c1-df452125cf28</uuidstructure>
			<uuidresource>bc02dd25-a237-11e0-97c1-df452125cf28</uuidresource>
			<datelastmodified>Wed, 29 Jun 2011 10:19:16 GMT</datelastmodified>
			<userlastmodified>Admin</userlastmodified>
			<datecreated>Wed, 29 Jun 2011 10:08:28 GMT</datecreated>
			<usercreated>Admin</usercreated>
			<flags>0</flags>
			<properties>
				<property>
					<name>Title</name>
					<value><![CDATA[style]]></value>
				</property>
				<property>
					<name>search.exclude</name>
					<value><![CDATA[all]]></value>
				</property>
			</properties>
			<relations/>
			<accesscontrol/>
		</file>
		<file>
			<destination>release/.content/.new</destination>
			<type>folder</type>
			<uuidstructure>ecae360a-a223-11e0-9253-df452125cf28</uuidstructure>
			<datelastmodified>Wed, 29 Jun 2011 09:04:00 GMT</datelastmodified>
			<userlastmodified>Admin</userlastmodified>
			<datecreated>Wed, 29 Jun 2011 07:46:39 GMT</datecreated>
			<usercreated>Admin</usercreated>
			<flags>0</flags>
			<properties/>
			<relations/>
			<accesscontrol/>
		</file>
		<file>
			<source>release/.content/.new/default.html</source>
			<destination>release/.content/.new/default.html</destination>
			<type>containerpage</type>
			<uuidstructure>be402473-7718-11e0-bfd0-1797e684fbbe</uuidstructure>
			<uuidresource>be402474-7718-11e0-bfd0-1797e684fbbe</uuidresource>
			<datelastmodified>Wed, 29 Jun 2011 09:06:34 GMT</datelastmodified>
			<userlastmodified>Admin</userlastmodified>
			<datecreated>Thu, 05 May 2011 13:08:17 GMT</datecreated>
			<usercreated>Admin</usercreated>
			<flags>0</flags>
			<properties>
				<property>
					<name>Title</name>
					<value><![CDATA[Default page for release notes]]></value>
				</property>
			</properties>
			<relations/>
			<accesscontrol/>
		</file>
		<file>
			<destination>release/.content/config</destination>
			<type>folder</type>
			<uuidstructure>ca4eb6f4-a229-11e0-863a-df452125cf28</uuidstructure>
			<datelastmodified>Wed, 29 Jun 2011 09:04:00 GMT</datelastmodified>
			<userlastmodified>Admin</userlastmodified>
			<datecreated>Wed, 29 Jun 2011 08:28:39 GMT</datecreated>
			<usercreated>Admin</usercreated>
			<flags>0</flags>
			<properties>
				<property>
					<name>Title</name>
					<value><![CDATA[Configs (Release Notes)]]></value>
				</property>
				<property>
					<name>search.exclude</name>
					<value><![CDATA[true]]></value>
				</property>
			</properties>
			<relations/>
			<accesscontrol/>
		</file>
		<file>
			<source>release/.content/config/c_00001.html</source>
			<destination>release/.content/config/c_00001.html</destination>
			<type>t3config</type>
			<uuidstructure>ca5371e8-a229-11e0-863a-df452125cf28</uuidstructure>
			<uuidresource>ca5371e9-a229-11e0-863a-df452125cf28</uuidresource>
			<datelastmodified>Wed, 29 Jun 2011 09:04:00 GMT</datelastmodified>
			<userlastmodified>Admin</userlastmodified>
			<datecreated>Wed, 29 Jun 2011 08:28:39 GMT</datecreated>
			<usercreated>Admin</usercreated>
			<flags>0</flags>
			<properties>
				<property>
					<name>Title</name>
					<value><![CDATA[Default configuration for release notes]]></value>
				</property>
			</properties>
			<relations/>
			<accesscontrol/>
		</file>
		<file>
			<destination>release/.content/textblock</destination>
			<type>folder</type>
			<uuidstructure>6a8d2bdf-7715-11e0-bfd0-1797e684fbbe</uuidstructure>
			<datelastmodified>Mon, 10 Sep 2012 15:14:54 GMT</datelastmodified>
			<userlastmodified>Admin</userlastmodified>
			<datecreated>Thu, 05 May 2011 12:44:28 GMT</datecreated>
			<usercreated>Admin</usercreated>
			<flags>0</flags>
			<properties>
				<property>
					<name>Title</name>
					<value><![CDATA[Text Blocks (Release Notes)]]></value>
				</property>
				<property>
					<name>search.exclude</name>
					<value><![CDATA[true]]></value>
				</property>
			</properties>
			<relations/>
			<accesscontrol/>
		</file>
		<file>
			<source>release/.content/textblock/t_00001.html</source>
			<destination>release/.content/textblock/t_00001.html</destination>
			<type>v8textblock</type>
			<uuidstructure>5912d8fe-7719-11e0-bfd0-1797e684fbbe</uuidstructure>
			<uuidresource>5912d8ff-7719-11e0-bfd0-1797e684fbbe</uuidresource>
			<datelastmodified>Wed, 29 Jun 2011 09:04:00 GMT</datelastmodified>
			<userlastmodified>Admin</userlastmodified>
			<datecreated>Thu, 05 May 2011 13:12:37 GMT</datecreated>
			<usercreated>Admin</usercreated>
			<flags>0</flags>
			<properties>
				<property>
					<name>Title</name>
					<value><![CDATA[Release Notes for OpenCms 7.5.4]]></value>
				</property>
			</properties>
			<relations/>
			<accesscontrol/>
		</file>
		<file>
			<source>release/.content/textblock/t_00002.html</source>
			<destination>release/.content/textblock/t_00002.html</destination>
			<type>v8textblock</type>
			<uuidstructure>b77f1254-771d-11e0-bfd0-1797e684fbbe</uuidstructure>
			<uuidresource>b77f1255-771d-11e0-bfd0-1797e684fbbe</uuidresource>
			<datelastmodified>Wed, 29 Jun 2011 09:04:00 GMT</datelastmodified>
			<userlastmodified>Admin</userlastmodified>
			<datecreated>Thu, 05 May 2011 13:43:53 GMT</datecreated>
			<usercreated>Admin</usercreated>
			<flags>0</flags>
			<properties>
				<property>
					<name>Title</name>
					<value><![CDATA[Release Notes for OpenCms 7.5.3]]></value>
				</property>
			</properties>
			<relations/>
			<accesscontrol/>
		</file>
		<file>
			<source>release/.content/textblock/t_00003.html</source>
			<destination>release/.content/textblock/t_00003.html</destination>
			<type>v8textblock</type>
			<uuidstructure>06e7f0b8-771f-11e0-bfd0-1797e684fbbe</uuidstructure>
			<uuidresource>06e7f0b9-771f-11e0-bfd0-1797e684fbbe</uuidresource>
			<datelastmodified>Wed, 29 Jun 2011 09:04:00 GMT</datelastmodified>
			<userlastmodified>Admin</userlastmodified>
			<datecreated>Thu, 05 May 2011 13:53:16 GMT</datecreated>
			<usercreated>Admin</usercreated>
			<flags>0</flags>
			<properties>
				<property>
					<name>Title</name>
					<value><![CDATA[Release Notes for OpenCms 7.5.2]]></value>
				</property>
			</properties>
			<relations/>
			<accesscontrol/>
		</file>
		<file>
			<source>release/.content/textblock/t_00004.html</source>
			<destination>release/.content/textblock/t_00004.html</destination>
			<type>v8textblock</type>
			<uuidstructure>d0dcfd89-771f-11e0-bfd0-1797e684fbbe</uuidstructure>
			<uuidresource>d0dcfd8a-771f-11e0-bfd0-1797e684fbbe</uuidresource>
			<datelastmodified>Wed, 29 Jun 2011 09:04:00 GMT</datelastmodified>
			<userlastmodified>Admin</userlastmodified>
			<datecreated>Thu, 05 May 2011 13:58:55 GMT</datecreated>
			<usercreated>Admin</usercreated>
			<flags>0</flags>
			<properties>
				<property>
					<name>Title</name>
					<value><![CDATA[Release Notes for OpenCms 7.5.1]]></value>
				</property>
			</properties>
			<relations/>
			<accesscontrol/>
		</file>
		<file>
			<source>release/.content/textblock/t_00005.html</source>
			<destination>release/.content/textblock/t_00005.html</destination>
			<type>v8textblock</type>
			<uuidstructure>51fc6922-7720-11e0-bfd0-1797e684fbbe</uuidstructure>
			<uuidresource>51fc6923-7720-11e0-bfd0-1797e684fbbe</uuidresource>
			<datelastmodified>Wed, 29 Jun 2011 09:04:00 GMT</datelastmodified>
			<userlastmodified>Admin</userlastmodified>
			<datecreated>Thu, 05 May 2011 14:02:31 GMT</datecreated>
			<usercreated>Admin</usercreated>
			<flags>0</flags>
			<properties>
				<property>
					<name>Title</name>
					<value><![CDATA[Release Notes for OpenCms 7.5]]></value>
				</property>
			</properties>
			<relations/>
			<accesscontrol/>
		</file>
		<file>
			<source>release/.content/textblock/t_00006.html</source>
			<destination>release/.content/textblock/t_00006.html</destination>
			<type>v8textblock</type>
			<uuidstructure>f00ce372-7720-11e0-bfd0-1797e684fbbe</uuidstructure>
			<uuidresource>f00ce373-7720-11e0-bfd0-1797e684fbbe</uuidresource>
			<datelastmodified>Tue, 15 Nov 2011 09:20:20 GMT</datelastmodified>
			<userlastmodified>Admin</userlastmodified>
			<datecreated>Thu, 05 May 2011 14:06:57 GMT</datecreated>
			<usercreated>Admin</usercreated>
			<flags>0</flags>
			<properties>
				<property>
					<name>Title</name>
					<value><![CDATA[OpenCms 8 server installation]]></value>
				</property>
			</properties>
			<relations/>
			<accesscontrol/>
		</file>
		<file>
			<source>release/.content/textblock/t_00007.html</source>
			<destination>release/.content/textblock/t_00007.html</destination>
			<type>v8textblock</type>
			<uuidstructure>a685457b-7722-11e0-bfd0-1797e684fbbe</uuidstructure>
			<uuidresource>a685457c-7722-11e0-bfd0-1797e684fbbe</uuidresource>
			<datelastmodified>Wed, 29 Jun 2011 09:04:00 GMT</datelastmodified>
			<userlastmodified>Admin</userlastmodified>
			<datecreated>Thu, 05 May 2011 14:19:12 GMT</datecreated>
			<usercreated>Admin</usercreated>
			<flags>0</flags>
			<properties>
				<property>
					<name>Title</name>
					<value><![CDATA[The OpenCms mailing list]]></value>
				</property>
			</properties>
			<relations/>
			<accesscontrol/>
		</file>
		<file>
			<source>release/.content/textblock/t_00008.html</source>
			<destination>release/.content/textblock/t_00008.html</destination>
			<type>v8textblock</type>
			<uuidstructure>1de9e35b-7724-11e0-bfd0-1797e684fbbe</uuidstructure>
			<uuidresource>1de9e35c-7724-11e0-bfd0-1797e684fbbe</uuidresource>
			<datelastmodified>Wed, 29 Jun 2011 09:04:00 GMT</datelastmodified>
			<userlastmodified>Admin</userlastmodified>
			<datecreated>Thu, 05 May 2011 14:29:42 GMT</datecreated>
			<usercreated>Admin</usercreated>
			<flags>0</flags>
			<properties>
				<property>
					<name>Title</name>
					<value><![CDATA[Release Notes for OpenCms 8]]></value>
				</property>
			</properties>
			<relations/>
			<accesscontrol/>
		</file>
		<file>
			<source>release/.content/textblock/t_00009.html</source>
			<destination>release/.content/textblock/t_00009.html</destination>
			<type>v8textblock</type>
			<uuidstructure>039ddaae-7074-11e2-bfad-4b0ffc7a0e9d</uuidstructure>
			<uuidresource>039ddaaf-7074-11e2-bfad-4b0ffc7a0e9d</uuidresource>
			<datelastmodified>Wed, 06 Feb 2013 15:51:32 GMT</datelastmodified>
			<userlastmodified>Admin</userlastmodified>
			<datecreated>Wed, 06 Feb 2013 15:43:55 GMT</datecreated>
			<usercreated>Admin</usercreated>
			<flags>0</flags>
			<properties>
				<property>
					<name>Title</name>
					<value><![CDATA[Release Notes for OpenCms 8.5.1]]></value>
				</property>
			</properties>
			<relations/>
			<accesscontrol/>
		</file>
		<file>
			<source>release/.content/textblock/t_00010.html</source>
			<destination>release/.content/textblock/t_00010.html</destination>
			<type>v8textblock</type>
			<uuidstructure>a3bcf413-e79c-11e2-b9ba-0b58e55c41a7</uuidstructure>
			<uuidresource>a3bcf414-e79c-11e2-b9ba-0b58e55c41a7</uuidresource>
			<datelastmodified>Mon, 08 Jul 2013 07:25:53 GMT</datelastmodified>
			<userlastmodified>Admin</userlastmodified>
			<datecreated>Mon, 08 Jul 2013 07:04:32 GMT</datecreated>
			<usercreated>Admin</usercreated>
			<flags>0</flags>
			<properties>
				<property>
					<name>Title</name>
					<value><![CDATA[Release Notes for OpenCms 8.5.2]]></value>
				</property>
			</properties>
			<relations/>
			<accesscontrol/>
		</file>
		<file>
			<source>release/.content/textblock/t_00015.html</source>
			<destination>release/.content/textblock/t_00015.html</destination>
			<type>v8textblock</type>
			<uuidstructure>f9f0fe11-a19e-11e0-b12f-df452125cf28</uuidstructure>
			<uuidresource>f9f0fe12-a19e-11e0-b12f-df452125cf28</uuidresource>
			<datelastmodified>Wed, 29 Jun 2011 16:21:15 GMT</datelastmodified>
			<userlastmodified>Admin</userlastmodified>
			<datecreated>Tue, 28 Jun 2011 15:54:59 GMT</datecreated>
			<usercreated>Admin</usercreated>
			<flags>0</flags>
			<properties>
				<property>
					<name>Title</name>
					<value><![CDATA[Release Notes for OpenCms 8.0.1]]></value>
				</property>
			</properties>
			<relations/>
			<accesscontrol/>
		</file>
		<file>
			<source>release/.content/textblock/t_00016.html</source>
			<destination>release/.content/textblock/t_00016.html</destination>
			<type>v8textblock</type>
			<uuidstructure>523b6d27-c8a5-11e0-ac0c-7b2444d59c19</uuidstructure>
			<uuidresource>523b6d28-c8a5-11e0-ac0c-7b2444d59c19</uuidresource>
			<datelastmodified>Thu, 18 Aug 2011 08:58:21 GMT</datelastmodified>
			<userlastmodified>Admin</userlastmodified>
			<datecreated>Wed, 17 Aug 2011 07:48:39 GMT</datecreated>
			<usercreated>Admin</usercreated>
			<flags>0</flags>
			<properties>
				<property>
					<name>Title</name>
					<value><![CDATA[Release Notes for OpenCms 8.0.2]]></value>
				</property>
			</properties>
			<relations/>
			<accesscontrol/>
		</file>
		<file>
			<source>release/.content/textblock/t_00017.html</source>
			<destination>release/.content/textblock/t_00017.html</destination>
			<type>v8textblock</type>
			<uuidstructure>aaccc18e-0f63-11e1-a755-9b778fa0dc42</uuidstructure>
			<uuidresource>aaccc18f-0f63-11e1-a755-9b778fa0dc42</uuidresource>
			<datelastmodified>Wed, 16 Nov 2011 12:51:42 GMT</datelastmodified>
			<userlastmodified>Admin</userlastmodified>
			<datecreated>Tue, 15 Nov 2011 08:27:33 GMT</datecreated>
			<usercreated>Admin</usercreated>
			<flags>0</flags>
			<properties>
				<property>
					<name>Title</name>
					<value><![CDATA[Release Notes for OpenCms 8.0.3]]></value>
				</property>
			</properties>
			<relations/>
			<accesscontrol/>
		</file>
		<file>
			<source>release/.content/textblock/t_00018.html</source>
			<destination>release/.content/textblock/t_00018.html</destination>
			<type>v8textblock</type>
			<uuidstructure>a562be8b-82ec-11e1-95b7-3f203d2fc255</uuidstructure>
			<uuidresource>a562be8c-82ec-11e1-95b7-3f203d2fc255</uuidresource>
			<datelastmodified>Tue, 10 Apr 2012 09:11:21 GMT</datelastmodified>
			<userlastmodified>Admin</userlastmodified>
			<datecreated>Tue, 10 Apr 2012 09:07:49 GMT</datecreated>
			<usercreated>Admin</usercreated>
			<flags>0</flags>
			<properties>
				<property>
					<name>Title</name>
					<value><![CDATA[Release Notes for OpenCms 8.0.4]]></value>
				</property>
			</properties>
			<relations/>
			<accesscontrol/>
		</file>
		<file>
			<source>release/.content/textblock/t_00019.html</source>
			<destination>release/.content/textblock/t_00019.html</destination>
			<type>v8textblock</type>
			<uuidstructure>24edefc0-c7eb-11e0-a3d5-7b2444d59c19</uuidstructure>
			<uuidresource>24edefc1-c7eb-11e0-a3d5-7b2444d59c19</uuidresource>
			<datelastmodified>Tue, 16 Aug 2011 09:45:33 GMT</datelastmodified>
			<userlastmodified>Admin</userlastmodified>
			<datecreated>Tue, 16 Aug 2011 09:35:57 GMT</datecreated>
			<usercreated>Admin</usercreated>
			<flags>0</flags>
			<properties>
				<property>
					<name>Title</name>
					<value><![CDATA[Documentation link for welcome page]]></value>
				</property>
			</properties>
			<relations/>
			<accesscontrol/>
		</file>
		<file>
			<source>release/.content/textblock/t_00020.html</source>
			<destination>release/.content/textblock/t_00020.html</destination>
			<type>v8textblock</type>
			<uuidstructure>c77b0e49-c80f-11e0-a3d5-7b2444d59c19</uuidstructure>
			<uuidresource>c77b0e4a-c80f-11e0-a3d5-7b2444d59c19</uuidresource>
			<datelastmodified>Tue, 16 Aug 2011 13:58:24 GMT</datelastmodified>
			<userlastmodified>Admin</userlastmodified>
			<datecreated>Tue, 16 Aug 2011 13:58:11 GMT</datecreated>
			<usercreated>Admin</usercreated>
			<flags>0</flags>
			<properties>
				<property>
					<name>Title</name>
					<value><![CDATA[Further Information]]></value>
				</property>
			</properties>
			<relations/>
			<accesscontrol/>
		</file>
		<file>
			<source>release/.content/textblock/t_00021.html</source>
			<destination>release/.content/textblock/t_00021.html</destination>
			<type>v8textblock</type>
			<uuidstructure>1a2947a6-fbe9-11e1-83dd-2fc8aa430640</uuidstructure>
			<uuidresource>1a2947a7-fbe9-11e1-83dd-2fc8aa430640</uuidresource>
			<datelastmodified>Fri, 21 Sep 2012 13:25:38 GMT</datelastmodified>
			<userlastmodified>Admin</userlastmodified>
			<datecreated>Tue, 11 Sep 2012 08:17:18 GMT</datecreated>
			<usercreated>Admin</usercreated>
			<flags>0</flags>
			<properties>
				<property>
					<name>Title</name>
					<value><![CDATA[Release Notes for OpenCms 8.5]]></value>
				</property>
			</properties>
			<relations/>
			<accesscontrol/>
		</file>
		<file>
			<destination>release/7.5.0-release-notes</destination>
			<type>folder</type>
			<uuidstructure>2b79dc0a-7720-11e0-bfd0-1797e684fbbe</uuidstructure>
			<datelastmodified>Wed, 29 Jun 2011 09:04:00 GMT</datelastmodified>
			<userlastmodified>Admin</userlastmodified>
			<datecreated>Thu, 05 May 2011 14:01:27 GMT</datecreated>
			<usercreated>Admin</usercreated>
			<flags>0</flags>
			<properties>
				<property>
					<name>NavPos</name>
					<value><![CDATA[50.0]]></value>
				</property>
				<property>
					<name>NavText</name>
					<value><![CDATA[7.5.0 Release Notes]]></value>
				</property>
				<property>
					<name>Title</name>
					<value><![CDATA[7.5.0 Release Notes]]></value>
				</property>
			</properties>
			<relations/>
			<accesscontrol/>
		</file>
		<file>
			<source>release/7.5.0-release-notes/index.html</source>
			<destination>release/7.5.0-release-notes/index.html</destination>
			<type>containerpage</type>
			<uuidstructure>2b7e96fe-7720-11e0-bfd0-1797e684fbbe</uuidstructure>
			<uuidresource>2b7e96ff-7720-11e0-bfd0-1797e684fbbe</uuidresource>
			<datelastmodified>Mon, 10 Sep 2012 15:24:13 GMT</datelastmodified>
			<userlastmodified>Admin</userlastmodified>
			<datecreated>Thu, 05 May 2011 14:01:27 GMT</datecreated>
			<usercreated>Admin</usercreated>
			<flags>0</flags>
			<properties>
				<property>
					<name>Title</name>
					<value><![CDATA[7.5.0 Release Notes]]></value>
				</property>
			</properties>
			<relations/>
			<accesscontrol/>
		</file>
		<file>
			<destination>release/7.5.1-release-notes</destination>
			<type>folder</type>
			<uuidstructure>bf1cc533-771f-11e0-bfd0-1797e684fbbe</uuidstructure>
			<datelastmodified>Wed, 29 Jun 2011 09:04:00 GMT</datelastmodified>
			<userlastmodified>Admin</userlastmodified>
			<datecreated>Thu, 05 May 2011 13:58:25 GMT</datecreated>
			<usercreated>Admin</usercreated>
			<flags>0</flags>
			<properties>
				<property>
					<name>NavPos</name>
					<value><![CDATA[40.0]]></value>
				</property>
				<property>
					<name>NavText</name>
					<value><![CDATA[7.5.1 Release Notes]]></value>
				</property>
				<property>
					<name>Title</name>
					<value><![CDATA[7.5.1 Release Notes]]></value>
				</property>
			</properties>
			<relations/>
			<accesscontrol/>
		</file>
		<file>
			<source>release/7.5.1-release-notes/index.html</source>
			<destination>release/7.5.1-release-notes/index.html</destination>
			<type>containerpage</type>
			<uuidstructure>bf23f127-771f-11e0-bfd0-1797e684fbbe</uuidstructure>
			<uuidresource>bf23f128-771f-11e0-bfd0-1797e684fbbe</uuidresource>
			<datelastmodified>Mon, 10 Sep 2012 15:24:39 GMT</datelastmodified>
			<userlastmodified>Admin</userlastmodified>
			<datecreated>Thu, 05 May 2011 13:58:25 GMT</datecreated>
			<usercreated>Admin</usercreated>
			<flags>0</flags>
			<properties>
				<property>
					<name>Title</name>
					<value><![CDATA[7.5.1 Release Notes]]></value>
				</property>
			</properties>
			<relations/>
			<accesscontrol/>
		</file>
		<file>
			<destination>release/7.5.2-release-notes</destination>
			<type>folder</type>
			<uuidstructure>f3080cb2-771e-11e0-bfd0-1797e684fbbe</uuidstructure>
			<datelastmodified>Wed, 29 Jun 2011 09:04:00 GMT</datelastmodified>
			<userlastmodified>Admin</userlastmodified>
			<datecreated>Thu, 05 May 2011 13:52:43 GMT</datecreated>
			<usercreated>Admin</usercreated>
			<flags>0</flags>
			<properties>
				<property>
					<name>NavPos</name>
					<value><![CDATA[30.0]]></value>
				</property>
				<property>
					<name>NavText</name>
					<value><![CDATA[7.5.2 Release Notes]]></value>
				</property>
				<property>
					<name>Title</name>
					<value><![CDATA[7.5.2 Release Notes]]></value>
				</property>
			</properties>
			<relations/>
			<accesscontrol/>
		</file>
		<file>
			<source>release/7.5.2-release-notes/index.html</source>
			<destination>release/7.5.2-release-notes/index.html</destination>
			<type>containerpage</type>
			<uuidstructure>f30cc7a6-771e-11e0-bfd0-1797e684fbbe</uuidstructure>
			<uuidresource>f30cc7a7-771e-11e0-bfd0-1797e684fbbe</uuidresource>
			<datelastmodified>Mon, 10 Sep 2012 15:25:27 GMT</datelastmodified>
			<userlastmodified>Admin</userlastmodified>
			<datecreated>Thu, 05 May 2011 13:52:43 GMT</datecreated>
			<usercreated>Admin</usercreated>
			<flags>0</flags>
			<properties>
				<property>
					<name>Title</name>
					<value><![CDATA[7.5.2 Release Notes]]></value>
				</property>
			</properties>
			<relations/>
			<accesscontrol/>
		</file>
		<file>
			<destination>release/7.5.3-release-notes</destination>
			<type>folder</type>
			<uuidstructure>a52fe06e-771d-11e0-bfd0-1797e684fbbe</uuidstructure>
			<datelastmodified>Wed, 29 Jun 2011 09:04:00 GMT</datelastmodified>
			<userlastmodified>Admin</userlastmodified>
			<datecreated>Thu, 05 May 2011 13:43:23 GMT</datecreated>
			<usercreated>Admin</usercreated>
			<flags>0</flags>
			<properties>
				<property>
					<name>NavPos</name>
					<value><![CDATA[20.0]]></value>
				</property>
				<property>
					<name>NavText</name>
					<value><![CDATA[7.5.3 Release Notes]]></value>
				</property>
				<property>
					<name>Title</name>
					<value><![CDATA[7.5.3 Release Notes]]></value>
				</property>
			</properties>
			<relations/>
			<accesscontrol/>
		</file>
		<file>
			<source>release/7.5.3-release-notes/index.html</source>
			<destination>release/7.5.3-release-notes/index.html</destination>
			<type>containerpage</type>
			<uuidstructure>a5349b62-771d-11e0-bfd0-1797e684fbbe</uuidstructure>
			<uuidresource>a5349b63-771d-11e0-bfd0-1797e684fbbe</uuidresource>
			<datelastmodified>Mon, 10 Sep 2012 15:25:57 GMT</datelastmodified>
			<userlastmodified>Admin</userlastmodified>
			<datecreated>Thu, 05 May 2011 13:43:23 GMT</datecreated>
			<usercreated>Admin</usercreated>
			<flags>0</flags>
			<properties>
				<property>
					<name>Title</name>
					<value><![CDATA[7.5.3 Release Notes]]></value>
				</property>
			</properties>
			<relations/>
			<accesscontrol/>
		</file>
		<file>
			<destination>release/7.5.4-release-notes</destination>
			<type>folder</type>
			<uuidstructure>eac47979-7718-11e0-bfd0-1797e684fbbe</uuidstructure>
			<datelastmodified>Wed, 29 Jun 2011 09:04:00 GMT</datelastmodified>
			<userlastmodified>Admin</userlastmodified>
			<datecreated>Thu, 05 May 2011 13:09:32 GMT</datecreated>
			<usercreated>Admin</usercreated>
			<flags>0</flags>
			<properties>
				<property>
					<name>NavPos</name>
					<value><![CDATA[10.0]]></value>
				</property>
				<property>
					<name>NavText</name>
					<value><![CDATA[7.5.4 Release Notes]]></value>
				</property>
				<property>
					<name>Title</name>
					<value><![CDATA[7.5.4 Release Notes]]></value>
				</property>
			</properties>
			<relations/>
			<accesscontrol/>
		</file>
		<file>
			<source>release/7.5.4-release-notes/index.html</source>
			<destination>release/7.5.4-release-notes/index.html</destination>
			<type>containerpage</type>
			<uuidstructure>eac95b7d-7718-11e0-bfd0-1797e684fbbe</uuidstructure>
			<uuidresource>eac95b7e-7718-11e0-bfd0-1797e684fbbe</uuidresource>
			<datelastmodified>Mon, 10 Sep 2012 15:26:13 GMT</datelastmodified>
			<userlastmodified>Admin</userlastmodified>
			<datecreated>Thu, 05 May 2011 13:09:32 GMT</datecreated>
			<usercreated>Admin</usercreated>
			<flags>0</flags>
			<properties>
				<property>
					<name>Title</name>
					<value><![CDATA[7.5.4 Release Notes]]></value>
				</property>
			</properties>
			<relations/>
			<accesscontrol/>
		</file>
		<file>
			<destination>release/8.0.0-release-notes</destination>
			<type>folder</type>
			<uuidstructure>0c655475-7724-11e0-bfd0-1797e684fbbe</uuidstructure>
			<datelastmodified>Wed, 29 Jun 2011 09:04:00 GMT</datelastmodified>
			<userlastmodified>Admin</userlastmodified>
			<datecreated>Thu, 05 May 2011 14:29:13 GMT</datecreated>
			<usercreated>Admin</usercreated>
			<flags>0</flags>
			<properties>
				<property>
					<name>NavPos</name>
					<value><![CDATA[5.0]]></value>
				</property>
				<property>
					<name>NavText</name>
					<value><![CDATA[8.0.0 Release Notes]]></value>
				</property>
				<property>
					<name>Title</name>
					<value><![CDATA[8.0.0 Release Notes]]></value>
				</property>
			</properties>
			<relations/>
			<accesscontrol/>
		</file>
		<file>
			<source>release/8.0.0-release-notes/index.html</source>
			<destination>release/8.0.0-release-notes/index.html</destination>
			<type>containerpage</type>
			<uuidstructure>0c6c8069-7724-11e0-bfd0-1797e684fbbe</uuidstructure>
			<uuidresource>0c6c806a-7724-11e0-bfd0-1797e684fbbe</uuidresource>
			<datelastmodified>Mon, 10 Sep 2012 15:26:33 GMT</datelastmodified>
			<userlastmodified>Admin</userlastmodified>
			<datecreated>Thu, 05 May 2011 14:29:13 GMT</datecreated>
			<usercreated>Admin</usercreated>
			<flags>0</flags>
			<properties>
				<property>
					<name>Title</name>
					<value><![CDATA[8.0.0 Release Notes]]></value>
				</property>
			</properties>
			<relations/>
			<accesscontrol/>
		</file>
		<file>
			<destination>release/8.0.1-release-notes</destination>
			<type>folder</type>
			<uuidstructure>b79cb4e1-a19e-11e0-b12f-df452125cf28</uuidstructure>
			<datelastmodified>Wed, 29 Jun 2011 09:04:00 GMT</datelastmodified>
			<userlastmodified>Admin</userlastmodified>
			<datecreated>Tue, 28 Jun 2011 15:53:07 GMT</datecreated>
			<usercreated>Admin</usercreated>
			<flags>0</flags>
			<properties>
				<property>
					<name>NavPos</name>
					<value><![CDATA[2.5]]></value>
				</property>
				<property>
					<name>NavText</name>
					<value><![CDATA[8.0.1 Release Notes]]></value>
				</property>
				<property>
					<name>Title</name>
					<value><![CDATA[8.0.1 Release Notes]]></value>
				</property>
			</properties>
			<relations/>
			<accesscontrol/>
		</file>
		<file>
			<source>release/8.0.1-release-notes/index.html</source>
			<destination>release/8.0.1-release-notes/index.html</destination>
			<type>containerpage</type>
			<uuidstructure>b7a196e6-a19e-11e0-b12f-df452125cf28</uuidstructure>
			<uuidresource>b7a196e7-a19e-11e0-b12f-df452125cf28</uuidresource>
			<datelastmodified>Mon, 10 Sep 2012 15:26:47 GMT</datelastmodified>
			<userlastmodified>Admin</userlastmodified>
			<datecreated>Tue, 28 Jun 2011 15:53:07 GMT</datecreated>
			<usercreated>Admin</usercreated>
			<flags>0</flags>
			<properties>
				<property>
					<name>Title</name>
					<value><![CDATA[8.0.1 Release Notes]]></value>
				</property>
			</properties>
			<relations/>
			<accesscontrol/>
		</file>
		<file>
			<destination>release/8.0.2-release-notes</destination>
			<type>folder</type>
			<uuidstructure>324d991d-c8a5-11e0-ac0c-7b2444d59c19</uuidstructure>
			<datelastmodified>Wed, 17 Aug 2011 07:48:01 GMT</datelastmodified>
			<userlastmodified>Admin</userlastmodified>
			<datecreated>Wed, 17 Aug 2011 07:47:46 GMT</datecreated>
			<usercreated>Admin</usercreated>
			<flags>0</flags>
			<properties>
				<property>
					<name>NavPos</name>
					<value><![CDATA[0.5]]></value>
				</property>
				<property>
					<name>NavText</name>
					<value><![CDATA[8.0.2 Release Notes]]></value>
				</property>
				<property>
					<name>Title</name>
					<value><![CDATA[8.0.2 Release Notes]]></value>
				</property>
			</properties>
			<relations/>
			<accesscontrol/>
		</file>
		<file>
			<source>release/8.0.2-release-notes/index.html</source>
			<destination>release/8.0.2-release-notes/index.html</destination>
			<type>containerpage</type>
			<uuidstructure>32930692-c8a5-11e0-ac0c-7b2444d59c19</uuidstructure>
			<uuidresource>32930693-c8a5-11e0-ac0c-7b2444d59c19</uuidresource>
			<datelastmodified>Mon, 10 Sep 2012 15:27:02 GMT</datelastmodified>
			<userlastmodified>Admin</userlastmodified>
			<datecreated>Wed, 17 Aug 2011 07:47:46 GMT</datecreated>
			<usercreated>Admin</usercreated>
			<flags>0</flags>
			<properties>
				<property>
					<name>Title</name>
					<value><![CDATA[8.0.2 Release Notes]]></value>
				</property>
			</properties>
			<relations/>
			<accesscontrol/>
		</file>
		<file>
			<destination>release/8.0.3-release-notes</destination>
			<type>folder</type>
			<uuidstructure>825f063f-0f63-11e1-a755-9b778fa0dc42</uuidstructure>
			<datelastmodified>Tue, 15 Nov 2011 08:26:42 GMT</datelastmodified>
			<userlastmodified>Admin</userlastmodified>
			<datecreated>Tue, 15 Nov 2011 08:26:26 GMT</datecreated>
			<usercreated>Admin</usercreated>
			<flags>0</flags>
			<properties>
				<property>
					<name>NavPos</name>
					<value><![CDATA[0.45]]></value>
				</property>
				<property>
					<name>NavText</name>
					<value><![CDATA[8.0.3 Release Notes]]></value>
				</property>
				<property>
					<name>Title</name>
					<value><![CDATA[8.0.3 Release Notes]]></value>
				</property>
			</properties>
			<relations/>
			<accesscontrol/>
		</file>
		<file>
			<source>release/8.0.3-release-notes/index.html</source>
			<destination>release/8.0.3-release-notes/index.html</destination>
			<type>containerpage</type>
			<uuidstructure>82748a14-0f63-11e1-a755-9b778fa0dc42</uuidstructure>
			<uuidresource>82748a15-0f63-11e1-a755-9b778fa0dc42</uuidresource>
			<datelastmodified>Mon, 10 Sep 2012 15:27:18 GMT</datelastmodified>
			<userlastmodified>Admin</userlastmodified>
			<datecreated>Tue, 15 Nov 2011 08:26:26 GMT</datecreated>
			<usercreated>Admin</usercreated>
			<flags>0</flags>
			<properties>
				<property>
					<name>Title</name>
					<value><![CDATA[8.0.3 Release Notes]]></value>
				</property>
			</properties>
			<relations/>
			<accesscontrol/>
		</file>
		<file>
			<destination>release/8.0.4-release-notes</destination>
			<type>folder</type>
			<uuidstructure>987b1053-82ec-11e1-95b7-3f203d2fc255</uuidstructure>
			<datelastmodified>Tue, 10 Apr 2012 09:09:38 GMT</datelastmodified>
			<userlastmodified>Admin</userlastmodified>
			<datecreated>Tue, 10 Apr 2012 09:07:27 GMT</datecreated>
			<usercreated>Admin</usercreated>
			<flags>0</flags>
			<properties>
				<property>
					<name>NavPos</name>
					<value><![CDATA[0.4]]></value>
				</property>
				<property>
					<name>NavText</name>
					<value><![CDATA[8.0.4 Release Notes]]></value>
				</property>
				<property>
					<name>Title</name>
					<value><![CDATA[8.0.4 Release Notes]]></value>
				</property>
			</properties>
			<relations/>
			<accesscontrol/>
		</file>
		<file>
			<source>release/8.0.4-release-notes/index.html</source>
			<destination>release/8.0.4-release-notes/index.html</destination>
			<type>containerpage</type>
			<uuidstructure>98823c48-82ec-11e1-95b7-3f203d2fc255</uuidstructure>
			<uuidresource>98823c49-82ec-11e1-95b7-3f203d2fc255</uuidresource>
			<datelastmodified>Mon, 10 Sep 2012 15:27:41 GMT</datelastmodified>
			<userlastmodified>Admin</userlastmodified>
			<datecreated>Tue, 10 Apr 2012 09:07:28 GMT</datecreated>
			<usercreated>Admin</usercreated>
			<flags>0</flags>
			<properties>
				<property>
					<name>Title</name>
					<value><![CDATA[8.0.4 Release Notes]]></value>
				</property>
			</properties>
			<relations/>
			<accesscontrol/>
		</file>
		<file>
			<destination>release/8.5.0-release-notes</destination>
			<type>folder</type>
			<uuidstructure>3b70edfe-fbe3-11e1-83dd-2fc8aa430640</uuidstructure>
			<datelastmodified>Tue, 11 Sep 2012 07:36:06 GMT</datelastmodified>
			<userlastmodified>Admin</userlastmodified>
			<datecreated>Tue, 11 Sep 2012 07:35:17 GMT</datecreated>
			<usercreated>Admin</usercreated>
			<flags>0</flags>
			<properties>
				<property>
					<name>NavPos</name>
					<value><![CDATA[0.35]]></value>
				</property>
				<property>
					<name>NavText</name>
					<value><![CDATA[8.5.0 Release Notes]]></value>
				</property>
				<property>
					<name>Title</name>
					<value><![CDATA[8.5.0 Release Notes]]></value>
				</property>
			</properties>
			<relations/>
			<accesscontrol/>
		</file>
		<file>
			<source>release/8.5.0-release-notes/index.html</source>
			<destination>release/8.5.0-release-notes/index.html</destination>
			<type>containerpage</type>
			<uuidstructure>3b818fd3-fbe3-11e1-83dd-2fc8aa430640</uuidstructure>
			<uuidresource>3b818fd4-fbe3-11e1-83dd-2fc8aa430640</uuidresource>
			<datelastmodified>Fri, 21 Sep 2012 13:25:50 GMT</datelastmodified>
			<userlastmodified>Admin</userlastmodified>
			<datecreated>Tue, 11 Sep 2012 07:35:17 GMT</datecreated>
			<usercreated>Admin</usercreated>
			<flags>0</flags>
			<properties>
				<property>
					<name>Title</name>
					<value><![CDATA[8.5.0 Release Notes]]></value>
				</property>
			</properties>
			<relations/>
			<accesscontrol/>
		</file>
		<file>
			<destination>release/8.5.1-release-notes</destination>
			<type>folder</type>
			<uuidstructure>cd0f2de6-7073-11e2-bfad-4b0ffc7a0e9d</uuidstructure>
			<datelastmodified>Wed, 06 Feb 2013 15:43:25 GMT</datelastmodified>
			<userlastmodified>Admin</userlastmodified>
			<datecreated>Wed, 06 Feb 2013 15:42:23 GMT</datecreated>
			<usercreated>Admin</usercreated>
			<flags>0</flags>
			<properties>
				<property>
					<name>NavPos</name>
					<value><![CDATA[0.30]]></value>
				</property>
				<property>
					<name>NavText</name>
					<value><![CDATA[8.5.1 Release Notes]]></value>
				</property>
				<property>
					<name>Title</name>
					<value><![CDATA[8.5.1 Release Notes]]></value>
				</property>
			</properties>
			<relations/>
			<accesscontrol/>
		</file>
		<file>
			<source>release/8.5.1-release-notes/index.html</source>
			<destination>release/8.5.1-release-notes/index.html</destination>
			<type>containerpage</type>
			<uuidstructure>cd1ff6cb-7073-11e2-bfad-4b0ffc7a0e9d</uuidstructure>
			<uuidresource>cd1ff6cc-7073-11e2-bfad-4b0ffc7a0e9d</uuidresource>
			<datelastmodified>Wed, 06 Feb 2013 15:43:55 GMT</datelastmodified>
			<userlastmodified>Admin</userlastmodified>
			<datecreated>Wed, 06 Feb 2013 15:42:23 GMT</datecreated>
			<usercreated>Admin</usercreated>
			<flags>0</flags>
			<properties>
				<property>
					<name>Title</name>
					<value><![CDATA[8.5.1 Release Notes]]></value>
				</property>
			</properties>
			<relations/>
			<accesscontrol/>
		</file>
		<file>
			<destination>release/8.5.2-release-notes</destination>
			<type>folder</type>
			<uuidstructure>c5202a08-e79c-11e2-b9ba-0b58e55c41a7</uuidstructure>
			<datelastmodified>Mon, 08 Jul 2013 07:05:48 GMT</datelastmodified>
			<userlastmodified>Admin</userlastmodified>
			<datecreated>Mon, 08 Jul 2013 07:05:28 GMT</datecreated>
			<usercreated>Admin</usercreated>
			<flags>0</flags>
			<properties>
				<property>
					<name>NavPos</name>
					<value><![CDATA[0.050000012]]></value>
				</property>
				<property>
					<name>NavText</name>
					<value><![CDATA[8.5.2 Release Notes]]></value>
				</property>
				<property>
					<name>Title</name>
					<value><![CDATA[8.5.2 Release Notes]]></value>
				</property>
			</properties>
			<relations/>
			<accesscontrol/>
		</file>
		<file>
			<source>release/8.5.2-release-notes/index.html</source>
			<destination>release/8.5.2-release-notes/index.html</destination>
			<type>containerpage</type>
			<uuidstructure>c5333cdd-e79c-11e2-b9ba-0b58e55c41a7</uuidstructure>
			<uuidresource>c5333cde-e79c-11e2-b9ba-0b58e55c41a7</uuidresource>
			<datelastmodified>Mon, 08 Jul 2013 07:06:28 GMT</datelastmodified>
			<userlastmodified>Admin</userlastmodified>
			<datecreated>Mon, 08 Jul 2013 07:05:28 GMT</datecreated>
			<usercreated>Admin</usercreated>
			<flags>0</flags>
			<properties>
				<property>
					<name>Description</name>
					<value><![CDATA[2 column layout (left / center)]]></value>
				</property>
				<property>
					<name>Title</name>
					<value><![CDATA[8.5.2 Release Notes]]></value>
				</property>
				<property>
					<name>style.columns</name>
					<value><![CDATA[2]]></value>
				</property>
				<property>
					<name>template</name>
					<value><![CDATA[/system/modules/com.alkacon.opencms.v8.template3/templates/main.jsp]]></value>
				</property>
			</properties>
			<relations/>
			<accesscontrol/>
		</file>
		<file>
			<destination>release/installation</destination>
			<type>folder</type>
			<uuidstructure>e19630cc-7720-11e0-bfd0-1797e684fbbe</uuidstructure>
			<datelastmodified>Wed, 29 Jun 2011 09:04:00 GMT</datelastmodified>
			<userlastmodified>Admin</userlastmodified>
			<datecreated>Thu, 05 May 2011 14:06:32 GMT</datecreated>
			<usercreated>Admin</usercreated>
			<flags>0</flags>
			<properties>
				<property>
					<name>NavPos</name>
					<value><![CDATA[60.0]]></value>
				</property>
				<property>
					<name>NavText</name>
					<value><![CDATA[Installation]]></value>
				</property>
				<property>
					<name>Title</name>
					<value><![CDATA[Installation]]></value>
				</property>
			</properties>
			<relations/>
			<accesscontrol/>
		</file>
		<file>
			<source>release/installation/index.html</source>
			<destination>release/installation/index.html</destination>
			<type>containerpage</type>
			<uuidstructure>e19b12d0-7720-11e0-bfd0-1797e684fbbe</uuidstructure>
			<uuidresource>e19b12d1-7720-11e0-bfd0-1797e684fbbe</uuidresource>
			<datelastmodified>Mon, 10 Sep 2012 15:28:04 GMT</datelastmodified>
			<userlastmodified>Admin</userlastmodified>
			<datecreated>Thu, 05 May 2011 14:06:32 GMT</datecreated>
			<usercreated>Admin</usercreated>
			<flags>0</flags>
			<properties/>
			<relations/>
			<accesscontrol/>
		</file>
		<file>
			<destination>release/mailing-list</destination>
			<type>folder</type>
			<uuidstructure>8fe88b64-7722-11e0-bfd0-1797e684fbbe</uuidstructure>
			<datelastmodified>Wed, 29 Jun 2011 09:04:00 GMT</datelastmodified>
			<userlastmodified>Admin</userlastmodified>
			<datecreated>Thu, 05 May 2011 14:18:34 GMT</datecreated>
			<usercreated>Admin</usercreated>
			<flags>0</flags>
			<properties>
				<property>
					<name>NavPos</name>
					<value><![CDATA[70.0]]></value>
				</property>
				<property>
					<name>NavText</name>
					<value><![CDATA[Mailing list]]></value>
				</property>
				<property>
					<name>Title</name>
					<value><![CDATA[Subscribe to the OpenCms mailing list]]></value>
				</property>
			</properties>
			<relations/>
			<accesscontrol/>
		</file>
		<file>
			<source>release/mailing-list/index.html</source>
			<destination>release/mailing-list/index.html</destination>
			<type>containerpage</type>
			<uuidstructure>8fed4658-7722-11e0-bfd0-1797e684fbbe</uuidstructure>
			<uuidresource>8fed4659-7722-11e0-bfd0-1797e684fbbe</uuidresource>
			<datelastmodified>Mon, 10 Sep 2012 15:28:22 GMT</datelastmodified>
			<userlastmodified>Admin</userlastmodified>
			<datecreated>Thu, 05 May 2011 14:18:34 GMT</datecreated>
			<usercreated>Admin</usercreated>
			<flags>0</flags>
			<properties/>
			<relations/>
			<accesscontrol/>
		</file>
		<file>
			<destination>system</destination>
			<type>folder</type>
			<uuidstructure>4bc5f9f7-7070-11e2-bfad-4b0ffc7a0e9d</uuidstructure>
			<datelastmodified>Wed, 06 Feb 2013 15:17:18 GMT</datelastmodified>
			<userlastmodified>Admin</userlastmodified>
			<datecreated>Wed, 06 Feb 2013 15:17:18 GMT</datecreated>
			<usercreated>Admin</usercreated>
			<flags>0</flags>
			<properties/>
			<relations/>
			<accesscontrol>
				<accessentry>
					<uuidprincipal>ROLE.WORKPLACE_USER</uuidprincipal>
					<flags>514</flags>
					<permissionset>
						<allowed>1</allowed>
						<denied>0</denied>
					</permissionset>
				</accessentry>
			</accesscontrol>
		</file>
		<file>
			<destination>system/modules</destination>
			<type>folder</type>
			<uuidstructure>4f60ad23-7070-11e2-bfad-4b0ffc7a0e9d</uuidstructure>
			<datelastmodified>Wed, 06 Feb 2013 15:17:24 GMT</datelastmodified>
			<userlastmodified>Admin</userlastmodified>
			<datecreated>Wed, 06 Feb 2013 15:17:24 GMT</datecreated>
			<usercreated>Admin</usercreated>
			<flags>0</flags>
			<properties/>
			<relations/>
			<accesscontrol>
				<accessentry>
					<uuidprincipal>ROLE.WORKPLACE_USER</uuidprincipal>
					<flags>514</flags>
					<permissionset>
						<allowed>5</allowed>
						<denied>0</denied>
					</permissionset>
				</accessentry>
			</accesscontrol>
		</file>
		<file>
			<destination>system/modules/org.opencms.welcome</destination>
			<type>folder</type>
			<uuidstructure>f1895c29-11b7-11db-91cd-fdbae480bac9</uuidstructure>
			<datelastmodified>Mon, 27 Mar 2006 12:00:00 GMT</datelastmodified>
			<userlastmodified>Admin</userlastmodified>
			<datecreated>Mon, 27 Jun 2005 08:00:00 GMT</datecreated>
			<usercreated>Admin</usercreated>
			<flags>0</flags>
			<properties>
				<property>
					<name>export</name>
					<value><![CDATA[false]]></value>
				</property>
			</properties>
			<relations/>
			<accesscontrol/>
		</file>
		<file>
			<destination>system/modules/org.opencms.welcome/resources</destination>
			<type>folder</type>
			<uuidstructure>f19c6f11-11b7-11db-91cd-fdbae480bac9</uuidstructure>
			<datelastmodified>Mon, 27 Mar 2006 12:00:00 GMT</datelastmodified>
			<userlastmodified>Admin</userlastmodified>
			<datecreated>Mon, 27 Jun 2005 08:00:00 GMT</datecreated>
			<usercreated>Admin</usercreated>
			<flags>0</flags>
			<properties/>
			<relations/>
			<accesscontrol/>
		</file>
		<file>
			<destination>system/modules/org.opencms.welcome/resources/css</destination>
			<type>folder</type>
			<uuidstructure>6ebacc4e-e5d6-11dc-838d-31960a76c470</uuidstructure>
			<datelastmodified>Thu, 28 Feb 2008 08:23:25 GMT</datelastmodified>
			<userlastmodified>Admin</userlastmodified>
			<datecreated>Thu, 28 Feb 2008 08:23:25 GMT</datecreated>
			<usercreated>Admin</usercreated>
			<flags>0</flags>
			<properties/>
			<relations/>
			<accesscontrol/>
		</file>
		<file>
			<source>system/modules/org.opencms.welcome/resources/css/welcome.css</source>
			<destination>system/modules/org.opencms.welcome/resources/css/welcome.css</destination>
			<type>plain</type>
			<uuidstructure>f1a5e4fa-11b7-11db-91cd-fdbae480bac9</uuidstructure>
			<uuidresource>16e5c051-c102-11d7-a1e4-9b02dffa6399</uuidresource>
			<datelastmodified>Fri, 29 Feb 2008 13:45:44 GMT</datelastmodified>
			<userlastmodified>Admin</userlastmodified>
			<datecreated>Mon, 27 Jun 2005 08:00:00 GMT</datecreated>
			<usercreated>Admin</usercreated>
			<flags>0</flags>
			<properties>
				<property>
					<name>Title</name>
					<value><![CDATA[Welcome template style sheet]]></value>
				</property>
				<property>
					<name>export</name>
					<value><![CDATA[true]]></value>
				</property>
			</properties>
			<relations/>
			<accesscontrol/>
		</file>
		<file>
			<destination>system/modules/org.opencms.welcome/resources/images</destination>
			<type>folder</type>
			<uuidstructure>e69f01b9-e5d4-11dc-838d-31960a76c470</uuidstructure>
			<datelastmodified>Thu, 28 Feb 2008 16:26:24 GMT</datelastmodified>
			<userlastmodified>Admin</userlastmodified>
			<datecreated>Thu, 28 Feb 2008 08:12:28 GMT</datecreated>
			<usercreated>Admin</usercreated>
			<flags>0</flags>
			<properties>
				<property>
					<name>Title</name>
					<value><![CDATA[Template images Welcome Module]]></value>
				</property>
			</properties>
			<relations/>
			<accesscontrol>
				<accessentry>
					<uuidprincipal>GROUP.Users</uuidprincipal>
					<flags>38</flags>
					<permissionset>
						<allowed>1</allowed>
						<denied>0</denied>
					</permissionset>
				</accessentry>
			</accesscontrol>
		</file>
		<file>
			<source>system/modules/org.opencms.welcome/resources/images/bg_foot_welcome_png24.png</source>
			<destination>system/modules/org.opencms.welcome/resources/images/bg_foot_welcome_png24.png</destination>
			<type>image</type>
			<uuidstructure>fa6ff5f3-e617-11dc-a594-c3eec68d3370</uuidstructure>
			<uuidresource>fa6ff5f4-e617-11dc-a594-c3eec68d3370</uuidresource>
			<datelastmodified>Thu, 28 Feb 2008 17:13:37 GMT</datelastmodified>
			<userlastmodified>Admin</userlastmodified>
			<datecreated>Thu, 28 Feb 2008 16:12:37 GMT</datecreated>
			<usercreated>Admin</usercreated>
			<flags>0</flags>
			<properties>
				<property>
					<name>Title</name>
					<value><![CDATA[bg_foot_welcome_png24]]></value>
				</property>
				<property type="shared">
					<name>image.size</name>
					<value><![CDATA[w:20,h:40]]></value>
				</property>
			</properties>
			<relations/>
			<accesscontrol/>
		</file>
		<file>
			<source>system/modules/org.opencms.welcome/resources/images/bg_head_welcome_png24.png</source>
			<destination>system/modules/org.opencms.welcome/resources/images/bg_head_welcome_png24.png</destination>
			<type>image</type>
			<uuidstructure>ec45a886-e612-11dc-a594-c3eec68d3370</uuidstructure>
			<uuidresource>ec45a887-e612-11dc-a594-c3eec68d3370</uuidresource>
			<datelastmodified>Thu, 28 Feb 2008 18:04:15 GMT</datelastmodified>
			<userlastmodified>Admin</userlastmodified>
			<datecreated>Thu, 28 Feb 2008 15:36:26 GMT</datecreated>
			<usercreated>Admin</usercreated>
			<flags>0</flags>
			<properties>
				<property>
					<name>Title</name>
					<value><![CDATA[bg_head_welcome_png24]]></value>
				</property>
				<property type="shared">
					<name>image.size</name>
					<value><![CDATA[w:33,h:120]]></value>
				</property>
			</properties>
			<relations/>
			<accesscontrol/>
		</file>
		<file>
			<source>system/modules/org.opencms.welcome/resources/images/bg_welcome_png24.png</source>
			<destination>system/modules/org.opencms.welcome/resources/images/bg_welcome_png24.png</destination>
			<type>image</type>
			<uuidstructure>fa5f2e0f-e617-11dc-a594-c3eec68d3370</uuidstructure>
			<uuidresource>fa5f2e10-e617-11dc-a594-c3eec68d3370</uuidresource>
			<datelastmodified>Thu, 28 Feb 2008 17:03:49 GMT</datelastmodified>
			<userlastmodified>Admin</userlastmodified>
			<datecreated>Thu, 28 Feb 2008 16:12:37 GMT</datecreated>
			<usercreated>Admin</usercreated>
			<flags>0</flags>
			<properties>
				<property>
					<name>Title</name>
					<value><![CDATA[bg_welcome_png24]]></value>
				</property>
				<property type="shared">
					<name>image.size</name>
					<value><![CDATA[w:20,h:400]]></value>
				</property>
			</properties>
			<relations/>
			<accesscontrol/>
		</file>
		<file>
			<source>system/modules/org.opencms.welcome/resources/images/logo_alkacon_png24.png</source>
			<destination>system/modules/org.opencms.welcome/resources/images/logo_alkacon_png24.png</destination>
			<type>image</type>
			<uuidstructure>ec7ee0fa-e612-11dc-a594-c3eec68d3370</uuidstructure>
			<uuidresource>ec7ee0fb-e612-11dc-a594-c3eec68d3370</uuidresource>
			<datelastmodified>Fri, 29 Feb 2008 10:52:45 GMT</datelastmodified>
			<userlastmodified>Admin</userlastmodified>
			<datecreated>Thu, 28 Feb 2008 15:36:26 GMT</datecreated>
			<usercreated>Admin</usercreated>
			<flags>0</flags>
			<properties>
				<property>
					<name>Title</name>
					<value><![CDATA[logo_alkacon_png24]]></value>
				</property>
				<property type="shared">
					<name>image.size</name>
					<value><![CDATA[w:154,h:50]]></value>
				</property>
			</properties>
			<relations/>
			<accesscontrol/>
		</file>
		<file>
			<source>system/modules/org.opencms.welcome/resources/images/logo_opencms_png24.png</source>
			<destination>system/modules/org.opencms.welcome/resources/images/logo_opencms_png24.png</destination>
			<type>image</type>
			<uuidstructure>ec860cee-e612-11dc-a594-c3eec68d3370</uuidstructure>
			<uuidresource>ec860cef-e612-11dc-a594-c3eec68d3370</uuidresource>
			<datelastmodified>Fri, 29 Feb 2008 10:52:45 GMT</datelastmodified>
			<userlastmodified>Admin</userlastmodified>
			<datecreated>Thu, 28 Feb 2008 15:36:26 GMT</datecreated>
			<usercreated>Admin</usercreated>
			<flags>0</flags>
			<properties>
				<property>
					<name>Title</name>
					<value><![CDATA[logo_opencms_png24]]></value>
				</property>
				<property type="shared">
					<name>image.size</name>
					<value><![CDATA[w:206,h:50]]></value>
				</property>
			</properties>
			<relations/>
			<accesscontrol/>
		</file>
		<file>
			<destination>welcome</destination>
			<type>folder</type>
			<uuidstructure>6f0915e1-0194-11e2-a2ab-000c2972a6a4</uuidstructure>
			<datelastmodified>Tue, 18 Sep 2012 13:28:20 GMT</datelastmodified>
			<userlastmodified>Admin</userlastmodified>
			<datecreated>Tue, 18 Sep 2012 13:26:20 GMT</datecreated>
			<usercreated>Admin</usercreated>
			<flags>0</flags>
			<properties>
				<property>
					<name>NavPos</name>
					<value><![CDATA[0.25]]></value>
				</property>
				<property>
					<name>NavText</name>
					<value><![CDATA[Welcome to OpenCms]]></value>
				</property>
				<property>
					<name>Title</name>
					<value><![CDATA[Welcome to OpenCms]]></value>
				</property>
				<property type="shared">
					<name>Title</name>
					<value><![CDATA[page]]></value>
				</property>
				<property>
					<name>style.columns</name>
					<value><![CDATA[2]]></value>
				</property>
				<property>
					<name>style.layout</name>
					<value><![CDATA[/release/.content/style]]></value>
				</property>
				<property>
					<name>template</name>
					<value><![CDATA[/system/modules/com.alkacon.opencms.v8.template3/templates/main.jsp]]></value>
				</property>
			</properties>
			<relations/>
			<accesscontrol/>
		</file>
		<file>
			<source>welcome/index.html</source>
			<destination>welcome/index.html</destination>
			<type>containerpage</type>
			<uuidstructure>da97aa19-77c5-11e0-be13-000c2972a6a4</uuidstructure>
			<uuidresource>da97aa1a-77c5-11e0-be13-000c2972a6a4</uuidresource>
			<datelastmodified>Tue, 18 Sep 2012 13:27:50 GMT</datelastmodified>
			<userlastmodified>Admin</userlastmodified>
			<datecreated>Fri, 06 May 2011 09:47:28 GMT</datecreated>
			<usercreated>Admin</usercreated>
			<flags>0</flags>
			<properties>
				<property>
					<name>Title</name>
					<value><![CDATA[Welcome to OpenCms]]></value>
				</property>
			</properties>
			<relations/>
			<accesscontrol/>
		</file>
		<file>
			<source>index.html</source>
			<destination>index.html</destination>
			<type>htmlredirect</type>
			<uuidstructure>ef2df4de-0194-11e2-a2ab-000c2972a6a4</uuidstructure>
			<uuidresource>ef2df4df-0194-11e2-a2ab-000c2972a6a4</uuidresource>
			<datelastmodified>Thu, 20 Sep 2012 07:24:21 GMT</datelastmodified>
			<userlastmodified>Admin</userlastmodified>
			<datecreated>Tue, 18 Sep 2012 13:29:55 GMT</datecreated>
			<usercreated>Admin</usercreated>
			<flags>0</flags>
			<properties>
				<property>
					<name>Title</name>
					<value><![CDATA[Welcome to OpenCms]]></value>
				</property>
				<property>
					<name>search.exclude</name>
					<value><![CDATA[all]]></value>
				</property>
				<property type="shared">
					<name>template-elements</name>
					<value><![CDATA[/system/modules/org.opencms.ade.sitemap/pages/redirect-detail.jsp]]></value>
				</property>
			</properties>
			<relations/>
			<accesscontrol/>
		</file>
	</files>
</export>
