<?xml version="1.0" encoding="UTF-8"?>

<export>
	<info>
		<creator>Admin</creator>
		<opencms_version>8.5</opencms_version>
		<createdate>Mon, 10 Sep 2012 15:05:27 GMT</createdate>
		<infoproject>Offline</infoproject>
		<export_version>7</export_version>
	</info>
	<module>
		<name>com.alkacon.opencms.v8.flower</name>
		<nicename><![CDATA[OpenCms 8 Flower]]></nicename>
		<group>OpenCms 8 types</group>
		<class/>
		<description><![CDATA[Provides a flower resource type that can be used in OpenCms 8 templates.]]></description>
		<version>8.5.1</version>
		<authorname><![CDATA[Alkacon Software GmbH]]></authorname>
		<authoremail><![CDATA[sales@alkacon.com]]></authoremail>
		<datecreated/>
		<userinstalled/>
		<dateinstalled/>
		<dependencies>
			<dependency name="org.opencms.ade.config" version="8.0.0"/>
		</dependencies>
		<exportpoints>
			<exportpoint uri="/system/modules/com.alkacon.opencms.v8.flower/classes/" destination="WEB-INF/classes/"/>
		</exportpoints>
		<resources>
			<resource uri="/system/modules/com.alkacon.opencms.v8.flower/"/>
			<resource uri="/system/workplace/resources/filetypes/v8flower.png"/>
			<resource uri="/system/workplace/resources/filetypes/v8flower_big.png"/>
		</resources>
		<parameters/>
		<resourcetypes>
			<type class="org.opencms.file.types.CmsResourceTypeXmlContent" name="v8flower" id="150">
				<param name="schema">/system/modules/com.alkacon.opencms.v8.flower/schemas/flower.xsd</param>
			</type>
		</resourcetypes>
		<explorertypes>
			<explorertype name="v8flower" key="fileicon.v8flower" icon="v8flower.png" bigicon="v8flower_big.png" reference="xmlcontent">
				<newresource page="structurecontent" uri="newresource_xmlcontent.jsp?newresourcetype=v8flower" order="120" autosetnavigation="false" autosettitle="false" info="desc.v8flower"/>
				<accesscontrol>
					<accessentry principal="ROLE.WORKPLACE_USER" permissions="+r+v+w+c"/>
				</accesscontrol>
			</explorertype>
		</explorertypes>
	</module>
	<files>
		<file>
			<destination>system</destination>
			<type>folder</type>
			<uuidstructure>8aecd78a-f666-11e1-930b-2fc8aa430640</uuidstructure>
			<datelastmodified>Tue, 04 Sep 2012 08:00:07 GMT</datelastmodified>
			<userlastmodified>Admin</userlastmodified>
			<datecreated>Tue, 04 Sep 2012 08:00:07 GMT</datecreated>
			<usercreated>Admin</usercreated>
			<flags>0</flags>
			<properties/>
			<relations/>
			<accesscontrol>
				<accessentry>
					<uuidprincipal>ROLE.WORKPLACE_USER</uuidprincipal>
					<flags>514</flags>
					<permissionset>
						<allowed>1</allowed>
						<denied>0</denied>
					</permissionset>
				</accessentry>
			</accesscontrol>
		</file>
		<file>
			<destination>system/modules</destination>
			<type>folder</type>
			<uuidstructure>8bfa5026-f666-11e1-930b-2fc8aa430640</uuidstructure>
			<datelastmodified>Tue, 04 Sep 2012 08:00:09 GMT</datelastmodified>
			<userlastmodified>Admin</userlastmodified>
			<datecreated>Tue, 04 Sep 2012 08:00:09 GMT</datecreated>
			<usercreated>Admin</usercreated>
			<flags>0</flags>
			<properties/>
			<relations/>
			<accesscontrol>
				<accessentry>
					<uuidprincipal>ROLE.WORKPLACE_USER</uuidprincipal>
					<flags>514</flags>
					<permissionset>
						<allowed>5</allowed>
						<denied>0</denied>
					</permissionset>
				</accessentry>
			</accesscontrol>
		</file>
		<file>
			<destination>system/modules/com.alkacon.opencms.v8.flower</destination>
			<type>folder</type>
			<uuidstructure>f911cac5-fb25-11e1-8f17-2fc8aa430640</uuidstructure>
			<datelastmodified>Mon, 10 Sep 2012 09:00:30 GMT</datelastmodified>
			<userlastmodified>Admin</userlastmodified>
			<datecreated>Mon, 10 Sep 2012 09:00:30 GMT</datecreated>
			<usercreated>Admin</usercreated>
			<flags>0</flags>
			<properties/>
			<relations/>
			<accesscontrol/>
		</file>
		<file>
			<source>system/modules/com.alkacon.opencms.v8.flower/.config</source>
			<destination>system/modules/com.alkacon.opencms.v8.flower/.config</destination>
			<type>module_config</type>
			<uuidstructure>66971c06-fb2b-11e1-b5b4-2fc8aa430640</uuidstructure>
			<uuidresource>66971c07-fb2b-11e1-b5b4-2fc8aa430640</uuidresource>
			<datelastmodified>Mon, 10 Sep 2012 09:43:41 GMT</datelastmodified>
			<userlastmodified>Admin</userlastmodified>
			<datecreated>Mon, 10 Sep 2012 09:39:22 GMT</datecreated>
			<usercreated>Admin</usercreated>
			<flags>0</flags>
			<properties>
				<property>
					<name>locale</name>
					<value><![CDATA[en]]></value>
				</property>
				<property>
					<name>locale-available</name>
					<value><![CDATA[en]]></value>
				</property>
			</properties>
			<relations/>
			<accesscontrol/>
		</file>
		<file>
			<destination>system/modules/com.alkacon.opencms.v8.flower/classes</destination>
			<type>folder</type>
			<uuidstructure>5fd2b969-fb26-11e1-8f17-2fc8aa430640</uuidstructure>
			<datelastmodified>Mon, 10 Sep 2012 09:56:00 GMT</datelastmodified>
			<userlastmodified>Admin</userlastmodified>
			<datecreated>Mon, 10 Sep 2012 09:03:23 GMT</datecreated>
			<usercreated>Admin</usercreated>
			<flags>0</flags>
			<properties/>
			<relations/>
			<accesscontrol/>
		</file>
		<file>
			<destination>system/modules/com.alkacon.opencms.v8.flower/classes/com</destination>
			<type>folder</type>
			<uuidstructure>664bad1b-fb26-11e1-8f17-2fc8aa430640</uuidstructure>
			<datelastmodified>Mon, 10 Sep 2012 09:56:00 GMT</datelastmodified>
			<userlastmodified>Admin</userlastmodified>
			<datecreated>Mon, 10 Sep 2012 09:03:34 GMT</datecreated>
			<usercreated>Admin</usercreated>
			<flags>0</flags>
			<properties/>
			<relations/>
			<accesscontrol/>
		</file>
		<file>
			<destination>system/modules/com.alkacon.opencms.v8.flower/classes/com/alkacon</destination>
			<type>folder</type>
			<uuidstructure>6f5de94d-fb26-11e1-8f17-2fc8aa430640</uuidstructure>
			<datelastmodified>Mon, 10 Sep 2012 09:56:00 GMT</datelastmodified>
			<userlastmodified>Admin</userlastmodified>
			<datecreated>Mon, 10 Sep 2012 09:03:49 GMT</datecreated>
			<usercreated>Admin</usercreated>
			<flags>0</flags>
			<properties/>
			<relations/>
			<accesscontrol/>
		</file>
		<file>
			<destination>system/modules/com.alkacon.opencms.v8.flower/classes/com/alkacon/opencms</destination>
			<type>folder</type>
			<uuidstructure>7674557f-fb26-11e1-8f17-2fc8aa430640</uuidstructure>
			<datelastmodified>Mon, 10 Sep 2012 09:56:00 GMT</datelastmodified>
			<userlastmodified>Admin</userlastmodified>
			<datecreated>Mon, 10 Sep 2012 09:04:01 GMT</datecreated>
			<usercreated>Admin</usercreated>
			<flags>0</flags>
			<properties/>
			<relations/>
			<accesscontrol/>
		</file>
		<file>
			<destination>system/modules/com.alkacon.opencms.v8.flower/classes/com/alkacon/opencms/v8</destination>
			<type>folder</type>
			<uuidstructure>7d40c061-fb26-11e1-8f17-2fc8aa430640</uuidstructure>
			<datelastmodified>Mon, 10 Sep 2012 09:56:00 GMT</datelastmodified>
			<userlastmodified>Admin</userlastmodified>
			<datecreated>Mon, 10 Sep 2012 09:04:12 GMT</datecreated>
			<usercreated>Admin</usercreated>
			<flags>0</flags>
			<properties/>
			<relations/>
			<accesscontrol/>
		</file>
		<file>
			<destination>system/modules/com.alkacon.opencms.v8.flower/classes/com/alkacon/opencms/v8/flower</destination>
			<type>folder</type>
			<uuidstructure>897d8893-fb26-11e1-8f17-2fc8aa430640</uuidstructure>
			<datelastmodified>Mon, 10 Sep 2012 09:56:00 GMT</datelastmodified>
			<userlastmodified>Admin</userlastmodified>
			<datecreated>Mon, 10 Sep 2012 09:04:33 GMT</datecreated>
			<usercreated>Admin</usercreated>
			<flags>0</flags>
			<properties/>
			<relations/>
			<accesscontrol/>
		</file>
		<file>
			<source>system/modules/com.alkacon.opencms.v8.flower/classes/com/alkacon/opencms/v8/flower/workplace.properties</source>
			<destination>system/modules/com.alkacon.opencms.v8.flower/classes/com/alkacon/opencms/v8/flower/workplace.properties</destination>
			<type>plain</type>
			<uuidstructure>bb1e3c8a-fb28-11e1-8f17-2fc8aa430640</uuidstructure>
			<uuidresource>9e48cc19-fb28-11e1-8f17-2fc8aa430640</uuidresource>
			<datelastmodified>Mon, 10 Sep 2012 09:59:00 GMT</datelastmodified>
			<userlastmodified>Admin</userlastmodified>
			<datecreated>Mon, 10 Sep 2012 09:19:27 GMT</datecreated>
			<usercreated>Admin</usercreated>
			<flags>0</flags>
			<properties/>
			<relations/>
			<accesscontrol/>
		</file>
		<file>
			<source>system/modules/com.alkacon.opencms.v8.flower/classes/com/alkacon/opencms/v8/flower/workplace_de.properties</source>
			<destination>system/modules/com.alkacon.opencms.v8.flower/classes/com/alkacon/opencms/v8/flower/workplace_de.properties</destination>
			<type>plain</type>
			<uuidstructure>9e3f2f25-fb28-11e1-8f17-2fc8aa430640</uuidstructure>
			<uuidresource>9e3f2f26-fb28-11e1-8f17-2fc8aa430640</uuidresource>
			<datelastmodified>Mon, 10 Sep 2012 09:59:11 GMT</datelastmodified>
			<userlastmodified>Admin</userlastmodified>
			<datecreated>Mon, 10 Sep 2012 09:19:27 GMT</datecreated>
			<usercreated>Admin</usercreated>
			<flags>0</flags>
			<properties>
				<property>
					<name>content-encoding</name>
					<value><![CDATA[ISO-8859-1]]></value>
				</property>
			</properties>
			<relations/>
			<accesscontrol/>
		</file>
		<file>
			<destination>system/modules/com.alkacon.opencms.v8.flower/classes/com/alkacon/opencms/v8/flower/workplace_en.properties</destination>
			<type>plain</type>
			<uuidstructure>9e48cc18-fb28-11e1-8f17-2fc8aa430640</uuidstructure>
			<uuidresource>9e48cc19-fb28-11e1-8f17-2fc8aa430640</uuidresource>
			<datelastmodified>Mon, 10 Sep 2012 09:59:00 GMT</datelastmodified>
			<userlastmodified>Admin</userlastmodified>
			<datecreated>Mon, 10 Sep 2012 09:19:27 GMT</datecreated>
			<usercreated>Admin</usercreated>
			<flags>0</flags>
			<properties/>
			<relations/>
			<accesscontrol/>
		</file>
		<file>
			<destination>system/modules/com.alkacon.opencms.v8.flower/formatters</destination>
			<type>folder</type>
			<uuidstructure>f91b40a7-fb25-11e1-8f17-2fc8aa430640</uuidstructure>
			<datelastmodified>Mon, 10 Sep 2012 09:00:30 GMT</datelastmodified>
			<userlastmodified>Admin</userlastmodified>
			<datecreated>Mon, 10 Sep 2012 09:00:30 GMT</datecreated>
			<usercreated>Admin</usercreated>
			<flags>0</flags>
			<properties/>
			<relations/>
			<accesscontrol/>
		</file>
		<file>
			<source>system/modules/com.alkacon.opencms.v8.flower/formatters/detail.jsp</source>
			<destination>system/modules/com.alkacon.opencms.v8.flower/formatters/detail.jsp</destination>
			<type>jsp</type>
			<uuidstructure>5627bf9f-fb26-11e1-8f17-2fc8aa430640</uuidstructure>
			<uuidresource>5627bfa0-fb26-11e1-8f17-2fc8aa430640</uuidresource>
			<datelastmodified>Mon, 10 Sep 2012 10:28:26 GMT</datelastmodified>
			<userlastmodified>Admin</userlastmodified>
			<datecreated>Mon, 10 Sep 2012 09:03:07 GMT</datecreated>
			<usercreated>Admin</usercreated>
			<flags>0</flags>
			<properties>
				<property>
					<name>Title</name>
					<value><![CDATA[Formatter for detail view]]></value>
				</property>
				<property>
					<name>cache</name>
					<value><![CDATA[container-element;locale]]></value>
				</property>
				<property type="shared">
					<name>export</name>
					<value><![CDATA[false]]></value>
				</property>
			</properties>
			<relations/>
			<accesscontrol/>
		</file>
		<file>
			<source>system/modules/com.alkacon.opencms.v8.flower/formatters/side.jsp</source>
			<destination>system/modules/com.alkacon.opencms.v8.flower/formatters/side.jsp</destination>
			<type>jsp</type>
			<uuidstructure>5635f074-fb26-11e1-8f17-2fc8aa430640</uuidstructure>
			<uuidresource>5635f075-fb26-11e1-8f17-2fc8aa430640</uuidresource>
			<datelastmodified>Mon, 10 Sep 2012 10:26:57 GMT</datelastmodified>
			<userlastmodified>Admin</userlastmodified>
			<datecreated>Mon, 10 Sep 2012 09:03:07 GMT</datecreated>
			<usercreated>Admin</usercreated>
			<flags>0</flags>
			<properties>
				<property>
					<name>Title</name>
					<value><![CDATA[Formatter for side containers]]></value>
				</property>
				<property>
					<name>cache</name>
					<value><![CDATA[container-element;locale]]></value>
				</property>
				<property type="shared">
					<name>export</name>
					<value><![CDATA[false]]></value>
				</property>
			</properties>
			<relations/>
			<accesscontrol/>
		</file>
		<file>
			<destination>system/modules/com.alkacon.opencms.v8.flower/schemas</destination>
			<type>folder</type>
			<uuidstructure>f91db1a9-fb25-11e1-8f17-2fc8aa430640</uuidstructure>
			<datelastmodified>Mon, 10 Sep 2012 09:00:30 GMT</datelastmodified>
			<userlastmodified>Admin</userlastmodified>
			<datecreated>Mon, 10 Sep 2012 09:00:30 GMT</datecreated>
			<usercreated>Admin</usercreated>
			<flags>0</flags>
			<properties/>
			<relations/>
			<accesscontrol/>
		</file>
		<file>
			<source>system/modules/com.alkacon.opencms.v8.flower/schemas/flower.xsd</source>
			<destination>system/modules/com.alkacon.opencms.v8.flower/schemas/flower.xsd</destination>
			<type>plain</type>
			<uuidstructure>4efe408b-fb26-11e1-8f17-2fc8aa430640</uuidstructure>
			<uuidresource>4efe408c-fb26-11e1-8f17-2fc8aa430640</uuidresource>
			<datelastmodified>Mon, 10 Sep 2012 12:38:38 GMT</datelastmodified>
			<userlastmodified>Admin</userlastmodified>
			<datecreated>Mon, 10 Sep 2012 09:02:55 GMT</datecreated>
			<usercreated>Admin</usercreated>
			<flags>0</flags>
			<properties>
				<property>
					<name>Title</name>
					<value><![CDATA[XSD for flower]]></value>
				</property>
			</properties>
			<relations/>
			<accesscontrol/>
		</file>
		<file>
			<destination>system/modules/com.alkacon.opencms.v8.flower/schemas/nested</destination>
			<type>folder</type>
			<uuidstructure>4f1af04e-fb26-11e1-8f17-2fc8aa430640</uuidstructure>
			<datelastmodified>Mon, 10 Sep 2012 09:02:55 GMT</datelastmodified>
			<userlastmodified>Admin</userlastmodified>
			<datecreated>Mon, 10 Sep 2012 09:02:55 GMT</datecreated>
			<usercreated>Admin</usercreated>
			<flags>0</flags>
			<properties/>
			<relations/>
			<accesscontrol/>
		</file>
		<file>
			<source>system/modules/com.alkacon.opencms.v8.flower/schemas/nested/description.xsd</source>
			<destination>system/modules/com.alkacon.opencms.v8.flower/schemas/nested/description.xsd</destination>
			<type>plain</type>
			<uuidstructure>4f35080c-fb26-11e1-8f17-2fc8aa430640</uuidstructure>
			<uuidresource>4f35080d-fb26-11e1-8f17-2fc8aa430640</uuidresource>
			<datelastmodified>Mon, 10 Sep 2012 10:08:12 GMT</datelastmodified>
			<userlastmodified>Admin</userlastmodified>
			<datecreated>Mon, 10 Sep 2012 09:02:55 GMT</datecreated>
			<usercreated>Admin</usercreated>
			<flags>0</flags>
			<properties>
				<property>
					<name>Title</name>
					<value><![CDATA[Nested XSD for flower description]]></value>
				</property>
			</properties>
			<relations/>
			<accesscontrol/>
		</file>
		<file>
			<source>system/modules/com.alkacon.opencms.v8.flower/schemas/nested/image.xsd</source>
			<destination>system/modules/com.alkacon.opencms.v8.flower/schemas/nested/image.xsd</destination>
			<type>plain</type>
			<uuidstructure>4f246633-fb26-11e1-8f17-2fc8aa430640</uuidstructure>
			<uuidresource>4f246634-fb26-11e1-8f17-2fc8aa430640</uuidresource>
			<datelastmodified>Mon, 10 Sep 2012 10:08:52 GMT</datelastmodified>
			<userlastmodified>Admin</userlastmodified>
			<datecreated>Mon, 10 Sep 2012 09:02:55 GMT</datecreated>
			<usercreated>Admin</usercreated>
			<flags>0</flags>
			<properties>
				<property>
					<name>Title</name>
					<value><![CDATA[Nested XSD for flower image]]></value>
				</property>
			</properties>
			<relations/>
			<accesscontrol/>
		</file>
		<file>
			<destination>system/workplace</destination>
			<type>folder</type>
			<uuidstructure>825afce2-11b7-11db-91cd-fdbae480bac9</uuidstructure>
			<datelastmodified>Mon, 27 Mar 2006 12:00:00 GMT</datelastmodified>
			<userlastmodified>Admin</userlastmodified>
			<datecreated>Mon, 27 Jun 2005 08:00:00 GMT</datecreated>
			<usercreated>Admin</usercreated>
			<flags>0</flags>
			<properties>
				<property>
					<name>content-encoding</name>
					<value><![CDATA[UTF-8]]></value>
				</property>
				<property>
					<name>export</name>
					<value><![CDATA[false]]></value>
				</property>
				<property>
					<name>login-form</name>
					<value><![CDATA[/system/login/index.html]]></value>
				</property>
			</properties>
			<relations/>
			<accesscontrol>
				<accessentry>
					<uuidprincipal>ALL_OTHERS</uuidprincipal>
					<flags>134</flags>
					<permissionset>
						<allowed>0</allowed>
						<denied>0</denied>
					</permissionset>
				</accessentry>
				<accessentry>
					<uuidprincipal>ROLE.WORKPLACE_USER</uuidprincipal>
					<flags>518</flags>
					<permissionset>
						<allowed>5</allowed>
						<denied>0</denied>
					</permissionset>
				</accessentry>
			</accesscontrol>
		</file>
		<file>
			<destination>system/workplace/resources</destination>
			<type>folder</type>
			<uuidstructure>82c16052-11b7-11db-91cd-fdbae480bac9</uuidstructure>
			<datelastmodified>Mon, 27 Mar 2006 12:00:00 GMT</datelastmodified>
			<userlastmodified>Admin</userlastmodified>
			<datecreated>Mon, 27 Jun 2005 08:00:00 GMT</datecreated>
			<usercreated>Admin</usercreated>
			<flags>0</flags>
			<properties/>
			<relations/>
			<accesscontrol/>
		</file>
		<file>
			<destination>system/workplace/resources/filetypes</destination>
			<type>folder</type>
			<uuidstructure>83ca1dcc-11b7-11db-91cd-fdbae480bac9</uuidstructure>
			<datelastmodified>Mon, 27 Mar 2006 12:00:00 GMT</datelastmodified>
			<userlastmodified>Admin</userlastmodified>
			<datecreated>Mon, 27 Jun 2005 08:00:00 GMT</datecreated>
			<usercreated>Admin</usercreated>
			<flags>0</flags>
			<properties/>
			<relations/>
			<accesscontrol/>
		</file>
		<file>
			<source>system/workplace/resources/filetypes/v8flower.png</source>
			<destination>system/workplace/resources/filetypes/v8flower.png</destination>
			<type>image</type>
			<uuidstructure>48f680f5-fb2d-11e1-aa60-2fc8aa430640</uuidstructure>
			<uuidresource>48f680f6-fb2d-11e1-aa60-2fc8aa430640</uuidresource>
			<datelastmodified>Mon, 10 Sep 2012 09:52:58 GMT</datelastmodified>
			<userlastmodified>Admin</userlastmodified>
			<datecreated>Mon, 10 Sep 2012 09:52:51 GMT</datecreated>
			<usercreated>Admin</usercreated>
			<flags>0</flags>
			<properties>
				<property type="shared">
					<name>image.size</name>
					<value><![CDATA[w:16,h:16]]></value>
				</property>
			</properties>
			<relations/>
			<accesscontrol/>
		</file>
		<file>
			<source>system/workplace/resources/filetypes/v8flower_big.png</source>
			<destination>system/workplace/resources/filetypes/v8flower_big.png</destination>
			<type>image</type>
			<uuidstructure>48fb62f9-fb2d-11e1-aa60-2fc8aa430640</uuidstructure>
			<uuidresource>48fb62fa-fb2d-11e1-aa60-2fc8aa430640</uuidresource>
			<datelastmodified>Mon, 10 Sep 2012 09:53:03 GMT</datelastmodified>
			<userlastmodified>Admin</userlastmodified>
			<datecreated>Mon, 10 Sep 2012 09:52:51 GMT</datecreated>
			<usercreated>Admin</usercreated>
			<flags>0</flags>
			<properties>
				<property type="shared">
					<name>image.size</name>
					<value><![CDATA[w:24,h:24]]></value>
				</property>
			</properties>
			<relations/>
			<accesscontrol/>
		</file>
	</files>
</export>
