<?xml version="1.0" encoding="UTF-8"?>

<export>
	<info>
		<creator>Admin</creator>
		<opencms_version>8.5</opencms_version>
		<createdate>Wed, 05 Sep 2012 08:18:29 GMT</createdate>
		<infoproject>Offline</infoproject>
		<export_version>7</export_version>
	</info>
	<module>
		<name>com.alkacon.opencms.v8.infobox</name>
		<nicename><![CDATA[OpenCms 8 Infobox]]></nicename>
		<group>OpenCms 8 types</group>
		<class/>
		<description><![CDATA[Provides an infobox resource type that can be used in OpenCms 8 templates.]]></description>
		<version>8.5.1</version>
		<authorname><![CDATA[Alkacon Software GmbH]]></authorname>
		<authoremail><![CDATA[sales@alkacon.com]]></authoremail>
		<datecreated/>
		<userinstalled/>
		<dateinstalled/>
		<dependencies>
			<dependency name="org.opencms.ade.config" version="8.0.0"/>
		</dependencies>
		<exportpoints>
			<exportpoint uri="/system/modules/com.alkacon.opencms.v8.infobox/classes/" destination="WEB-INF/classes/"/>
		</exportpoints>
		<resources>
			<resource uri="/system/modules/com.alkacon.opencms.v8.infobox/"/>
			<resource uri="/system/workplace/resources/filetypes/v8infobox.png"/>
			<resource uri="/system/workplace/resources/filetypes/v8infobox_big.png"/>
			<resource uri="/system/workplace/resources/filetypes/v8infoboxgallery.png"/>
			<resource uri="/system/workplace/resources/filetypes/v8infoboxgallery_big.png"/>
		</resources>
		<parameters/>
		<resourcetypes>
			<type class="org.opencms.file.types.CmsResourceTypeXmlContent" name="v8infobox" id="142">
				<param name="gallery.type.names">v8infoboxgallery</param>
				<param name="schema">/system/modules/com.alkacon.opencms.v8.infobox/schemas/infobox.xsd</param>
			</type>
			<type class="org.opencms.file.types.CmsResourceTypeFolderExtended" name="v8infoboxgallery" id="148">
				<param name="folder.class">org.opencms.workplace.galleries.CmsAjaxHtmlGallery</param>
			</type>
		</resourcetypes>
		<explorertypes>
			<explorertype name="v8infobox" key="fileicon.v8infobox" icon="v8infobox.png" bigicon="v8infobox_big.png" reference="xmlcontent">
				<newresource page="structurecontent" uri="newresource_xmlcontent.jsp?newresourcetype=v8infobox" order="113" autosetnavigation="false" autosettitle="false" info="desc.v8infobox"/>
				<accesscontrol>
					<accessentry principal="ROLE.WORKPLACE_USER" permissions="+r+v+w+c"/>
				</accesscontrol>
			</explorertype>
			<explorertype name="v8infoboxgallery" key="fileicon.v8infoboxgallery" icon="v8infoboxgallery.png" bigicon="v8infoboxgallery_big.png" reference="downloadgallery">
				<newresource page="extendedfolder" uri="newresource.jsp?newresourcetype=v8infoboxgallery" order="113" autosetnavigation="false" autosettitle="false" info="desc.v8infoboxgallery"/>
			</explorertype>
		</explorertypes>
	</module>
	<files>
		<file>
			<destination>system</destination>
			<type>folder</type>
			<uuidstructure>8aecd78a-f666-11e1-930b-2fc8aa430640</uuidstructure>
			<datelastmodified>Tue, 04 Sep 2012 08:00:07 GMT</datelastmodified>
			<userlastmodified>Admin</userlastmodified>
			<datecreated>Tue, 04 Sep 2012 08:00:07 GMT</datecreated>
			<usercreated>Admin</usercreated>
			<flags>0</flags>
			<properties/>
			<relations/>
			<accesscontrol>
				<accessentry>
					<uuidprincipal>ROLE.WORKPLACE_USER</uuidprincipal>
					<flags>514</flags>
					<permissionset>
						<allowed>1</allowed>
						<denied>0</denied>
					</permissionset>
				</accessentry>
			</accesscontrol>
		</file>
		<file>
			<destination>system/modules</destination>
			<type>folder</type>
			<uuidstructure>8bfa5026-f666-11e1-930b-2fc8aa430640</uuidstructure>
			<datelastmodified>Tue, 04 Sep 2012 08:00:09 GMT</datelastmodified>
			<userlastmodified>Admin</userlastmodified>
			<datecreated>Tue, 04 Sep 2012 08:00:09 GMT</datecreated>
			<usercreated>Admin</usercreated>
			<flags>0</flags>
			<properties/>
			<relations/>
			<accesscontrol>
				<accessentry>
					<uuidprincipal>ROLE.WORKPLACE_USER</uuidprincipal>
					<flags>514</flags>
					<permissionset>
						<allowed>5</allowed>
						<denied>0</denied>
					</permissionset>
				</accessentry>
			</accesscontrol>
		</file>
		<file>
			<destination>system/modules/com.alkacon.opencms.v8.infobox</destination>
			<type>folder</type>
			<uuidstructure>1e3953d9-82c0-11e0-ad58-c1b6fb5574d7</uuidstructure>
			<datelastmodified>Fri, 20 May 2011 09:04:07 GMT</datelastmodified>
			<userlastmodified>Admin</userlastmodified>
			<datecreated>Fri, 20 May 2011 09:04:07 GMT</datecreated>
			<usercreated>Admin</usercreated>
			<flags>0</flags>
			<properties/>
			<relations/>
			<accesscontrol/>
		</file>
		<file>
			<source>system/modules/com.alkacon.opencms.v8.infobox/.config</source>
			<destination>system/modules/com.alkacon.opencms.v8.infobox/.config</destination>
			<type>module_config</type>
			<uuidstructure>e6b3447a-7b3d-459a-b66f-36d079aa99dc</uuidstructure>
			<uuidresource>e6b3447a-7b3d-459a-b66f-36d079aa99dd</uuidresource>
			<datelastmodified>Tue, 28 Jun 2011 11:01:05 GMT</datelastmodified>
			<userlastmodified>Admin</userlastmodified>
			<datecreated>Wed, 20 Apr 2011 14:45:03 GMT</datecreated>
			<usercreated>Admin</usercreated>
			<flags>0</flags>
			<properties>
				<property>
					<name>locale</name>
					<value><![CDATA[en]]></value>
				</property>
				<property>
					<name>locale-available</name>
					<value><![CDATA[en]]></value>
				</property>
			</properties>
			<relations/>
			<accesscontrol/>
		</file>
		<file>
			<destination>system/modules/com.alkacon.opencms.v8.infobox/classes</destination>
			<type>folder</type>
			<uuidstructure>1e4784af-82c0-11e0-ad58-c1b6fb5574d7</uuidstructure>
			<datelastmodified>Fri, 20 May 2011 09:04:07 GMT</datelastmodified>
			<userlastmodified>Admin</userlastmodified>
			<datecreated>Fri, 20 May 2011 09:04:07 GMT</datecreated>
			<usercreated>Admin</usercreated>
			<flags>0</flags>
			<properties/>
			<relations/>
			<accesscontrol/>
		</file>
		<file>
			<destination>system/modules/com.alkacon.opencms.v8.infobox/classes/com</destination>
			<type>folder</type>
			<uuidstructure>1e49f5b1-82c0-11e0-ad58-c1b6fb5574d7</uuidstructure>
			<datelastmodified>Fri, 20 May 2011 09:04:07 GMT</datelastmodified>
			<userlastmodified>Admin</userlastmodified>
			<datecreated>Fri, 20 May 2011 09:04:07 GMT</datecreated>
			<usercreated>Admin</usercreated>
			<flags>0</flags>
			<properties/>
			<relations/>
			<accesscontrol/>
		</file>
		<file>
			<destination>system/modules/com.alkacon.opencms.v8.infobox/classes/com/alkacon</destination>
			<type>folder</type>
			<uuidstructure>1e4c66b3-82c0-11e0-ad58-c1b6fb5574d7</uuidstructure>
			<datelastmodified>Fri, 20 May 2011 09:04:07 GMT</datelastmodified>
			<userlastmodified>Admin</userlastmodified>
			<datecreated>Fri, 20 May 2011 09:04:07 GMT</datecreated>
			<usercreated>Admin</usercreated>
			<flags>0</flags>
			<properties/>
			<relations/>
			<accesscontrol/>
		</file>
		<file>
			<destination>system/modules/com.alkacon.opencms.v8.infobox/classes/com/alkacon/opencms</destination>
			<type>folder</type>
			<uuidstructure>1e4eb0a5-82c0-11e0-ad58-c1b6fb5574d7</uuidstructure>
			<datelastmodified>Fri, 20 May 2011 09:04:07 GMT</datelastmodified>
			<userlastmodified>Admin</userlastmodified>
			<datecreated>Fri, 20 May 2011 09:04:07 GMT</datecreated>
			<usercreated>Admin</usercreated>
			<flags>0</flags>
			<properties/>
			<relations/>
			<accesscontrol/>
		</file>
		<file>
			<destination>system/modules/com.alkacon.opencms.v8.infobox/classes/com/alkacon/opencms/v8</destination>
			<type>folder</type>
			<uuidstructure>1e5121a7-82c0-11e0-ad58-c1b6fb5574d7</uuidstructure>
			<datelastmodified>Fri, 20 May 2011 09:04:07 GMT</datelastmodified>
			<userlastmodified>Admin</userlastmodified>
			<datecreated>Fri, 20 May 2011 09:04:07 GMT</datecreated>
			<usercreated>Admin</usercreated>
			<flags>0</flags>
			<properties/>
			<relations/>
			<accesscontrol/>
		</file>
		<file>
			<destination>system/modules/com.alkacon.opencms.v8.infobox/classes/com/alkacon/opencms/v8/infobox</destination>
			<type>folder</type>
			<uuidstructure>1e55dc99-82c0-11e0-ad58-c1b6fb5574d7</uuidstructure>
			<datelastmodified>Fri, 20 May 2011 09:04:07 GMT</datelastmodified>
			<userlastmodified>Admin</userlastmodified>
			<datecreated>Fri, 20 May 2011 09:04:07 GMT</datecreated>
			<usercreated>Admin</usercreated>
			<flags>0</flags>
			<properties/>
			<relations/>
			<accesscontrol/>
		</file>
		<file>
			<source>system/modules/com.alkacon.opencms.v8.infobox/classes/com/alkacon/opencms/v8/infobox/workplace_de.properties</source>
			<destination>system/modules/com.alkacon.opencms.v8.infobox/classes/com/alkacon/opencms/v8/infobox/workplace_de.properties</destination>
			<type>plain</type>
			<uuidstructure>fa435346-82c1-11e0-ad58-c1b6fb5574d7</uuidstructure>
			<uuidresource>fa435347-82c1-11e0-ad58-c1b6fb5574d7</uuidresource>
			<datelastmodified>Mon, 23 May 2011 09:01:32 GMT</datelastmodified>
			<userlastmodified>Admin</userlastmodified>
			<datecreated>Fri, 20 May 2011 09:17:26 GMT</datecreated>
			<usercreated>Admin</usercreated>
			<flags>0</flags>
			<properties>
				<property>
					<name>content-encoding</name>
					<value><![CDATA[ISO-8859-1]]></value>
				</property>
			</properties>
			<relations/>
			<accesscontrol/>
		</file>
		<file>
			<source>system/modules/com.alkacon.opencms.v8.infobox/classes/com/alkacon/opencms/v8/infobox/workplace_en.properties</source>
			<destination>system/modules/com.alkacon.opencms.v8.infobox/classes/com/alkacon/opencms/v8/infobox/workplace_en.properties</destination>
			<type>plain</type>
			<uuidstructure>fa4a7f39-82c1-11e0-ad58-c1b6fb5574d7</uuidstructure>
			<uuidresource>fa4a7f3a-82c1-11e0-ad58-c1b6fb5574d7</uuidresource>
			<datelastmodified>Mon, 23 May 2011 08:59:35 GMT</datelastmodified>
			<userlastmodified>Admin</userlastmodified>
			<datecreated>Fri, 20 May 2011 09:17:26 GMT</datecreated>
			<usercreated>Admin</usercreated>
			<flags>0</flags>
			<properties/>
			<relations/>
			<accesscontrol/>
		</file>
		<file>
			<destination>system/modules/com.alkacon.opencms.v8.infobox/formatters</destination>
			<type>folder</type>
			<uuidstructure>1e407fcb-82c0-11e0-ad58-c1b6fb5574d7</uuidstructure>
			<datelastmodified>Fri, 20 May 2011 09:04:07 GMT</datelastmodified>
			<userlastmodified>Admin</userlastmodified>
			<datecreated>Fri, 20 May 2011 09:04:07 GMT</datecreated>
			<usercreated>Admin</usercreated>
			<flags>0</flags>
			<properties/>
			<relations/>
			<accesscontrol/>
		</file>
		<file>
			<source>system/modules/com.alkacon.opencms.v8.infobox/formatters/side.jsp</source>
			<destination>system/modules/com.alkacon.opencms.v8.infobox/formatters/side.jsp</destination>
			<type>jsp</type>
			<uuidstructure>1403bb8b-82c2-11e0-ad58-c1b6fb5574d7</uuidstructure>
			<uuidresource>1403bb8c-82c2-11e0-ad58-c1b6fb5574d7</uuidresource>
			<datelastmodified>Tue, 04 Sep 2012 15:00:52 GMT</datelastmodified>
			<userlastmodified>Admin</userlastmodified>
			<datecreated>Fri, 20 May 2011 09:18:09 GMT</datecreated>
			<usercreated>Admin</usercreated>
			<flags>0</flags>
			<properties>
				<property>
					<name>Title</name>
					<value><![CDATA[Formatter for side containers]]></value>
				</property>
				<property>
					<name>cache</name>
					<value><![CDATA[container-element;locale]]></value>
				</property>
				<property type="shared">
					<name>export</name>
					<value><![CDATA[false]]></value>
				</property>
			</properties>
			<relations/>
			<accesscontrol/>
		</file>
		<file>
			<destination>system/modules/com.alkacon.opencms.v8.infobox/schemas</destination>
			<type>folder</type>
			<uuidstructure>1e42c9bd-82c0-11e0-ad58-c1b6fb5574d7</uuidstructure>
			<datelastmodified>Fri, 20 May 2011 09:04:07 GMT</datelastmodified>
			<userlastmodified>Admin</userlastmodified>
			<datecreated>Fri, 20 May 2011 09:04:07 GMT</datecreated>
			<usercreated>Admin</usercreated>
			<flags>0</flags>
			<properties/>
			<relations/>
			<accesscontrol/>
		</file>
		<file>
			<source>system/modules/com.alkacon.opencms.v8.infobox/schemas/infobox.xsd</source>
			<destination>system/modules/com.alkacon.opencms.v8.infobox/schemas/infobox.xsd</destination>
			<type>plain</type>
			<uuidstructure>a2cb0d5b-82c1-11e0-ad58-c1b6fb5574d7</uuidstructure>
			<uuidresource>a2cb0d5c-82c1-11e0-ad58-c1b6fb5574d7</uuidresource>
			<datelastmodified>Tue, 28 Jun 2011 14:46:21 GMT</datelastmodified>
			<userlastmodified>Admin</userlastmodified>
			<datecreated>Fri, 20 May 2011 09:14:59 GMT</datecreated>
			<usercreated>Admin</usercreated>
			<flags>0</flags>
			<properties>
				<property>
					<name>Title</name>
					<value><![CDATA[XSD for infobox]]></value>
				</property>
			</properties>
			<relations/>
			<accesscontrol/>
		</file>
		<file>
			<destination>system/modules/com.alkacon.opencms.v8.infobox/schemas/nested</destination>
			<type>folder</type>
			<uuidstructure>a2dbd63e-82c1-11e0-ad58-c1b6fb5574d7</uuidstructure>
			<datelastmodified>Fri, 20 May 2011 09:14:59 GMT</datelastmodified>
			<userlastmodified>Admin</userlastmodified>
			<datecreated>Fri, 20 May 2011 09:14:59 GMT</datecreated>
			<usercreated>Admin</usercreated>
			<flags>0</flags>
			<properties/>
			<relations/>
			<accesscontrol/>
		</file>
		<file>
			<source>system/modules/com.alkacon.opencms.v8.infobox/schemas/nested/furtherinfo.xsd</source>
			<destination>system/modules/com.alkacon.opencms.v8.infobox/schemas/nested/furtherinfo.xsd</destination>
			<type>plain</type>
			<uuidstructure>a2e54c23-82c1-11e0-ad58-c1b6fb5574d7</uuidstructure>
			<uuidresource>a2e54c24-82c1-11e0-ad58-c1b6fb5574d7</uuidresource>
			<datelastmodified>Fri, 20 May 2011 10:44:15 GMT</datelastmodified>
			<userlastmodified>Admin</userlastmodified>
			<datecreated>Fri, 20 May 2011 09:14:59 GMT</datecreated>
			<usercreated>Admin</usercreated>
			<flags>0</flags>
			<properties>
				<property>
					<name>Title</name>
					<value><![CDATA[Nested XSD for infobox further info]]></value>
				</property>
			</properties>
			<relations/>
			<accesscontrol/>
		</file>
		<file>
			<source>system/modules/com.alkacon.opencms.v8.infobox/schemas/nested/furtherinfolink.xsd</source>
			<destination>system/modules/com.alkacon.opencms.v8.infobox/schemas/nested/furtherinfolink.xsd</destination>
			<type>plain</type>
			<uuidstructure>b26024ad-82c8-11e0-8677-c1b6fb5574d7</uuidstructure>
			<uuidresource>b26024ae-82c8-11e0-8677-c1b6fb5574d7</uuidresource>
			<datelastmodified>Mon, 23 May 2011 09:04:57 GMT</datelastmodified>
			<userlastmodified>Admin</userlastmodified>
			<datecreated>Fri, 20 May 2011 10:05:31 GMT</datecreated>
			<usercreated>Admin</usercreated>
			<flags>0</flags>
			<properties>
				<property>
					<name>Title</name>
					<value><![CDATA[Nested XSD for infobox further info link]]></value>
				</property>
			</properties>
			<relations/>
			<accesscontrol/>
		</file>
		<file>
			<destination>system/workplace</destination>
			<type>folder</type>
			<uuidstructure>825afce2-11b7-11db-91cd-fdbae480bac9</uuidstructure>
			<datelastmodified>Mon, 27 Mar 2006 12:00:00 GMT</datelastmodified>
			<userlastmodified>Admin</userlastmodified>
			<datecreated>Mon, 27 Jun 2005 08:00:00 GMT</datecreated>
			<usercreated>Admin</usercreated>
			<flags>0</flags>
			<properties>
				<property>
					<name>content-encoding</name>
					<value><![CDATA[UTF-8]]></value>
				</property>
				<property>
					<name>export</name>
					<value><![CDATA[false]]></value>
				</property>
				<property>
					<name>login-form</name>
					<value><![CDATA[/system/login/index.html]]></value>
				</property>
			</properties>
			<relations/>
			<accesscontrol>
				<accessentry>
					<uuidprincipal>ALL_OTHERS</uuidprincipal>
					<flags>134</flags>
					<permissionset>
						<allowed>0</allowed>
						<denied>0</denied>
					</permissionset>
				</accessentry>
				<accessentry>
					<uuidprincipal>ROLE.WORKPLACE_USER</uuidprincipal>
					<flags>518</flags>
					<permissionset>
						<allowed>5</allowed>
						<denied>0</denied>
					</permissionset>
				</accessentry>
			</accesscontrol>
		</file>
		<file>
			<destination>system/workplace/resources</destination>
			<type>folder</type>
			<uuidstructure>82c16052-11b7-11db-91cd-fdbae480bac9</uuidstructure>
			<datelastmodified>Mon, 27 Mar 2006 12:00:00 GMT</datelastmodified>
			<userlastmodified>Admin</userlastmodified>
			<datecreated>Mon, 27 Jun 2005 08:00:00 GMT</datecreated>
			<usercreated>Admin</usercreated>
			<flags>0</flags>
			<properties/>
			<relations/>
			<accesscontrol/>
		</file>
		<file>
			<destination>system/workplace/resources/filetypes</destination>
			<type>folder</type>
			<uuidstructure>83ca1dcc-11b7-11db-91cd-fdbae480bac9</uuidstructure>
			<datelastmodified>Mon, 27 Mar 2006 12:00:00 GMT</datelastmodified>
			<userlastmodified>Admin</userlastmodified>
			<datecreated>Mon, 27 Jun 2005 08:00:00 GMT</datecreated>
			<usercreated>Admin</usercreated>
			<flags>0</flags>
			<properties/>
			<relations/>
			<accesscontrol/>
		</file>
		<file>
			<source>system/workplace/resources/filetypes/v8infobox.png</source>
			<destination>system/workplace/resources/filetypes/v8infobox.png</destination>
			<type>image</type>
			<uuidstructure>fbe93a2e-8518-11e0-ade9-c1b6fb5574d7</uuidstructure>
			<uuidresource>fbe93a2f-8518-11e0-ade9-c1b6fb5574d7</uuidresource>
			<datelastmodified>Mon, 23 May 2011 08:45:26 GMT</datelastmodified>
			<userlastmodified>Admin</userlastmodified>
			<datecreated>Mon, 23 May 2011 08:45:17 GMT</datecreated>
			<usercreated>Admin</usercreated>
			<flags>0</flags>
			<properties>
				<property type="shared">
					<name>image.size</name>
					<value><![CDATA[w:16,h:16]]></value>
				</property>
			</properties>
			<relations/>
			<accesscontrol/>
		</file>
		<file>
			<source>system/workplace/resources/filetypes/v8infobox_big.png</source>
			<destination>system/workplace/resources/filetypes/v8infobox_big.png</destination>
			<type>image</type>
			<uuidstructure>fc2272a2-8518-11e0-ade9-c1b6fb5574d7</uuidstructure>
			<uuidresource>fc2272a3-8518-11e0-ade9-c1b6fb5574d7</uuidresource>
			<datelastmodified>Mon, 23 May 2011 08:45:44 GMT</datelastmodified>
			<userlastmodified>Admin</userlastmodified>
			<datecreated>Mon, 23 May 2011 08:45:17 GMT</datecreated>
			<usercreated>Admin</usercreated>
			<flags>0</flags>
			<properties>
				<property type="shared">
					<name>image.size</name>
					<value><![CDATA[w:24,h:24]]></value>
				</property>
			</properties>
			<relations/>
			<accesscontrol/>
		</file>
		<file>
			<source>system/workplace/resources/filetypes/v8infoboxgallery.png</source>
			<destination>system/workplace/resources/filetypes/v8infoboxgallery.png</destination>
			<type>image</type>
			<uuidstructure>fc272d96-8518-11e0-ade9-c1b6fb5574d7</uuidstructure>
			<uuidresource>fc272d97-8518-11e0-ade9-c1b6fb5574d7</uuidresource>
			<datelastmodified>Mon, 23 May 2011 08:45:50 GMT</datelastmodified>
			<userlastmodified>Admin</userlastmodified>
			<datecreated>Mon, 23 May 2011 08:45:17 GMT</datecreated>
			<usercreated>Admin</usercreated>
			<flags>0</flags>
			<properties>
				<property type="shared">
					<name>image.size</name>
					<value><![CDATA[w:16,h:16]]></value>
				</property>
			</properties>
			<relations/>
			<accesscontrol/>
		</file>
		<file>
			<source>system/workplace/resources/filetypes/v8infoboxgallery_big.png</source>
			<destination>system/workplace/resources/filetypes/v8infoboxgallery_big.png</destination>
			<type>image</type>
			<uuidstructure>fc2be88a-8518-11e0-ade9-c1b6fb5574d7</uuidstructure>
			<uuidresource>fc2be88b-8518-11e0-ade9-c1b6fb5574d7</uuidresource>
			<datelastmodified>Mon, 23 May 2011 08:45:57 GMT</datelastmodified>
			<userlastmodified>Admin</userlastmodified>
			<datecreated>Mon, 23 May 2011 08:45:17 GMT</datecreated>
			<usercreated>Admin</usercreated>
			<flags>0</flags>
			<properties>
				<property type="shared">
					<name>image.size</name>
					<value><![CDATA[w:24,h:24]]></value>
				</property>
			</properties>
			<relations/>
			<accesscontrol/>
		</file>
	</files>
</export>
