<?xml version="1.0" encoding="UTF-8"?>

<export>
  <info>
    <creator>Admin</creator>
    <opencms_version>8.5.0</opencms_version>
    <createdate>Tue, 19 Apr 2011 10:43:30 GMT</createdate>
    <infoproject>Offline</infoproject>
    <export_version>7</export_version>
  </info>
  <module>
    <name>org.opencms.ade.editprovider</name>
    <nicename><![CDATA[OpenCms 8 ADE toolbar direct edit provider]]></nicename>
    <group>OpenCms ADE</group>
    <class/>
    <description><![CDATA[This module contains an edit provider for the original Direct Edit which has a number of features from ADE.<br>
<i>(c) 2013 by Alkacon Software GmbH (http://www.alkacon.com).</i>]]></description>
    <version>8.5.2</version>
    <authorname><![CDATA[Alkacon Software GmbH]]></authorname>
    <authoremail><![CDATA[info@alkacon.com]]></authoremail>
    <datecreated/>
    <userinstalled/>
    <dateinstalled/>
    <dependencies>
      <dependency name="org.opencms.ade.config" version="8.5.0"/>
    </dependencies>
    <exportpoints>
      <exportpoint uri="/system/modules/org.opencms.ade.editprovider/resources/" destination="resources/ade/"/>
    </exportpoints>
    <resources>
      <resource uri="/system/modules/org.opencms.ade.editprovider/"/>
    </resources>
  </module>
  <files>
    <file>
      <destination>system</destination>
      <type>folder</type>
      <uuidstructure>f94b2b67-6a6c-11e0-99c4-b5cb1f655547</uuidstructure>
      <datelastmodified>Tue, 19 Apr 2011 10:08:29 GMT</datelastmodified>
      <userlastmodified>Admin</userlastmodified>
      <datecreated>Tue, 19 Apr 2011 10:08:29 GMT</datecreated>
      <usercreated>Admin</usercreated>
      <flags>0</flags>
      <properties/>
      <relations/>
      <accesscontrol>
        <accessentry>
          <uuidprincipal>ROLE.WORKPLACE_USER</uuidprincipal>
          <flags>514</flags>
          <permissionset>
            <allowed>1</allowed>
            <denied>0</denied>
          </permissionset>
        </accessentry>
      </accesscontrol>
    </file>
    <file>
      <destination>system/modules</destination>
      <type>folder</type>
      <uuidstructure>f9f48a03-6a6c-11e0-99c4-b5cb1f655547</uuidstructure>
      <datelastmodified>Tue, 19 Apr 2011 10:08:30 GMT</datelastmodified>
      <userlastmodified>Admin</userlastmodified>
      <datecreated>Tue, 19 Apr 2011 10:08:30 GMT</datecreated>
      <usercreated>Admin</usercreated>
      <flags>0</flags>
      <properties/>
      <relations/>
      <accesscontrol>
        <accessentry>
          <uuidprincipal>ROLE.WORKPLACE_USER</uuidprincipal>
          <flags>514</flags>
          <permissionset>
            <allowed>5</allowed>
            <denied>0</denied>
          </permissionset>
        </accessentry>
      </accesscontrol>
    </file>
    <file>
      <destination>system/modules/org.opencms.ade.editprovider</destination>
      <type>folder</type>
      <uuidstructure>c8b775b3-6a71-11e0-96bd-b5cb1f655547</uuidstructure>
      <datelastmodified>Tue, 19 Apr 2011 10:42:55 GMT</datelastmodified>
      <userlastmodified>Admin</userlastmodified>
      <datecreated>Tue, 19 Apr 2011 10:42:55 GMT</datecreated>
      <usercreated>Admin</usercreated>
      <flags>0</flags>
      <properties/>
      <relations/>
      <accesscontrol/>
    </file>
    <file>
      <destination>system/modules/org.opencms.ade.editprovider/elements</destination>
      <type>folder</type>
      <uuidstructure>c8b9bfa5-6a71-11e0-96bd-b5cb1f655547</uuidstructure>
      <datelastmodified>Tue, 19 Apr 2011 10:42:55 GMT</datelastmodified>
      <userlastmodified>Admin</userlastmodified>
      <datecreated>Tue, 19 Apr 2011 10:42:55 GMT</datecreated>
      <usercreated>Admin</usercreated>
      <flags>0</flags>
      <properties/>
      <relations/>
      <accesscontrol/>
    </file>
    <file>
      <source>system/modules/org.opencms.ade.editprovider/resources/</source>
      <destination>system/modules/org.opencms.ade.editprovider/resources/</destination>
      <type>folder</type>
      <uuidstructure>164a894d-910f-4489-b782-15fdad5e153f</uuidstructure>
      <datelastmodified>Tue, 19 Apr 2011 12:18:46 GMT</datelastmodified>
      <userlastmodified>Admin</userlastmodified>
      <datecreated>Tue, 19 Apr 2011 12:18:46 GMT</datecreated>
      <usercreated>Admin</usercreated>
      <flags>0</flags>
      <properties/>
      <relations/>
      <accesscontrol/>
    </file>
    <file>
      <destination>system/modules/org.opencms.ade.editprovider/resources/editprovider</destination>
      <type>folder</type>
      <uuidstructure>04d7e261-71ae-11e0-883b-cd21a79dc8d2</uuidstructure>
      <datelastmodified>Thu, 28 Apr 2011 15:41:44 GMT</datelastmodified>
      <userlastmodified>Admin</userlastmodified>
      <datecreated>Thu, 28 Apr 2011 15:41:44 GMT</datecreated>
      <usercreated>Admin</usercreated>
      <flags>0</flags>
      <properties/>
      <relations/>
      <accesscontrol/>
    </file>
    <file>
      <source>system/modules/org.opencms.ade.editprovider/resources/editprovider/clear.cache.gif</source>
      <destination>system/modules/org.opencms.ade.editprovider/resources/editprovider/clear.cache.gif</destination>
      <type>image</type>
      <uuidstructure>9505fc1f-e893-11e2-8f4a-0fcf8219d902</uuidstructure>
      <uuidresource>95062330-e893-11e2-8f4a-0fcf8219d902</uuidresource>
      <datelastmodified>Tue, 09 Jul 2013 12:32:13 GMT</datelastmodified>
      <userlastmodified>Admin</userlastmodified>
      <datecreated>Tue, 09 Jul 2013 12:32:13 GMT</datecreated>
      <usercreated>Admin</usercreated>
      <flags>0</flags>
      <properties/>
      <relations/>
      <accesscontrol/>
    </file>
    <file>
      <source>system/modules/org.opencms.ade.editprovider/resources/editprovider/1B09211DFAEB7CC2D1A10437DFA617A2.gwt.rpc</source>
      <destination>system/modules/org.opencms.ade.editprovider/resources/editprovider/1B09211DFAEB7CC2D1A10437DFA617A2.gwt.rpc</destination>
      <type>plain</type>
      <uuidstructure>9507a9d1-e893-11e2-8f4a-0fcf8219d902</uuidstructure>
      <uuidresource>9507d0e2-e893-11e2-8f4a-0fcf8219d902</uuidresource>
      <datelastmodified>Tue, 09 Jul 2013 12:32:13 GMT</datelastmodified>
      <userlastmodified>Admin</userlastmodified>
      <datecreated>Tue, 09 Jul 2013 12:32:13 GMT</datecreated>
      <usercreated>Admin</usercreated>
      <flags>0</flags>
      <properties/>
      <relations/>
      <accesscontrol/>
    </file>
    <file>
      <source>system/modules/org.opencms.ade.editprovider/resources/editprovider/27246C8DD21072403777D9C61FEA16B7.gwt.rpc</source>
      <destination>system/modules/org.opencms.ade.editprovider/resources/editprovider/27246C8DD21072403777D9C61FEA16B7.gwt.rpc</destination>
      <type>plain</type>
      <uuidstructure>95097e93-e893-11e2-8f4a-0fcf8219d902</uuidstructure>
      <uuidresource>950a68f4-e893-11e2-8f4a-0fcf8219d902</uuidresource>
      <datelastmodified>Tue, 09 Jul 2013 12:32:13 GMT</datelastmodified>
      <userlastmodified>Admin</userlastmodified>
      <datecreated>Tue, 09 Jul 2013 12:32:13 GMT</datecreated>
      <usercreated>Admin</usercreated>
      <flags>0</flags>
      <properties/>
      <relations/>
      <accesscontrol/>
    </file>
    <file>
      <source>system/modules/org.opencms.ade.editprovider/resources/editprovider/F7AA01B8F102E333E4BA99D166051324.cache.html</source>
      <destination>system/modules/org.opencms.ade.editprovider/resources/editprovider/F7AA01B8F102E333E4BA99D166051324.cache.html</destination>
      <type>plain</type>
      <uuidstructure>950c64c5-e893-11e2-8f4a-0fcf8219d902</uuidstructure>
      <uuidresource>950d9d46-e893-11e2-8f4a-0fcf8219d902</uuidresource>
      <datelastmodified>Tue, 09 Jul 2013 12:32:13 GMT</datelastmodified>
      <userlastmodified>Admin</userlastmodified>
      <datecreated>Tue, 09 Jul 2013 12:32:13 GMT</datecreated>
      <usercreated>Admin</usercreated>
      <flags>0</flags>
      <properties/>
      <relations/>
      <accesscontrol/>
    </file>
    <file>
      <source>system/modules/org.opencms.ade.editprovider/resources/editprovider/editprovider.nocache.js</source>
      <destination>system/modules/org.opencms.ade.editprovider/resources/editprovider/editprovider.nocache.js</destination>
      <type>plain</type>
      <uuidstructure>951146c7-e893-11e2-8f4a-0fcf8219d902</uuidstructure>
      <uuidresource>95116dd8-e893-11e2-8f4a-0fcf8219d902</uuidresource>
      <datelastmodified>Tue, 09 Jul 2013 12:32:13 GMT</datelastmodified>
      <userlastmodified>Admin</userlastmodified>
      <datecreated>Tue, 09 Jul 2013 12:32:13 GMT</datecreated>
      <usercreated>Admin</usercreated>
      <flags>0</flags>
      <properties/>
      <relations/>
      <accesscontrol/>
    </file>
    <file>
      <source>system/modules/org.opencms.ade.editprovider/resources/editprovider/013C215F27E5484CFF6FA35743E6A6EC.cache.html</source>
      <destination>system/modules/org.opencms.ade.editprovider/resources/editprovider/013C215F27E5484CFF6FA35743E6A6EC.cache.html</destination>
      <type>plain</type>
      <uuidstructure>9512a659-e893-11e2-8f4a-0fcf8219d902</uuidstructure>
      <uuidresource>9512cd6a-e893-11e2-8f4a-0fcf8219d902</uuidresource>
      <datelastmodified>Tue, 09 Jul 2013 12:32:13 GMT</datelastmodified>
      <userlastmodified>Admin</userlastmodified>
      <datecreated>Tue, 09 Jul 2013 12:32:13 GMT</datecreated>
      <usercreated>Admin</usercreated>
      <flags>0</flags>
      <properties/>
      <relations/>
      <accesscontrol/>
    </file>
    <file>
      <source>system/modules/org.opencms.ade.editprovider/resources/editprovider/C82CD9CA510D5FAE651D5925AF8774EB.cache.html</source>
      <destination>system/modules/org.opencms.ade.editprovider/resources/editprovider/C82CD9CA510D5FAE651D5925AF8774EB.cache.html</destination>
      <type>plain</type>
      <uuidstructure>951405eb-e893-11e2-8f4a-0fcf8219d902</uuidstructure>
      <uuidresource>95142cfc-e893-11e2-8f4a-0fcf8219d902</uuidresource>
      <datelastmodified>Tue, 09 Jul 2013 12:32:13 GMT</datelastmodified>
      <userlastmodified>Admin</userlastmodified>
      <datecreated>Tue, 09 Jul 2013 12:32:13 GMT</datecreated>
      <usercreated>Admin</usercreated>
      <flags>0</flags>
      <properties/>
      <relations/>
      <accesscontrol/>
    </file>
    <file>
      <source>system/modules/org.opencms.ade.editprovider/resources/editprovider/BD759E37BB15E7726EECB0FE8F7C8C71.cache.html</source>
      <destination>system/modules/org.opencms.ade.editprovider/resources/editprovider/BD759E37BB15E7726EECB0FE8F7C8C71.cache.html</destination>
      <type>plain</type>
      <uuidstructure>9515b39d-e893-11e2-8f4a-0fcf8219d902</uuidstructure>
      <uuidresource>9515daae-e893-11e2-8f4a-0fcf8219d902</uuidresource>
      <datelastmodified>Tue, 09 Jul 2013 12:32:13 GMT</datelastmodified>
      <userlastmodified>Admin</userlastmodified>
      <datecreated>Tue, 09 Jul 2013 12:32:13 GMT</datecreated>
      <usercreated>Admin</usercreated>
      <flags>0</flags>
      <properties/>
      <relations/>
      <accesscontrol/>
    </file>
    <file>
      <source>system/modules/org.opencms.ade.editprovider/resources/editprovider/9787E80061FFC228DC08381CD7BA5285.cache.html</source>
      <destination>system/modules/org.opencms.ade.editprovider/resources/editprovider/9787E80061FFC228DC08381CD7BA5285.cache.html</destination>
      <type>plain</type>
      <uuidstructure>9518e7ef-e893-11e2-8f4a-0fcf8219d902</uuidstructure>
      <uuidresource>95190f00-e893-11e2-8f4a-0fcf8219d902</uuidresource>
      <datelastmodified>Tue, 09 Jul 2013 12:32:13 GMT</datelastmodified>
      <userlastmodified>Admin</userlastmodified>
      <datecreated>Tue, 09 Jul 2013 12:32:13 GMT</datecreated>
      <usercreated>Admin</usercreated>
      <flags>0</flags>
      <properties/>
      <relations/>
      <accesscontrol/>
    </file>
    <file>
      <source>system/modules/org.opencms.ade.editprovider/resources/editprovider/hosted.html</source>
      <destination>system/modules/org.opencms.ade.editprovider/resources/editprovider/hosted.html</destination>
      <type>plain</type>
      <uuidstructure>951bce21-e893-11e2-8f4a-0fcf8219d902</uuidstructure>
      <uuidresource>951d7bd2-e893-11e2-8f4a-0fcf8219d902</uuidresource>
      <datelastmodified>Tue, 09 Jul 2013 12:32:13 GMT</datelastmodified>
      <userlastmodified>Admin</userlastmodified>
      <datecreated>Tue, 09 Jul 2013 12:32:13 GMT</datecreated>
      <usercreated>Admin</usercreated>
      <flags>0</flags>
      <properties/>
      <relations/>
      <accesscontrol/>
    </file>
    <file>
      <source>system/modules/org.opencms.ade.editprovider/resources/editprovider/614A8351A28C0A4378525F849533D3FF.gwt.rpc</source>
      <destination>system/modules/org.opencms.ade.editprovider/resources/editprovider/614A8351A28C0A4378525F849533D3FF.gwt.rpc</destination>
      <type>plain</type>
      <uuidstructure>9522abf3-e893-11e2-8f4a-0fcf8219d902</uuidstructure>
      <uuidresource>9522d304-e893-11e2-8f4a-0fcf8219d902</uuidresource>
      <datelastmodified>Tue, 09 Jul 2013 12:32:13 GMT</datelastmodified>
      <userlastmodified>Admin</userlastmodified>
      <datecreated>Tue, 09 Jul 2013 12:32:13 GMT</datecreated>
      <usercreated>Admin</usercreated>
      <flags>0</flags>
      <properties/>
      <relations/>
      <accesscontrol/>
    </file>
    <file>
      <source>system/modules/org.opencms.ade.editprovider/resources/editprovider/2E6E6ED02D590FFA81B089DA9C2173E7.gwt.rpc</source>
      <destination>system/modules/org.opencms.ade.editprovider/resources/editprovider/2E6E6ED02D590FFA81B089DA9C2173E7.gwt.rpc</destination>
      <type>plain</type>
      <uuidstructure>95291495-e893-11e2-8f4a-0fcf8219d902</uuidstructure>
      <uuidresource>95293ba6-e893-11e2-8f4a-0fcf8219d902</uuidresource>
      <datelastmodified>Tue, 09 Jul 2013 12:32:13 GMT</datelastmodified>
      <userlastmodified>Admin</userlastmodified>
      <datecreated>Tue, 09 Jul 2013 12:32:13 GMT</datecreated>
      <usercreated>Admin</usercreated>
      <flags>0</flags>
      <properties/>
      <relations/>
      <accesscontrol/>
    </file>
    <file>
      <source>system/modules/org.opencms.ade.editprovider/resources/editprovider/417D700D877F5E7DCC8AE5DB200F7F2A.gwt.rpc</source>
      <destination>system/modules/org.opencms.ade.editprovider/resources/editprovider/417D700D877F5E7DCC8AE5DB200F7F2A.gwt.rpc</destination>
      <type>plain</type>
      <uuidstructure>952da877-e893-11e2-8f4a-0fcf8219d902</uuidstructure>
      <uuidresource>952dcf88-e893-11e2-8f4a-0fcf8219d902</uuidresource>
      <datelastmodified>Tue, 09 Jul 2013 12:32:13 GMT</datelastmodified>
      <userlastmodified>Admin</userlastmodified>
      <datecreated>Tue, 09 Jul 2013 12:32:13 GMT</datecreated>
      <usercreated>Admin</usercreated>
      <flags>0</flags>
      <properties/>
      <relations/>
      <accesscontrol/>
    </file>
  </files>
</export>
