<?xml version="1.0" encoding="UTF-8"?>

<export>
	<info>
		<creator>Admin</creator>
		<opencms_version>8.5</opencms_version>
		<createdate>Wed, 05 Sep 2012 08:18:22 GMT</createdate>
		<infoproject>Offline</infoproject>
		<export_version>7</export_version>
	</info>
	<module>
		<name>com.alkacon.opencms.v8.flexible</name>
		<nicename><![CDATA[OpenCms 8 Flexible]]></nicename>
		<group>OpenCms 8 types</group>
		<class/>
		<description><![CDATA[Provides an flexible resource type that can be used in OpenCms 8 templates.]]></description>
		<version>8.5.1</version>
		<authorname><![CDATA[Alkacon Software GmbH]]></authorname>
		<authoremail><![CDATA[sales@alkacon.com]]></authoremail>
		<datecreated/>
		<userinstalled/>
		<dateinstalled/>
		<dependencies>
			<dependency name="org.opencms.ade.config" version="8.0.0"/>
		</dependencies>
		<exportpoints>
			<exportpoint uri="/system/modules/com.alkacon.opencms.v8.flexible/classes/" destination="WEB-INF/classes/"/>
		</exportpoints>
		<resources>
			<resource uri="/system/modules/com.alkacon.opencms.v8.flexible/"/>
			<resource uri="/system/workplace/resources/filetypes/v8flexible.png"/>
			<resource uri="/system/workplace/resources/filetypes/v8flexible_big.png"/>
		</resources>
		<parameters/>
		<resourcetypes>
			<type class="org.opencms.file.types.CmsResourceTypeXmlContent" name="v8flexible" id="226">
				<param name="schema">/system/modules/com.alkacon.opencms.v8.flexible/schemas/flexible.xsd</param>
			</type>
		</resourcetypes>
		<explorertypes>
			<explorertype name="v8flexible" key="fileicon.v8flexible" icon="v8flexible.png" bigicon="v8flexible_big.png" reference="xmlcontent">
				<newresource page="structurecontent" uri="newresource_xmlcontent.jsp?newresourcetype=v8flexible" order="224" autosetnavigation="false" autosettitle="false" info="desc.v8flexible"/>
			</explorertype>
		</explorertypes>
	</module>
	<files>
		<file>
			<destination>system</destination>
			<type>folder</type>
			<uuidstructure>8aecd78a-f666-11e1-930b-2fc8aa430640</uuidstructure>
			<datelastmodified>Tue, 04 Sep 2012 08:00:07 GMT</datelastmodified>
			<userlastmodified>Admin</userlastmodified>
			<datecreated>Tue, 04 Sep 2012 08:00:07 GMT</datecreated>
			<usercreated>Admin</usercreated>
			<flags>0</flags>
			<properties/>
			<relations/>
			<accesscontrol>
				<accessentry>
					<uuidprincipal>ROLE.WORKPLACE_USER</uuidprincipal>
					<flags>514</flags>
					<permissionset>
						<allowed>1</allowed>
						<denied>0</denied>
					</permissionset>
				</accessentry>
			</accesscontrol>
		</file>
		<file>
			<destination>system/modules</destination>
			<type>folder</type>
			<uuidstructure>8bfa5026-f666-11e1-930b-2fc8aa430640</uuidstructure>
			<datelastmodified>Tue, 04 Sep 2012 08:00:09 GMT</datelastmodified>
			<userlastmodified>Admin</userlastmodified>
			<datecreated>Tue, 04 Sep 2012 08:00:09 GMT</datecreated>
			<usercreated>Admin</usercreated>
			<flags>0</flags>
			<properties/>
			<relations/>
			<accesscontrol>
				<accessentry>
					<uuidprincipal>ROLE.WORKPLACE_USER</uuidprincipal>
					<flags>514</flags>
					<permissionset>
						<allowed>5</allowed>
						<denied>0</denied>
					</permissionset>
				</accessentry>
			</accesscontrol>
		</file>
		<file>
			<destination>system/modules/com.alkacon.opencms.v8.flexible</destination>
			<type>folder</type>
			<uuidstructure>92008dd5-7424-11e1-935a-eb165644c1b6</uuidstructure>
			<datelastmodified>Tue, 31 May 2011 13:03:50 GMT</datelastmodified>
			<userlastmodified>Admin</userlastmodified>
			<datecreated>Tue, 31 May 2011 13:03:50 GMT</datecreated>
			<usercreated>Admin</usercreated>
			<flags>0</flags>
			<properties/>
			<relations/>
			<accesscontrol/>
		</file>
		<file>
			<source>system/modules/com.alkacon.opencms.v8.flexible/.config</source>
			<destination>system/modules/com.alkacon.opencms.v8.flexible/.config</destination>
			<type>module_config</type>
			<uuidstructure>83a1e55f-7426-11e1-935a-eb165644c1b6</uuidstructure>
			<uuidresource>83a1e560-7426-11e1-935a-eb165644c1b6</uuidresource>
			<datelastmodified>Thu, 22 Mar 2012 13:54:55 GMT</datelastmodified>
			<userlastmodified>Admin</userlastmodified>
			<datecreated>Thu, 22 Mar 2012 13:54:16 GMT</datecreated>
			<usercreated>Admin</usercreated>
			<flags>0</flags>
			<properties>
				<property>
					<name>locale</name>
					<value><![CDATA[en]]></value>
				</property>
				<property>
					<name>locale-available</name>
					<value><![CDATA[en]]></value>
				</property>
			</properties>
			<relations/>
			<accesscontrol/>
		</file>
		<file>
			<destination>system/modules/com.alkacon.opencms.v8.flexible/classes</destination>
			<type>folder</type>
			<uuidstructure>92076ba9-7424-11e1-935a-eb165644c1b6</uuidstructure>
			<datelastmodified>Tue, 31 May 2011 13:03:51 GMT</datelastmodified>
			<userlastmodified>Admin</userlastmodified>
			<datecreated>Tue, 31 May 2011 13:03:51 GMT</datecreated>
			<usercreated>Admin</usercreated>
			<flags>0</flags>
			<properties/>
			<relations/>
			<accesscontrol/>
		</file>
		<file>
			<destination>system/modules/com.alkacon.opencms.v8.flexible/classes/com</destination>
			<type>folder</type>
			<uuidstructure>9209b59b-7424-11e1-935a-eb165644c1b6</uuidstructure>
			<datelastmodified>Tue, 31 May 2011 13:03:51 GMT</datelastmodified>
			<userlastmodified>Admin</userlastmodified>
			<datecreated>Tue, 31 May 2011 13:03:51 GMT</datecreated>
			<usercreated>Admin</usercreated>
			<flags>0</flags>
			<properties/>
			<relations/>
			<accesscontrol/>
		</file>
		<file>
			<destination>system/modules/com.alkacon.opencms.v8.flexible/classes/com/alkacon</destination>
			<type>folder</type>
			<uuidstructure>920aee1d-7424-11e1-935a-eb165644c1b6</uuidstructure>
			<datelastmodified>Tue, 31 May 2011 13:03:51 GMT</datelastmodified>
			<userlastmodified>Admin</userlastmodified>
			<datecreated>Tue, 31 May 2011 13:03:51 GMT</datecreated>
			<usercreated>Admin</usercreated>
			<flags>0</flags>
			<properties/>
			<relations/>
			<accesscontrol/>
		</file>
		<file>
			<destination>system/modules/com.alkacon.opencms.v8.flexible/classes/com/alkacon/opencms</destination>
			<type>folder</type>
			<uuidstructure>920ce9ef-7424-11e1-935a-eb165644c1b6</uuidstructure>
			<datelastmodified>Tue, 31 May 2011 13:03:51 GMT</datelastmodified>
			<userlastmodified>Admin</userlastmodified>
			<datecreated>Tue, 31 May 2011 13:03:51 GMT</datecreated>
			<usercreated>Admin</usercreated>
			<flags>0</flags>
			<properties/>
			<relations/>
			<accesscontrol/>
		</file>
		<file>
			<destination>system/modules/com.alkacon.opencms.v8.flexible/classes/com/alkacon/opencms/v8</destination>
			<type>folder</type>
			<uuidstructure>920ebeb1-7424-11e1-935a-eb165644c1b6</uuidstructure>
			<datelastmodified>Tue, 31 May 2011 13:03:51 GMT</datelastmodified>
			<userlastmodified>Admin</userlastmodified>
			<datecreated>Tue, 31 May 2011 13:03:51 GMT</datecreated>
			<usercreated>Admin</usercreated>
			<flags>0</flags>
			<properties/>
			<relations/>
			<accesscontrol/>
		</file>
		<file>
			<destination>system/modules/com.alkacon.opencms.v8.flexible/classes/com/alkacon/opencms/v8/flexible</destination>
			<type>folder</type>
			<uuidstructure>9211a4e3-7424-11e1-935a-eb165644c1b6</uuidstructure>
			<datelastmodified>Tue, 31 May 2011 13:03:51 GMT</datelastmodified>
			<userlastmodified>Admin</userlastmodified>
			<datecreated>Tue, 31 May 2011 13:03:51 GMT</datecreated>
			<usercreated>Admin</usercreated>
			<flags>0</flags>
			<properties/>
			<relations/>
			<accesscontrol/>
		</file>
		<file>
			<source>system/modules/com.alkacon.opencms.v8.flexible/classes/com/alkacon/opencms/v8/flexible/workplace.properties</source>
			<destination>system/modules/com.alkacon.opencms.v8.flexible/classes/com/alkacon/opencms/v8/flexible/workplace.properties</destination>
			<type>plain</type>
			<uuidstructure>304266bb-7427-11e1-935a-eb165644c1b6</uuidstructure>
			<uuidresource>26c3d429-7427-11e1-935a-eb165644c1b6</uuidresource>
			<datelastmodified>Tue, 04 Sep 2012 14:46:49 GMT</datelastmodified>
			<userlastmodified>Admin</userlastmodified>
			<datecreated>Thu, 22 Mar 2012 13:58:50 GMT</datecreated>
			<usercreated>Admin</usercreated>
			<flags>0</flags>
			<properties/>
			<relations/>
			<accesscontrol/>
		</file>
		<file>
			<source>system/modules/com.alkacon.opencms.v8.flexible/classes/com/alkacon/opencms/v8/flexible/workplace_de.properties</source>
			<destination>system/modules/com.alkacon.opencms.v8.flexible/classes/com/alkacon/opencms/v8/flexible/workplace_de.properties</destination>
			<type>plain</type>
			<uuidstructure>372d3cfc-f69f-11e1-930b-2fc8aa430640</uuidstructure>
			<uuidresource>372d3cfd-f69f-11e1-930b-2fc8aa430640</uuidresource>
			<datelastmodified>Tue, 04 Sep 2012 14:50:11 GMT</datelastmodified>
			<userlastmodified>Admin</userlastmodified>
			<datecreated>Tue, 04 Sep 2012 14:45:48 GMT</datecreated>
			<usercreated>Admin</usercreated>
			<flags>0</flags>
			<properties>
				<property>
					<name>content-encoding</name>
					<value><![CDATA[ISO-8859-1]]></value>
				</property>
			</properties>
			<relations/>
			<accesscontrol/>
		</file>
		<file>
			<destination>system/modules/com.alkacon.opencms.v8.flexible/classes/com/alkacon/opencms/v8/flexible/workplace_en.properties</destination>
			<type>plain</type>
			<uuidstructure>26c3d428-7427-11e1-935a-eb165644c1b6</uuidstructure>
			<uuidresource>26c3d429-7427-11e1-935a-eb165644c1b6</uuidresource>
			<datelastmodified>Tue, 04 Sep 2012 14:46:49 GMT</datelastmodified>
			<userlastmodified>Admin</userlastmodified>
			<datecreated>Thu, 22 Mar 2012 13:58:50 GMT</datecreated>
			<usercreated>Admin</usercreated>
			<flags>0</flags>
			<properties/>
			<relations/>
			<accesscontrol/>
		</file>
		<file>
			<destination>system/modules/com.alkacon.opencms.v8.flexible/formatters</destination>
			<type>folder</type>
			<uuidstructure>921acca9-7424-11e1-935a-eb165644c1b6</uuidstructure>
			<datelastmodified>Wed, 22 Jun 2011 09:55:35 GMT</datelastmodified>
			<userlastmodified>Admin</userlastmodified>
			<datecreated>Wed, 22 Jun 2011 09:55:35 GMT</datecreated>
			<usercreated>Admin</usercreated>
			<flags>0</flags>
			<properties/>
			<relations/>
			<accesscontrol/>
		</file>
		<file>
			<source>system/modules/com.alkacon.opencms.v8.flexible/formatters/flexible.jsp</source>
			<destination>system/modules/com.alkacon.opencms.v8.flexible/formatters/flexible.jsp</destination>
			<type>jsp</type>
			<uuidstructure>085489cf-7427-11e1-935a-eb165644c1b6</uuidstructure>
			<uuidresource>085489d0-7427-11e1-935a-eb165644c1b6</uuidresource>
			<datelastmodified>Tue, 04 Sep 2012 14:52:16 GMT</datelastmodified>
			<userlastmodified>Admin</userlastmodified>
			<datecreated>Thu, 22 Mar 2012 13:57:59 GMT</datecreated>
			<usercreated>Admin</usercreated>
			<flags>0</flags>
			<properties>
				<property>
					<name>Title</name>
					<value><![CDATA[Formatter for flexible content]]></value>
				</property>
				<property>
					<name>cache</name>
					<value><![CDATA[container-element]]></value>
				</property>
				<property type="shared">
					<name>export</name>
					<value><![CDATA[false]]></value>
				</property>
			</properties>
			<relations/>
			<accesscontrol/>
		</file>
		<file>
			<destination>system/modules/com.alkacon.opencms.v8.flexible/schemas</destination>
			<type>folder</type>
			<uuidstructure>921d169d-7424-11e1-935a-eb165644c1b6</uuidstructure>
			<datelastmodified>Tue, 31 May 2011 13:03:51 GMT</datelastmodified>
			<userlastmodified>Admin</userlastmodified>
			<datecreated>Tue, 31 May 2011 13:03:51 GMT</datecreated>
			<usercreated>Admin</usercreated>
			<flags>0</flags>
			<properties/>
			<relations/>
			<accesscontrol/>
		</file>
		<file>
			<source>system/modules/com.alkacon.opencms.v8.flexible/schemas/flexible.xsd</source>
			<destination>system/modules/com.alkacon.opencms.v8.flexible/schemas/flexible.xsd</destination>
			<type>plain</type>
			<uuidstructure>d6a1e994-7426-11e1-935a-eb165644c1b6</uuidstructure>
			<uuidresource>d6a1e995-7426-11e1-935a-eb165644c1b6</uuidresource>
			<datelastmodified>Thu, 22 Mar 2012 14:14:00 GMT</datelastmodified>
			<userlastmodified>Admin</userlastmodified>
			<datecreated>Thu, 22 Mar 2012 13:56:35 GMT</datecreated>
			<usercreated>Admin</usercreated>
			<flags>0</flags>
			<properties>
				<property>
					<name>Title</name>
					<value><![CDATA[XSD for flexible content]]></value>
				</property>
			</properties>
			<relations/>
			<accesscontrol/>
		</file>
		<file>
			<destination>system/modules/com.alkacon.opencms.v8.flexible/schemas/nested</destination>
			<type>folder</type>
			<uuidstructure>921faeb1-7424-11e1-935a-eb165644c1b6</uuidstructure>
			<datelastmodified>Mon, 20 Jun 2011 08:24:51 GMT</datelastmodified>
			<userlastmodified>Admin</userlastmodified>
			<datecreated>Mon, 20 Jun 2011 08:24:51 GMT</datecreated>
			<usercreated>Admin</usercreated>
			<flags>0</flags>
			<properties/>
			<relations/>
			<accesscontrol/>
		</file>
		<file>
			<source>system/modules/com.alkacon.opencms.v8.flexible/schemas/nested/flexiblechoice.xsd</source>
			<destination>system/modules/com.alkacon.opencms.v8.flexible/schemas/nested/flexiblechoice.xsd</destination>
			<type>plain</type>
			<uuidstructure>e75d0df8-7426-11e1-935a-eb165644c1b6</uuidstructure>
			<uuidresource>e75d0df9-7426-11e1-935a-eb165644c1b6</uuidresource>
			<datelastmodified>Thu, 22 Mar 2012 13:57:26 GMT</datelastmodified>
			<userlastmodified>Admin</userlastmodified>
			<datecreated>Thu, 22 Mar 2012 13:57:03 GMT</datecreated>
			<usercreated>Admin</usercreated>
			<flags>0</flags>
			<properties>
				<property>
					<name>Title</name>
					<value><![CDATA[XSD for variable choices]]></value>
				</property>
			</properties>
			<relations/>
			<accesscontrol/>
		</file>
		<file>
			<source>system/modules/com.alkacon.opencms.v8.flexible/schemas/nested/flexiblechoiceimage.xsd</source>
			<destination>system/modules/com.alkacon.opencms.v8.flexible/schemas/nested/flexiblechoiceimage.xsd</destination>
			<type>plain</type>
			<uuidstructure>e75ee2bb-7426-11e1-935a-eb165644c1b6</uuidstructure>
			<uuidresource>e75ee2bc-7426-11e1-935a-eb165644c1b6</uuidresource>
			<datelastmodified>Thu, 22 Mar 2012 13:57:40 GMT</datelastmodified>
			<userlastmodified>Admin</userlastmodified>
			<datecreated>Thu, 22 Mar 2012 13:57:03 GMT</datecreated>
			<usercreated>Admin</usercreated>
			<flags>0</flags>
			<properties>
				<property>
					<name>Title</name>
					<value><![CDATA[XSD for flexible choice image]]></value>
				</property>
			</properties>
			<relations/>
			<accesscontrol/>
		</file>
		<file>
			<destination>system/workplace</destination>
			<type>folder</type>
			<uuidstructure>825afce2-11b7-11db-91cd-fdbae480bac9</uuidstructure>
			<datelastmodified>Mon, 27 Mar 2006 12:00:00 GMT</datelastmodified>
			<userlastmodified>Admin</userlastmodified>
			<datecreated>Mon, 27 Jun 2005 08:00:00 GMT</datecreated>
			<usercreated>Admin</usercreated>
			<flags>0</flags>
			<properties>
				<property>
					<name>content-encoding</name>
					<value><![CDATA[UTF-8]]></value>
				</property>
				<property>
					<name>export</name>
					<value><![CDATA[false]]></value>
				</property>
				<property>
					<name>login-form</name>
					<value><![CDATA[/system/login/index.html]]></value>
				</property>
			</properties>
			<relations/>
			<accesscontrol>
				<accessentry>
					<uuidprincipal>ALL_OTHERS</uuidprincipal>
					<flags>134</flags>
					<permissionset>
						<allowed>0</allowed>
						<denied>0</denied>
					</permissionset>
				</accessentry>
				<accessentry>
					<uuidprincipal>ROLE.WORKPLACE_USER</uuidprincipal>
					<flags>518</flags>
					<permissionset>
						<allowed>5</allowed>
						<denied>0</denied>
					</permissionset>
				</accessentry>
			</accesscontrol>
		</file>
		<file>
			<destination>system/workplace/resources</destination>
			<type>folder</type>
			<uuidstructure>82c16052-11b7-11db-91cd-fdbae480bac9</uuidstructure>
			<datelastmodified>Mon, 27 Mar 2006 12:00:00 GMT</datelastmodified>
			<userlastmodified>Admin</userlastmodified>
			<datecreated>Mon, 27 Jun 2005 08:00:00 GMT</datecreated>
			<usercreated>Admin</usercreated>
			<flags>0</flags>
			<properties/>
			<relations/>
			<accesscontrol/>
		</file>
		<file>
			<destination>system/workplace/resources/filetypes</destination>
			<type>folder</type>
			<uuidstructure>83ca1dcc-11b7-11db-91cd-fdbae480bac9</uuidstructure>
			<datelastmodified>Mon, 27 Mar 2006 12:00:00 GMT</datelastmodified>
			<userlastmodified>Admin</userlastmodified>
			<datecreated>Mon, 27 Jun 2005 08:00:00 GMT</datecreated>
			<usercreated>Admin</usercreated>
			<flags>0</flags>
			<properties/>
			<relations/>
			<accesscontrol/>
		</file>
		<file>
			<source>system/workplace/resources/filetypes/v8flexible.png</source>
			<destination>system/workplace/resources/filetypes/v8flexible.png</destination>
			<type>image</type>
			<uuidstructure>16a3fab0-7426-11e1-935a-eb165644c1b6</uuidstructure>
			<uuidresource>16a3fab1-7426-11e1-935a-eb165644c1b6</uuidresource>
			<datelastmodified>Thu, 22 Mar 2012 13:51:21 GMT</datelastmodified>
			<userlastmodified>Admin</userlastmodified>
			<datecreated>Thu, 22 Mar 2012 13:51:13 GMT</datecreated>
			<usercreated>Admin</usercreated>
			<flags>0</flags>
			<properties>
				<property type="shared">
					<name>image.size</name>
					<value><![CDATA[w:16,h:16]]></value>
				</property>
			</properties>
			<relations/>
			<accesscontrol/>
		</file>
		<file>
			<source>system/workplace/resources/filetypes/v8flexible_big.png</source>
			<destination>system/workplace/resources/filetypes/v8flexible_big.png</destination>
			<type>image</type>
			<uuidstructure>21c20c74-7426-11e1-935a-eb165644c1b6</uuidstructure>
			<uuidresource>21c20c75-7426-11e1-935a-eb165644c1b6</uuidresource>
			<datelastmodified>Thu, 22 Mar 2012 13:51:39 GMT</datelastmodified>
			<userlastmodified>Admin</userlastmodified>
			<datecreated>Thu, 22 Mar 2012 13:51:32 GMT</datecreated>
			<usercreated>Admin</usercreated>
			<flags>0</flags>
			<properties>
				<property type="shared">
					<name>image.size</name>
					<value><![CDATA[w:24,h:24]]></value>
				</property>
			</properties>
			<relations/>
			<accesscontrol/>
		</file>
	</files>
</export>
