<?xml version="1.0" encoding="UTF-8"?>

<export>
  <info>
    <creator>Admin</creator>
    <opencms_version>8.5.0</opencms_version>
    <createdate>Fri, 25 Feb 2011 13:06:35 GMT</createdate>
    <infoproject>Offline</infoproject>
    <export_version>7</export_version>
  </info>
  <module>
    <name>org.opencms.ade.upload</name>
    <nicename><![CDATA[OpenCms 8 ADE Upload]]></nicename>
    <group>OpenCms ADE</group>
    <class/>
    <description><![CDATA[<p>Gwt based upload dialog for OpenCms 8</p>
					 <p><i>(c) 2013 by Alkacon Software GmbH (http://www.alkacon.com).</i></p>]]></description>
    <version>8.5.2</version>
    <authorname><![CDATA[Alkacon Software GmbH]]></authorname>
    <authoremail><![CDATA[info@alkacon.com]]></authoremail>
    <datecreated/>
    <userinstalled/>
    <dateinstalled/>
    <dependencies>
      <dependency name="org.opencms.ade.config" version="8.5.0"/>
    </dependencies>
    <exportpoints>
      <exportpoint uri="/system/modules/org.opencms.ade.upload/resources/" destination="resources/ade/"/>
    </exportpoints>
    <resources>
      <resource uri="/system/modules/org.opencms.ade.upload/"/>
    </resources>
  </module>
  <files>
    <file>
      <destination>system</destination>
      <type>folder</type>
      <uuidstructure>ef0c9a52-40ba-11e0-b520-e756eface22e</uuidstructure>
      <datelastmodified>Fri, 25 Feb 2011 08:40:44 GMT</datelastmodified>
      <userlastmodified>Admin</userlastmodified>
      <datecreated>Fri, 25 Feb 2011 08:40:44 GMT</datecreated>
      <usercreated>Admin</usercreated>
      <flags>0</flags>
      <properties/>
      <relations/>
      <accesscontrol>
        <accessentry>
          <uuidprincipal>ROLE.WORKPLACE_USER</uuidprincipal>
          <flags>514</flags>
          <permissionset>
            <allowed>1</allowed>
            <denied>0</denied>
          </permissionset>
        </accessentry>
      </accesscontrol>
    </file>
    <file>
      <destination>system/modules</destination>
      <type>folder</type>
      <uuidstructure>efc42abe-40ba-11e0-b520-e756eface22e</uuidstructure>
      <datelastmodified>Fri, 25 Feb 2011 08:40:45 GMT</datelastmodified>
      <userlastmodified>Admin</userlastmodified>
      <datecreated>Fri, 25 Feb 2011 08:40:45 GMT</datecreated>
      <usercreated>Admin</usercreated>
      <flags>0</flags>
      <properties/>
      <relations/>
      <accesscontrol>
        <accessentry>
          <uuidprincipal>ROLE.WORKPLACE_USER</uuidprincipal>
          <flags>514</flags>
          <permissionset>
            <allowed>5</allowed>
            <denied>0</denied>
          </permissionset>
        </accessentry>
      </accesscontrol>
    </file>
    <file>
      <destination>system/modules/org.opencms.ade.upload</destination>
      <type>folder</type>
      <uuidstructure>b83a2326-40de-11e0-b044-e756eface22e</uuidstructure>
      <datelastmodified>Fri, 25 Feb 2011 12:56:53 GMT</datelastmodified>
      <userlastmodified>Admin</userlastmodified>
      <datecreated>Fri, 25 Feb 2011 12:56:53 GMT</datecreated>
      <usercreated>Admin</usercreated>
      <flags>0</flags>
      <properties/>
      <relations/>
      <accesscontrol/>
    </file>
    <file>
      <source>system/modules/org.opencms.ade.upload/upload.jsp</source>
      <destination>system/modules/org.opencms.ade.upload/upload.jsp</destination>
      <type>jsp</type>
      <uuidstructure>be9eaf09-40df-11e0-b044-e756eface22e</uuidstructure>
      <uuidresource>be9eaf0a-40df-11e0-b044-e756eface22e</uuidresource>
      <datelastmodified>Fri, 25 Feb 2011 13:04:14 GMT</datelastmodified>
      <userlastmodified>Admin</userlastmodified>
      <datecreated>Fri, 25 Feb 2011 13:04:14 GMT</datecreated>
      <usercreated>Admin</usercreated>
      <flags>0</flags>
      <properties>
        <property type="shared">
          <name>export</name>
          <value><![CDATA[false]]></value>
        </property>
      </properties>
      <relations/>
      <accesscontrol/>
    </file>
    <file>
      <source>system/modules/org.opencms.ade.upload/uploadAction.jsp</source>
      <destination>system/modules/org.opencms.ade.upload/uploadAction.jsp</destination>
      <type>jsp</type>
      <uuidstructure>54fc80dc-287a-11e0-9363-9d0a6b56f130</uuidstructure>
      <uuidresource>54fc80dd-287a-11e0-9363-9d0a6b56f130</uuidresource>
      <datelastmodified>Tue, 25 Jan 2011 13:19:14 GMT</datelastmodified>
      <userlastmodified>Admin</userlastmodified>
      <datecreated>Tue, 25 Jan 2011 11:57:49 GMT</datecreated>
      <usercreated>Admin</usercreated>
      <flags>0</flags>
      <properties>
        <property>
          <name>Title</name>
          <value><![CDATA[The upload JSP]]></value>
        </property>
        <property type="shared">
          <name>export</name>
          <value><![CDATA[false]]></value>
        </property>
      </properties>
      <relations/>
      <accesscontrol/>
    </file>
    <file>
      <destination>system/modules/org.opencms.ade.upload/resources</destination>
      <type>folder</type>
      <uuidstructure>fd5d002c-40df-11e0-b044-e756eface22e</uuidstructure>
      <datelastmodified>Fri, 25 Feb 2011 13:05:59 GMT</datelastmodified>
      <userlastmodified>Admin</userlastmodified>
      <datecreated>Fri, 25 Feb 2011 13:05:59 GMT</datecreated>
      <usercreated>Admin</usercreated>
      <flags>0</flags>
      <properties/>
      <relations/>
      <accesscontrol/>
    </file>
    <file>
      <destination>system/modules/org.opencms.ade.upload/resources/upload</destination>
      <type>folder</type>
      <uuidstructure>2d8a47d6-71ae-11e0-883b-cd21a79dc8d2</uuidstructure>
      <datelastmodified>Thu, 28 Apr 2011 15:42:52 GMT</datelastmodified>
      <userlastmodified>Admin</userlastmodified>
      <datecreated>Thu, 28 Apr 2011 15:42:52 GMT</datecreated>
      <usercreated>Admin</usercreated>
      <flags>0</flags>
      <properties/>
      <relations/>
      <accesscontrol/>
    </file>
    <file>
      <source>system/modules/org.opencms.ade.upload/resources/upload/clear.cache.gif</source>
      <destination>system/modules/org.opencms.ade.upload/resources/upload/clear.cache.gif</destination>
      <type>image</type>
      <uuidstructure>c256735a-e896-11e2-9720-dd0bd35dece3</uuidstructure>
      <uuidresource>c2569a6b-e896-11e2-9720-dd0bd35dece3</uuidresource>
      <datelastmodified>Tue, 09 Jul 2013 12:54:57 GMT</datelastmodified>
      <userlastmodified>Admin</userlastmodified>
      <datecreated>Tue, 09 Jul 2013 12:54:57 GMT</datecreated>
      <usercreated>Admin</usercreated>
      <flags>0</flags>
      <properties/>
      <relations/>
      <accesscontrol/>
    </file>
    <file>
      <source>system/modules/org.opencms.ade.upload/resources/upload/1B09211DFAEB7CC2D1A10437DFA617A2.gwt.rpc</source>
      <destination>system/modules/org.opencms.ade.upload/resources/upload/1B09211DFAEB7CC2D1A10437DFA617A2.gwt.rpc</destination>
      <type>plain</type>
      <uuidstructure>c2586f2c-e896-11e2-9720-dd0bd35dece3</uuidstructure>
      <uuidresource>c258963d-e896-11e2-9720-dd0bd35dece3</uuidresource>
      <datelastmodified>Tue, 09 Jul 2013 12:54:57 GMT</datelastmodified>
      <userlastmodified>Admin</userlastmodified>
      <datecreated>Tue, 09 Jul 2013 12:54:57 GMT</datecreated>
      <usercreated>Admin</usercreated>
      <flags>0</flags>
      <properties/>
      <relations/>
      <accesscontrol/>
    </file>
    <file>
      <source>system/modules/org.opencms.ade.upload/resources/upload/A849B845C54A9E30A208D9D1909CBAE8.cache.html</source>
      <destination>system/modules/org.opencms.ade.upload/resources/upload/A849B845C54A9E30A208D9D1909CBAE8.cache.html</destination>
      <type>plain</type>
      <uuidstructure>c25ae02e-e896-11e2-9720-dd0bd35dece3</uuidstructure>
      <uuidresource>c25bca8f-e896-11e2-9720-dd0bd35dece3</uuidresource>
      <datelastmodified>Tue, 09 Jul 2013 12:54:57 GMT</datelastmodified>
      <userlastmodified>Admin</userlastmodified>
      <datecreated>Tue, 09 Jul 2013 12:54:57 GMT</datecreated>
      <usercreated>Admin</usercreated>
      <flags>0</flags>
      <properties/>
      <relations/>
      <accesscontrol/>
    </file>
    <file>
      <source>system/modules/org.opencms.ade.upload/resources/upload/D773F06D040055054E35ADFB4027B1A6.cache.html</source>
      <destination>system/modules/org.opencms.ade.upload/resources/upload/D773F06D040055054E35ADFB4027B1A6.cache.html</destination>
      <type>plain</type>
      <uuidstructure>c25e89b0-e896-11e2-9720-dd0bd35dece3</uuidstructure>
      <uuidresource>c25e89b1-e896-11e2-9720-dd0bd35dece3</uuidresource>
      <datelastmodified>Tue, 09 Jul 2013 12:54:57 GMT</datelastmodified>
      <userlastmodified>Admin</userlastmodified>
      <datecreated>Tue, 09 Jul 2013 12:54:57 GMT</datecreated>
      <usercreated>Admin</usercreated>
      <flags>0</flags>
      <properties/>
      <relations/>
      <accesscontrol/>
    </file>
    <file>
      <source>system/modules/org.opencms.ade.upload/resources/upload/5A115664DC455A295EBA726E0DAF02BA.cache.html</source>
      <destination>system/modules/org.opencms.ade.upload/resources/upload/5A115664DC455A295EBA726E0DAF02BA.cache.html</destination>
      <type>plain</type>
      <uuidstructure>c263e0e2-e896-11e2-9720-dd0bd35dece3</uuidstructure>
      <uuidresource>c26407f3-e896-11e2-9720-dd0bd35dece3</uuidresource>
      <datelastmodified>Tue, 09 Jul 2013 12:54:57 GMT</datelastmodified>
      <userlastmodified>Admin</userlastmodified>
      <datecreated>Tue, 09 Jul 2013 12:54:57 GMT</datecreated>
      <usercreated>Admin</usercreated>
      <flags>0</flags>
      <properties/>
      <relations/>
      <accesscontrol/>
    </file>
    <file>
      <source>system/modules/org.opencms.ade.upload/resources/upload/A9177839E3FF45C548BB82FDF003C1CA.cache.html</source>
      <destination>system/modules/org.opencms.ade.upload/resources/upload/A9177839E3FF45C548BB82FDF003C1CA.cache.html</destination>
      <type>plain</type>
      <uuidstructure>c26603c4-e896-11e2-9720-dd0bd35dece3</uuidstructure>
      <uuidresource>c2662ad5-e896-11e2-9720-dd0bd35dece3</uuidresource>
      <datelastmodified>Tue, 09 Jul 2013 12:54:57 GMT</datelastmodified>
      <userlastmodified>Admin</userlastmodified>
      <datecreated>Tue, 09 Jul 2013 12:54:57 GMT</datecreated>
      <usercreated>Admin</usercreated>
      <flags>0</flags>
      <properties/>
      <relations/>
      <accesscontrol/>
    </file>
    <file>
      <source>system/modules/org.opencms.ade.upload/resources/upload/hosted.html</source>
      <destination>system/modules/org.opencms.ade.upload/resources/upload/hosted.html</destination>
      <type>plain</type>
      <uuidstructure>c267d886-e896-11e2-9720-dd0bd35dece3</uuidstructure>
      <uuidresource>c267ff97-e896-11e2-9720-dd0bd35dece3</uuidresource>
      <datelastmodified>Tue, 09 Jul 2013 12:54:57 GMT</datelastmodified>
      <userlastmodified>Admin</userlastmodified>
      <datecreated>Tue, 09 Jul 2013 12:54:57 GMT</datecreated>
      <usercreated>Admin</usercreated>
      <flags>0</flags>
      <properties/>
      <relations/>
      <accesscontrol/>
    </file>
    <file>
      <source>system/modules/org.opencms.ade.upload/resources/upload/614A8351A28C0A4378525F849533D3FF.gwt.rpc</source>
      <destination>system/modules/org.opencms.ade.upload/resources/upload/614A8351A28C0A4378525F849533D3FF.gwt.rpc</destination>
      <type>plain</type>
      <uuidstructure>c269d458-e896-11e2-9720-dd0bd35dece3</uuidstructure>
      <uuidresource>c269fb69-e896-11e2-9720-dd0bd35dece3</uuidresource>
      <datelastmodified>Tue, 09 Jul 2013 12:54:57 GMT</datelastmodified>
      <userlastmodified>Admin</userlastmodified>
      <datecreated>Tue, 09 Jul 2013 12:54:57 GMT</datecreated>
      <usercreated>Admin</usercreated>
      <flags>0</flags>
      <properties/>
      <relations/>
      <accesscontrol/>
    </file>
    <file>
      <source>system/modules/org.opencms.ade.upload/resources/upload/52F68CAD3DA88C4C4E00F3250629FA84.cache.html</source>
      <destination>system/modules/org.opencms.ade.upload/resources/upload/52F68CAD3DA88C4C4E00F3250629FA84.cache.html</destination>
      <type>plain</type>
      <uuidstructure>c26ce19a-e896-11e2-9720-dd0bd35dece3</uuidstructure>
      <uuidresource>c26d08ab-e896-11e2-9720-dd0bd35dece3</uuidresource>
      <datelastmodified>Tue, 09 Jul 2013 12:54:57 GMT</datelastmodified>
      <userlastmodified>Admin</userlastmodified>
      <datecreated>Tue, 09 Jul 2013 12:54:57 GMT</datecreated>
      <usercreated>Admin</usercreated>
      <flags>0</flags>
      <properties/>
      <relations/>
      <accesscontrol/>
    </file>
    <file>
      <source>system/modules/org.opencms.ade.upload/resources/upload/upload.nocache.js</source>
      <destination>system/modules/org.opencms.ade.upload/resources/upload/upload.nocache.js</destination>
      <type>plain</type>
      <uuidstructure>c273985c-e896-11e2-9720-dd0bd35dece3</uuidstructure>
      <uuidresource>c273bf6d-e896-11e2-9720-dd0bd35dece3</uuidresource>
      <datelastmodified>Tue, 09 Jul 2013 12:54:57 GMT</datelastmodified>
      <userlastmodified>Admin</userlastmodified>
      <datecreated>Tue, 09 Jul 2013 12:54:57 GMT</datecreated>
      <usercreated>Admin</usercreated>
      <flags>0</flags>
      <properties/>
      <relations/>
      <accesscontrol/>
    </file>
    <file>
      <source>system/modules/org.opencms.ade.upload/resources/upload/2E6E6ED02D590FFA81B089DA9C2173E7.gwt.rpc</source>
      <destination>system/modules/org.opencms.ade.upload/resources/upload/2E6E6ED02D590FFA81B089DA9C2173E7.gwt.rpc</destination>
      <type>plain</type>
      <uuidstructure>c2798bce-e896-11e2-9720-dd0bd35dece3</uuidstructure>
      <uuidresource>c27baeaf-e896-11e2-9720-dd0bd35dece3</uuidresource>
      <datelastmodified>Tue, 09 Jul 2013 12:54:58 GMT</datelastmodified>
      <userlastmodified>Admin</userlastmodified>
      <datecreated>Tue, 09 Jul 2013 12:54:58 GMT</datecreated>
      <usercreated>Admin</usercreated>
      <flags>0</flags>
      <properties/>
      <relations/>
      <accesscontrol/>
    </file>
  </files>
</export>
