<?xml version="1.0" encoding="UTF-8"?>

<export>
  <info>
    <creator>Admin</creator>
    <opencms_version>8.5.0</opencms_version>
    <createdate>Mon, 15 Mar 2010 15:26:37 GMT</createdate>
    <infoproject>Offline</infoproject>
    <export_version>7</export_version>
  </info>
  <module>
    <name>org.opencms.ade.sitemap</name>
    <nicename><![CDATA[OpenCms 8 Sitemap]]></nicename>
    <group>OpenCms ADE</group>
    <class/>
    <description><![CDATA[<p>ADE Sitemap Editor.</p>
<p><i>(c) 2013 by Alkacon Software GmbH (http://www.alkacon.com).</i></p>]]></description>
    <version>8.5.2</version>
    <authorname><![CDATA[Alkacon Software GmbH]]></authorname>
    <authoremail><![CDATA[info@alkacon.com]]></authoremail>
    <datecreated>Mon, 27 Jun 2005 08:00:00 GMT</datecreated>
    <userinstalled/>
    <dateinstalled/>
    <dependencies>
      <dependency name="org.opencms.ade.config" version="8.5.0"/>
    </dependencies>
    <exportpoints>
      <exportpoint uri="/system/modules/org.opencms.ade.sitemap/resources/" destination="resources/ade/"/>
    </exportpoints>
    <resources>
      <resource uri="/system/modules/org.opencms.ade.sitemap/"/>
      <resource uri="/system/workplace/resources/filetypes/subsitemap.png"/>
      <resource uri="/system/workplace/resources/filetypes/subsitemap_big.png"/>
      <resource uri="/system/workplace/resources/filetypes/htmlredirect.png"/>
      <resource uri="/system/workplace/resources/filetypes/htmlredirect_big.png"/>
    </resources>
    <resourcetypes/>
    <explorertypes/>
  </module>
  <files>
    <file>
      <destination>system</destination>
      <type>folder</type>
      <uuidstructure>c7cab06f-1a41-11df-bb09-654568eded92</uuidstructure>
      <datelastmodified>Mon, 27 Jun 2005 08:00:00 GMT</datelastmodified>
      <userlastmodified>Admin</userlastmodified>
      <datecreated>Mon, 15 Feb 2010 14:52:47 GMT</datecreated>
      <usercreated>Admin</usercreated>
      <flags>0</flags>
      <properties/>
      <relations/>
      <accesscontrol>
        <accessentry>
          <uuidprincipal>ROLE.WORKPLACE_USER</uuidprincipal>
          <flags>514</flags>
          <permissionset>
            <allowed>1</allowed>
            <denied>0</denied>
          </permissionset>
        </accessentry>
      </accesscontrol>
    </file>
    <file>
      <destination>system/modules</destination>
      <type>folder</type>
      <uuidstructure>c86ce418-1a41-11df-bb09-654568eded92</uuidstructure>
      <datelastmodified>Mon, 15 Feb 2010 14:52:48 GMT</datelastmodified>
      <userlastmodified>Admin</userlastmodified>
      <datecreated>Mon, 15 Feb 2010 14:52:48 GMT</datecreated>
      <usercreated>Admin</usercreated>
      <flags>0</flags>
      <properties/>
      <relations/>
      <accesscontrol>
        <accessentry>
          <uuidprincipal>ROLE.WORKPLACE_USER</uuidprincipal>
          <flags>514</flags>
          <permissionset>
            <allowed>5</allowed>
            <denied>0</denied>
          </permissionset>
        </accessentry>
      </accesscontrol>
    </file>
    <file>
      <destination>system/modules/org.opencms.ade.sitemap</destination>
      <type>folder</type>
      <uuidstructure>c0ade2a2-11b7-11db-bbbb-fd3ae480fac9</uuidstructure>
      <datelastmodified>Mon, 27 Mar 2006 12:00:00 GMT</datelastmodified>
      <userlastmodified>Admin</userlastmodified>
      <datecreated>Mon, 20 Feb 2006 14:05:57 GMT</datecreated>
      <usercreated>Admin</usercreated>
      <flags>0</flags>
      <properties/>
      <relations/>
      <accesscontrol/>
    </file>
    <file>
      <source>system/modules/org.opencms.ade.sitemap/.config</source>
      <destination>system/modules/org.opencms.ade.sitemap/.config</destination>
      <type>module_config</type>
      <uuidstructure>cf584f92-93b2-4788-ad9f-d9c3b4955ce6</uuidstructure>
      <uuidresource>cf584f92-93b2-4788-ad9f-d9c3b4955ce7</uuidresource>
      <datelastmodified>Mon, 17 Jan 2011 10:01:54 GMT</datelastmodified>
      <userlastmodified>Admin</userlastmodified>
      <datecreated>Mon, 17 Jan 2011 09:34:17 GMT</datecreated>
      <usercreated>Admin</usercreated>
      <flags>0</flags>
      <properties>
        <property>
          <name>locale</name>
          <value><![CDATA[en]]></value>
        </property>
        <property>
          <name>locale-available</name>
          <value><![CDATA[en]]></value>
        </property>
      </properties>
      <relations/>
      <accesscontrol/>
    </file>
    <file>
      <destination>system/modules/org.opencms.ade.sitemap/pages</destination>
      <type>folder</type>
      <uuidstructure>e9bf555e-7734-11e0-89e5-d14bc4448678</uuidstructure>
      <datelastmodified>Thu, 05 May 2011 16:29:56 GMT</datelastmodified>
      <userlastmodified>Admin</userlastmodified>
      <datecreated>Thu, 05 May 2011 16:29:56 GMT</datecreated>
      <usercreated>Admin</usercreated>
      <flags>0</flags>
      <properties/>
      <relations/>
      <accesscontrol/>
    </file>
    <file>
      <source>system/modules/org.opencms.ade.sitemap/pages/notemplate.png</source>
      <destination>system/modules/org.opencms.ade.sitemap/pages/notemplate.png</destination>
      <type>image</type>
      <uuidstructure>653b45a9-7735-11e0-89e5-d14bc4448678</uuidstructure>
      <uuidresource>653b45aa-7735-11e0-89e5-d14bc4448678</uuidresource>
      <datelastmodified>Thu, 05 May 2011 16:33:23 GMT</datelastmodified>
      <userlastmodified>Admin</userlastmodified>
      <datecreated>Thu, 05 May 2011 16:33:23 GMT</datecreated>
      <usercreated>Admin</usercreated>
      <flags>0</flags>
      <properties>
        <property>
          <name>Title</name>
          <value><![CDATA[notemplate]]></value>
        </property>
        <property type="shared">
          <name>image.size</name>
          <value><![CDATA[w:64,h:64]]></value>
        </property>
      </properties>
      <relations/>
      <accesscontrol/>
    </file>
    <file>
      <source>system/modules/org.opencms.ade.sitemap/pages/redirect-detail.jsp</source>
      <destination>system/modules/org.opencms.ade.sitemap/pages/redirect-detail.jsp</destination>
      <type>jsp</type>
      <uuidstructure>6544bb8d-7735-11e0-89e5-d14bc4448678</uuidstructure>
      <uuidresource>6544bb8e-7735-11e0-89e5-d14bc4448678</uuidresource>
      <datelastmodified>Thu, 05 May 2011 16:33:23 GMT</datelastmodified>
      <userlastmodified>Admin</userlastmodified>
      <datecreated>Thu, 05 May 2011 16:33:23 GMT</datecreated>
      <usercreated>Admin</usercreated>
      <flags>0</flags>
      <properties>
        <property>
          <name>Title</name>
          <value><![CDATA[redirect-detail]]></value>
        </property>
        <property type="shared">
          <name>export</name>
          <value><![CDATA[false]]></value>
        </property>
      </properties>
      <relations/>
      <accesscontrol/>
    </file>
    <file>
      <source>system/modules/org.opencms.ade.sitemap/pages/render-seo-file.jsp</source>
      <destination>system/modules/org.opencms.ade.sitemap/pages/render-seo-file.jsp</destination>
      <type>jsp</type>
      <uuidstructure>4a982d98-b3ec-4709-a5c3-2c57a9c670c5</uuidstructure>
      <uuidresource>71b01b3d-207f-46b3-b7c0-d551782070ca</uuidresource>
      <datelastmodified>Thu, 05 May 2011 16:33:23 GMT</datelastmodified>
      <userlastmodified>Admin</userlastmodified>
      <datecreated>Thu, 05 May 2011 16:33:23 GMT</datecreated>
      <usercreated>Admin</usercreated>
      <flags>0</flags>
      <properties>
        <property>
          <name>Title</name>
          <value><![CDATA[render-seo-file]]></value>
        </property>
        <property type="shared">
          <name>export</name>
          <value><![CDATA[false]]></value>
        </property>
        <property>
          <name>cache</name>
          <value><![CDATA[uri]]></value>
        </property>
      </properties>
      <relations/>
      <accesscontrol/>
    </file>
    <file>
      <source>system/modules/org.opencms.ade.sitemap/pages/download-aliases.jsp</source>
      <destination>system/modules/org.opencms.ade.sitemap/pages/download-aliases.jsp</destination>
      <type>jsp</type>
      <uuidstructure>08bb7d11-23eb-4507-ab0e-b978d582a8bb</uuidstructure>
      <uuidresource>08bb7d12-23eb-4507-ab0e-b978d582a8bb</uuidresource>
      <datelastmodified>Thu, 05 May 2011 16:33:23 GMT</datelastmodified>
      <userlastmodified>Admin</userlastmodified>
      <datecreated>Thu, 05 May 2011 16:33:23 GMT</datecreated>
      <usercreated>Admin</usercreated>
      <flags>0</flags>
      <properties>
        <property>
          <name>Title</name>
          <value><![CDATA[download-aliases]]></value>
        </property>
        <property type="shared">
          <name>export</name>
          <value><![CDATA[false]]></value>
        </property>
        <property>
          <name>cache</name>
          <value><![CDATA[bypass]]></value>
        </property>
      </properties>
      <relations/>
      <accesscontrol/>
    </file>
    <file>
      <source>system/modules/org.opencms.ade.sitemap/pages/import-aliases.jsp</source>
      <destination>system/modules/org.opencms.ade.sitemap/pages/import-aliases.jsp</destination>
      <type>jsp</type>
      <uuidstructure>367b6c2f-2a6d-4b5d-b4a0-3f7b8519a8ac</uuidstructure>
      <uuidresource>8c32fbcd-a5b5-49e6-8ab5-aa792e5cb592</uuidresource>
      <datelastmodified>Thu, 05 May 2011 16:33:23 GMT</datelastmodified>
      <userlastmodified>Admin</userlastmodified>
      <datecreated>Thu, 05 May 2011 16:33:23 GMT</datecreated>
      <usercreated>Admin</usercreated>
      <flags>0</flags>
      <properties>
        <property>
          <name>Title</name>
          <value><![CDATA[import-aliases]]></value>
        </property>
        <property type="shared">
          <name>export</name>
          <value><![CDATA[false]]></value>
        </property>
      </properties>
      <relations/>
      <accesscontrol/>
    </file>
    <file>
      <source>system/modules/org.opencms.ade.sitemap/pages/sitemap.jsp</source>
      <destination>system/modules/org.opencms.ade.sitemap/pages/sitemap.jsp</destination>
      <type>jsp</type>
      <uuidstructure>654be781-7735-11e0-89e5-d14bc4448678</uuidstructure>
      <uuidresource>654be782-7735-11e0-89e5-d14bc4448678</uuidresource>
      <datelastmodified>Thu, 05 May 2011 16:33:23 GMT</datelastmodified>
      <userlastmodified>Admin</userlastmodified>
      <datecreated>Thu, 05 May 2011 16:33:23 GMT</datecreated>
      <usercreated>Admin</usercreated>
      <flags>0</flags>
      <properties>
        <property>
          <name>Title</name>
          <value><![CDATA[sitemap]]></value>
        </property>
        <property type="shared">
          <name>export</name>
          <value><![CDATA[false]]></value>
        </property>
      </properties>
      <relations/>
      <accesscontrol/>
    </file>
    <file>
      <source>system/modules/org.opencms.ade.sitemap/pages/sub-level-redirect.html</source>
      <destination>system/modules/org.opencms.ade.sitemap/pages/sub-level-redirect.html</destination>
      <type>htmlredirect</type>
      <uuidstructure>bba62bd0-7f0c-11e1-a2a6-b38ba2bad1b2</uuidstructure>
      <uuidresource>bba62bd1-7f0c-11e1-a2a6-b38ba2bad1b2</uuidresource>
      <datelastmodified>Thu, 05 Apr 2012 10:47:37 GMT</datelastmodified>
      <userlastmodified>Admin</userlastmodified>
      <datecreated>Thu, 05 Apr 2012 10:47:26 GMT</datecreated>
      <usercreated>Admin</usercreated>
      <flags>0</flags>
      <properties>
        <property>
          <name>Title</name>
          <value><![CDATA[Sub level redirect]]></value>
        </property>
        <property type="shared">
          <name>template-elements</name>
          <value><![CDATA[/system/modules/org.opencms.ade.sitemap/pages/redirect-detail.jsp]]></value>
        </property>
      </properties>
      <relations/>
      <accesscontrol/>
    </file>
    <file>
      <destination>system/modules/org.opencms.ade.sitemap/schemas</destination>
      <type>folder</type>
      <uuidstructure>fa5f2992-7734-11e0-89e5-d14bc4448678</uuidstructure>
      <datelastmodified>Thu, 05 May 2011 16:30:24 GMT</datelastmodified>
      <userlastmodified>Admin</userlastmodified>
      <datecreated>Thu, 05 May 2011 16:30:24 GMT</datecreated>
      <usercreated>Admin</usercreated>
      <flags>0</flags>
      <properties/>
      <relations/>
      <accesscontrol/>
    </file>
    <file>
      <source>system/modules/org.opencms.ade.sitemap/schemas/redirect.xsd</source>
      <destination>system/modules/org.opencms.ade.sitemap/schemas/redirect.xsd</destination>
      <type>plain</type>
      <uuidstructure>6fb30556-7735-11e0-89e5-d14bc4448678</uuidstructure>
      <uuidresource>6fb30557-7735-11e0-89e5-d14bc4448678</uuidresource>
      <datelastmodified>Thu, 05 May 2011 16:33:41 GMT</datelastmodified>
      <userlastmodified>Admin</userlastmodified>
      <datecreated>Thu, 05 May 2011 16:33:41 GMT</datecreated>
      <usercreated>Admin</usercreated>
      <flags>0</flags>
      <properties>
        <property>
          <name>Title</name>
          <value><![CDATA[redirect]]></value>
        </property>
      </properties>
      <relations/>
      <accesscontrol/>
    </file>
    <file>
      <destination>system/workplace</destination>
      <type>folder</type>
      <uuidstructure>825afce2-11b7-11db-91cd-fdbae480bac9</uuidstructure>
      <datelastmodified>Mon, 27 Mar 2006 12:00:00 GMT</datelastmodified>
      <userlastmodified>Admin</userlastmodified>
      <datecreated>Mon, 27 Jun 2005 08:00:00 GMT</datecreated>
      <usercreated>Admin</usercreated>
      <flags>0</flags>
      <properties>
        <property>
          <name>content-encoding</name>
          <value><![CDATA[UTF-8]]></value>
        </property>
        <property>
          <name>export</name>
          <value><![CDATA[false]]></value>
        </property>
        <property>
          <name>login-form</name>
          <value><![CDATA[/system/login/index.html]]></value>
        </property>
      </properties>
      <relations/>
      <accesscontrol>
        <accessentry>
          <uuidprincipal>ALL_OTHERS</uuidprincipal>
          <flags>134</flags>
          <permissionset>
            <allowed>0</allowed>
            <denied>0</denied>
          </permissionset>
        </accessentry>
        <accessentry>
          <uuidprincipal>ROLE.WORKPLACE_USER</uuidprincipal>
          <flags>518</flags>
          <permissionset>
            <allowed>5</allowed>
            <denied>0</denied>
          </permissionset>
        </accessentry>
      </accesscontrol>
    </file>
    <file>
      <destination>system/workplace/resources</destination>
      <type>folder</type>
      <uuidstructure>82c16052-11b7-11db-91cd-fdbae480bac9</uuidstructure>
      <datelastmodified>Mon, 27 Mar 2006 12:00:00 GMT</datelastmodified>
      <userlastmodified>Admin</userlastmodified>
      <datecreated>Mon, 27 Jun 2005 08:00:00 GMT</datecreated>
      <usercreated>Admin</usercreated>
      <flags>0</flags>
      <properties/>
      <relations/>
      <accesscontrol/>
    </file>
    <file>
      <destination>system/workplace/resources/filetypes</destination>
      <type>folder</type>
      <uuidstructure>83ca1dcc-11b7-11db-91cd-fdbae480bac9</uuidstructure>
      <datelastmodified>Mon, 27 Mar 2006 12:00:00 GMT</datelastmodified>
      <userlastmodified>Admin</userlastmodified>
      <datecreated>Mon, 27 Jun 2005 08:00:00 GMT</datecreated>
      <usercreated>Admin</usercreated>
      <flags>0</flags>
      <properties/>
      <relations/>
      <accesscontrol/>
    </file>
    <file>
      <source>system/workplace/resources/filetypes/htmlredirect.png</source>
      <destination>system/workplace/resources/filetypes/htmlredirect.png</destination>
      <type>image</type>
      <uuidstructure>77120f85-7584-11e0-a519-a1b7a1ca2b7f</uuidstructure>
      <uuidresource>77120f86-7584-11e0-a519-a1b7a1ca2b7f</uuidresource>
      <datelastmodified>Tue, 03 May 2011 12:54:32 GMT</datelastmodified>
      <userlastmodified>Admin</userlastmodified>
      <datecreated>Tue, 03 May 2011 12:54:21 GMT</datecreated>
      <usercreated>Admin</usercreated>
      <flags>0</flags>
      <properties>
        <property type="shared">
          <name>image.size</name>
          <value><![CDATA[w:16,h:16]]></value>
        </property>
      </properties>
      <relations/>
      <accesscontrol/>
    </file>
    <file>
      <source>system/workplace/resources/filetypes/htmlredirect_big.png</source>
      <destination>system/workplace/resources/filetypes/htmlredirect_big.png</destination>
      <type>image</type>
      <uuidstructure>d08bd58e-7649-11e0-89d1-5b4e51806a5b</uuidstructure>
      <uuidresource>d08bd58f-7649-11e0-89d1-5b4e51806a5b</uuidresource>
      <datelastmodified>Wed, 04 May 2011 12:28:00 GMT</datelastmodified>
      <userlastmodified>Admin</userlastmodified>
      <datecreated>Wed, 04 May 2011 12:27:02 GMT</datecreated>
      <usercreated>Admin</usercreated>
      <flags>0</flags>
      <properties>
        <property type="shared">
          <name>image.size</name>
          <value><![CDATA[w:24,h:24]]></value>
        </property>
      </properties>
      <relations/>
      <accesscontrol/>
    </file>
    <file>
      <source>system/workplace/resources/filetypes/subsitemap.png</source>
      <destination>system/workplace/resources/filetypes/subsitemap.png</destination>
      <type>image</type>
      <uuidstructure>770d2d81-7584-11e0-a519-a1b7a1ca2b7f</uuidstructure>
      <uuidresource>770d2d82-7584-11e0-a519-a1b7a1ca2b7f</uuidresource>
      <datelastmodified>Tue, 03 May 2011 13:05:12 GMT</datelastmodified>
      <userlastmodified>Admin</userlastmodified>
      <datecreated>Tue, 03 May 2011 12:54:21 GMT</datecreated>
      <usercreated>Admin</usercreated>
      <flags>0</flags>
      <properties>
        <property type="shared">
          <name>image.size</name>
          <value><![CDATA[w:16,h:16]]></value>
        </property>
      </properties>
      <relations/>
      <accesscontrol/>
    </file>
    <file>
      <source>system/workplace/resources/filetypes/subsitemap_big.png</source>
      <destination>system/workplace/resources/filetypes/subsitemap_big.png</destination>
      <type>image</type>
      <uuidstructure>d0b92742-7649-11e0-89d1-5b4e51806a5b</uuidstructure>
      <uuidresource>d0b92743-7649-11e0-89d1-5b4e51806a5b</uuidresource>
      <datelastmodified>Wed, 04 May 2011 12:28:00 GMT</datelastmodified>
      <userlastmodified>Admin</userlastmodified>
      <datecreated>Wed, 04 May 2011 12:27:02 GMT</datecreated>
      <usercreated>Admin</usercreated>
      <flags>0</flags>
      <properties>
        <property type="shared">
          <name>image.size</name>
          <value><![CDATA[w:24,h:24]]></value>
        </property>
      </properties>
      <relations/>
      <accesscontrol/>
    </file>
    <file>
      <destination>system/modules/org.opencms.ade.sitemap/resources</destination>
      <type>folder</type>
      <uuidstructure>c0ade2a2-fde7-11db-b43b-fd3ae480fac9</uuidstructure>
      <datelastmodified>Mon, 27 Mar 2006 12:00:00 GMT</datelastmodified>
      <userlastmodified>Admin</userlastmodified>
      <datecreated>Mon, 20 Feb 2006 14:05:57 GMT</datecreated>
      <usercreated>Admin</usercreated>
      <flags>0</flags>
      <properties/>
      <relations/>
      <accesscontrol/>
    </file>
    <file>
      <destination>system/modules/org.opencms.ade.sitemap/resources/sitemap</destination>
      <type>folder</type>
      <uuidstructure>226de3bf-71ae-11e0-883b-cd21a79dc8d2</uuidstructure>
      <datelastmodified>Thu, 28 Apr 2011 15:42:33 GMT</datelastmodified>
      <userlastmodified>Admin</userlastmodified>
      <datecreated>Thu, 28 Apr 2011 15:42:33 GMT</datecreated>
      <usercreated>Admin</usercreated>
      <flags>0</flags>
      <properties/>
      <relations/>
      <accesscontrol/>
    </file>
    <file>
      <source>system/modules/org.opencms.ade.sitemap/resources/sitemap/clear.cache.gif</source>
      <destination>system/modules/org.opencms.ade.sitemap/resources/sitemap/clear.cache.gif</destination>
      <type>image</type>
      <uuidstructure>53453942-e896-11e2-98ed-a5279390e9b6</uuidstructure>
      <uuidresource>53458763-e896-11e2-98ed-a5279390e9b6</uuidresource>
      <datelastmodified>Tue, 09 Jul 2013 12:51:51 GMT</datelastmodified>
      <userlastmodified>Admin</userlastmodified>
      <datecreated>Tue, 09 Jul 2013 12:51:51 GMT</datecreated>
      <usercreated>Admin</usercreated>
      <flags>0</flags>
      <properties/>
      <relations/>
      <accesscontrol/>
    </file>
    <file>
      <source>system/modules/org.opencms.ade.sitemap/resources/sitemap/1B09211DFAEB7CC2D1A10437DFA617A2.gwt.rpc</source>
      <destination>system/modules/org.opencms.ade.sitemap/resources/sitemap/1B09211DFAEB7CC2D1A10437DFA617A2.gwt.rpc</destination>
      <type>plain</type>
      <uuidstructure>534a6964-e896-11e2-98ed-a5279390e9b6</uuidstructure>
      <uuidresource>534ab785-e896-11e2-98ed-a5279390e9b6</uuidresource>
      <datelastmodified>Tue, 09 Jul 2013 12:51:51 GMT</datelastmodified>
      <userlastmodified>Admin</userlastmodified>
      <datecreated>Tue, 09 Jul 2013 12:51:51 GMT</datecreated>
      <usercreated>Admin</usercreated>
      <flags>0</flags>
      <properties/>
      <relations/>
      <accesscontrol/>
    </file>
    <file>
      <source>system/modules/org.opencms.ade.sitemap/resources/sitemap/27246C8DD21072403777D9C61FEA16B7.gwt.rpc</source>
      <destination>system/modules/org.opencms.ade.sitemap/resources/sitemap/27246C8DD21072403777D9C61FEA16B7.gwt.rpc</destination>
      <type>plain</type>
      <uuidstructure>534e12e6-e896-11e2-98ed-a5279390e9b6</uuidstructure>
      <uuidresource>534ed637-e896-11e2-98ed-a5279390e9b6</uuidresource>
      <datelastmodified>Tue, 09 Jul 2013 12:51:51 GMT</datelastmodified>
      <userlastmodified>Admin</userlastmodified>
      <datecreated>Tue, 09 Jul 2013 12:51:51 GMT</datecreated>
      <usercreated>Admin</usercreated>
      <flags>0</flags>
      <properties/>
      <relations/>
      <accesscontrol/>
    </file>
    <file>
      <source>system/modules/org.opencms.ade.sitemap/resources/sitemap/63617FFAC320478831F3D40DF23A8A84.cache.html</source>
      <destination>system/modules/org.opencms.ade.sitemap/resources/sitemap/63617FFAC320478831F3D40DF23A8A84.cache.html</destination>
      <type>plain</type>
      <uuidstructure>53520a88-e896-11e2-98ed-a5279390e9b6</uuidstructure>
      <uuidresource>53523199-e896-11e2-98ed-a5279390e9b6</uuidresource>
      <datelastmodified>Tue, 09 Jul 2013 12:51:51 GMT</datelastmodified>
      <userlastmodified>Admin</userlastmodified>
      <datecreated>Tue, 09 Jul 2013 12:51:51 GMT</datecreated>
      <usercreated>Admin</usercreated>
      <flags>0</flags>
      <properties/>
      <relations/>
      <accesscontrol/>
    </file>
    <file>
      <source>system/modules/org.opencms.ade.sitemap/resources/sitemap/9C64CC86B8E9549713385A6F1D2604F4.cache.html</source>
      <destination>system/modules/org.opencms.ade.sitemap/resources/sitemap/9C64CC86B8E9549713385A6F1D2604F4.cache.html</destination>
      <type>plain</type>
      <uuidstructure>53553eda-e896-11e2-98ed-a5279390e9b6</uuidstructure>
      <uuidresource>5356504b-e896-11e2-98ed-a5279390e9b6</uuidresource>
      <datelastmodified>Tue, 09 Jul 2013 12:51:51 GMT</datelastmodified>
      <userlastmodified>Admin</userlastmodified>
      <datecreated>Tue, 09 Jul 2013 12:51:51 GMT</datecreated>
      <usercreated>Admin</usercreated>
      <flags>0</flags>
      <properties/>
      <relations/>
      <accesscontrol/>
    </file>
    <file>
      <source>system/modules/org.opencms.ade.sitemap/resources/sitemap/4474DBF543E1ACD02F87509656429C8C.cache.html</source>
      <destination>system/modules/org.opencms.ade.sitemap/resources/sitemap/4474DBF543E1ACD02F87509656429C8C.cache.html</destination>
      <type>plain</type>
      <uuidstructure>535c1cac-e896-11e2-98ed-a5279390e9b6</uuidstructure>
      <uuidresource>535d7c3d-e896-11e2-98ed-a5279390e9b6</uuidresource>
      <datelastmodified>Tue, 09 Jul 2013 12:51:51 GMT</datelastmodified>
      <userlastmodified>Admin</userlastmodified>
      <datecreated>Tue, 09 Jul 2013 12:51:51 GMT</datecreated>
      <usercreated>Admin</usercreated>
      <flags>0</flags>
      <properties/>
      <relations/>
      <accesscontrol/>
    </file>
    <file>
      <source>system/modules/org.opencms.ade.sitemap/resources/sitemap/58C060E7B6B85AF121D4A080929677BF.cache.html</source>
      <destination>system/modules/org.opencms.ade.sitemap/resources/sitemap/58C060E7B6B85AF121D4A080929677BF.cache.html</destination>
      <type>plain</type>
      <uuidstructure>5363218e-e896-11e2-98ed-a5279390e9b6</uuidstructure>
      <uuidresource>5363489f-e896-11e2-98ed-a5279390e9b6</uuidresource>
      <datelastmodified>Tue, 09 Jul 2013 12:51:51 GMT</datelastmodified>
      <userlastmodified>Admin</userlastmodified>
      <datecreated>Tue, 09 Jul 2013 12:51:51 GMT</datecreated>
      <usercreated>Admin</usercreated>
      <flags>0</flags>
      <properties/>
      <relations/>
      <accesscontrol/>
    </file>
    <file>
      <source>system/modules/org.opencms.ade.sitemap/resources/sitemap/sitemap.nocache.js</source>
      <destination>system/modules/org.opencms.ade.sitemap/resources/sitemap/sitemap.nocache.js</destination>
      <type>plain</type>
      <uuidstructure>53696320-e896-11e2-98ed-a5279390e9b6</uuidstructure>
      <uuidresource>53698a31-e896-11e2-98ed-a5279390e9b6</uuidresource>
      <datelastmodified>Tue, 09 Jul 2013 12:51:51 GMT</datelastmodified>
      <userlastmodified>Admin</userlastmodified>
      <datecreated>Tue, 09 Jul 2013 12:51:51 GMT</datecreated>
      <usercreated>Admin</usercreated>
      <flags>0</flags>
      <properties/>
      <relations/>
      <accesscontrol/>
    </file>
    <file>
      <source>system/modules/org.opencms.ade.sitemap/resources/sitemap/hosted.html</source>
      <destination>system/modules/org.opencms.ade.sitemap/resources/sitemap/hosted.html</destination>
      <type>plain</type>
      <uuidstructure>536d33b2-e896-11e2-98ed-a5279390e9b6</uuidstructure>
      <uuidresource>536d33b3-e896-11e2-98ed-a5279390e9b6</uuidresource>
      <datelastmodified>Tue, 09 Jul 2013 12:51:51 GMT</datelastmodified>
      <userlastmodified>Admin</userlastmodified>
      <datecreated>Tue, 09 Jul 2013 12:51:51 GMT</datecreated>
      <usercreated>Admin</usercreated>
      <flags>0</flags>
      <properties/>
      <relations/>
      <accesscontrol/>
    </file>
    <file>
      <source>system/modules/org.opencms.ade.sitemap/resources/sitemap/614A8351A28C0A4378525F849533D3FF.gwt.rpc</source>
      <destination>system/modules/org.opencms.ade.sitemap/resources/sitemap/614A8351A28C0A4378525F849533D3FF.gwt.rpc</destination>
      <type>plain</type>
      <uuidstructure>5371eea4-e896-11e2-98ed-a5279390e9b6</uuidstructure>
      <uuidresource>537215b5-e896-11e2-98ed-a5279390e9b6</uuidresource>
      <datelastmodified>Tue, 09 Jul 2013 12:51:51 GMT</datelastmodified>
      <userlastmodified>Admin</userlastmodified>
      <datecreated>Tue, 09 Jul 2013 12:51:51 GMT</datecreated>
      <usercreated>Admin</usercreated>
      <flags>0</flags>
      <properties/>
      <relations/>
      <accesscontrol/>
    </file>
    <file>
      <source>system/modules/org.opencms.ade.sitemap/resources/sitemap/C0D499CE27BBC9A66CCE716594B591ED.gwt.rpc</source>
      <destination>system/modules/org.opencms.ade.sitemap/resources/sitemap/C0D499CE27BBC9A66CCE716594B591ED.gwt.rpc</destination>
      <type>plain</type>
      <uuidstructure>53771ec6-e896-11e2-98ed-a5279390e9b6</uuidstructure>
      <uuidresource>537745d7-e896-11e2-98ed-a5279390e9b6</uuidresource>
      <datelastmodified>Tue, 09 Jul 2013 12:51:51 GMT</datelastmodified>
      <userlastmodified>Admin</userlastmodified>
      <datecreated>Tue, 09 Jul 2013 12:51:51 GMT</datecreated>
      <usercreated>Admin</usercreated>
      <flags>0</flags>
      <properties/>
      <relations/>
      <accesscontrol/>
    </file>
    <file>
      <source>system/modules/org.opencms.ade.sitemap/resources/sitemap/2E6E6ED02D590FFA81B089DA9C2173E7.gwt.rpc</source>
      <destination>system/modules/org.opencms.ade.sitemap/resources/sitemap/2E6E6ED02D590FFA81B089DA9C2173E7.gwt.rpc</destination>
      <type>plain</type>
      <uuidstructure>537bb2a8-e896-11e2-98ed-a5279390e9b6</uuidstructure>
      <uuidresource>537bd9b9-e896-11e2-98ed-a5279390e9b6</uuidresource>
      <datelastmodified>Tue, 09 Jul 2013 12:51:51 GMT</datelastmodified>
      <userlastmodified>Admin</userlastmodified>
      <datecreated>Tue, 09 Jul 2013 12:51:51 GMT</datecreated>
      <usercreated>Admin</usercreated>
      <flags>0</flags>
      <properties/>
      <relations/>
      <accesscontrol/>
    </file>
    <file>
      <source>system/modules/org.opencms.ade.sitemap/resources/sitemap/4619BFBD75DC2AF982B5B4D393174BAF.cache.html</source>
      <destination>system/modules/org.opencms.ade.sitemap/resources/sitemap/4619BFBD75DC2AF982B5B4D393174BAF.cache.html</destination>
      <type>plain</type>
      <uuidstructure>537dfc9a-e896-11e2-98ed-a5279390e9b6</uuidstructure>
      <uuidresource>537dfc9b-e896-11e2-98ed-a5279390e9b6</uuidresource>
      <datelastmodified>Tue, 09 Jul 2013 12:51:51 GMT</datelastmodified>
      <userlastmodified>Admin</userlastmodified>
      <datecreated>Tue, 09 Jul 2013 12:51:51 GMT</datecreated>
      <usercreated>Admin</usercreated>
      <flags>0</flags>
      <properties/>
      <relations/>
      <accesscontrol/>
    </file>
    <file>
      <source>system/modules/org.opencms.ade.sitemap/resources/sitemap/417D700D877F5E7DCC8AE5DB200F7F2A.gwt.rpc</source>
      <destination>system/modules/org.opencms.ade.sitemap/resources/sitemap/417D700D877F5E7DCC8AE5DB200F7F2A.gwt.rpc</destination>
      <type>plain</type>
      <uuidstructure>5380bbbc-e896-11e2-98ed-a5279390e9b6</uuidstructure>
      <uuidresource>538157fd-e896-11e2-98ed-a5279390e9b6</uuidresource>
      <datelastmodified>Tue, 09 Jul 2013 12:51:51 GMT</datelastmodified>
      <userlastmodified>Admin</userlastmodified>
      <datecreated>Tue, 09 Jul 2013 12:51:51 GMT</datecreated>
      <usercreated>Admin</usercreated>
      <flags>0</flags>
      <properties/>
      <relations/>
      <accesscontrol/>
    </file>
  </files>
</export>
