<?xml version="1.0" encoding="ISO-8859-1"?>
<editor>
	<label>GUI_EDITOR_TITLE_FCKEDITOR_0</label>
	<widgeteditor>org.opencms.editors.fckeditor.CmsFCKEditorWidget</widgeteditor>
	<resourcetypes>
		<type>
			<name>xmlpage</name>
			<ranking>200</ranking>
		</type>
	</resourcetypes>
	<useragents>
		<agent>^Mozilla/[45]\.0 \(compatible; MSIE .*\)$</agent>
		<agent>^Mozilla/5\.0 \(.*\) Gecko/20\d* .*$</agent>
		<agent>^Mozilla/5\.0 \(.*\) Gecko/\d+\.\d+ .*$</agent>
		<agent>^Mozilla/5\.0 \(.*\).*Chrome.*$</agent>
		<agent>^Mozilla/5\.0 \(.*\).* Version/.* Safari.*$</agent>
	</useragents>
</editor>