<?xml version="1.0" encoding="UTF-8"?>

<export>
	<info>
		<creator>Admin</creator>
		<opencms_version>8.5</opencms_version>
		<createdate>Tue, 15 Nov 2011 11:33:17 GMT</createdate>
		<infoproject>Offline</infoproject>
		<export_version>7</export_version>
	</info>
	<module>
		<name>com.alkacon.opencms.v8.search</name>
		<nicename><![CDATA[OpenCms 8 Search]]></nicename>
		<group>OpenCms 8 types</group>
		<class/>
		<description><![CDATA[Provides a search configuration resource type that can be used in OpenCms 8 templates.]]></description>
		<version>8.5.1</version>
		<authorname><![CDATA[Alkacon Software GmbH]]></authorname>
		<authoremail><![CDATA[sales@alkacon.com]]></authoremail>
		<datecreated/>
		<userinstalled/>
		<dateinstalled/>
		<dependencies>
			<dependency name="org.opencms.ade.config" version="8.0.0"/>
		</dependencies>
		<exportpoints>
			<exportpoint uri="/system/modules/com.alkacon.opencms.v8.search/classes/" destination="WEB-INF/classes/"/>
		</exportpoints>
		<resources>
			<resource uri="/system/modules/com.alkacon.opencms.v8.search/"/>
		</resources>
		<parameters/>
	</module>
	<files>
		<file>
			<destination>system</destination>
			<type>folder</type>
			<uuidstructure>37719bd1-0ac6-11e1-bf0a-1dbaf5c92a95</uuidstructure>
			<datelastmodified>Wed, 09 Nov 2011 11:30:24 GMT</datelastmodified>
			<userlastmodified>Admin</userlastmodified>
			<datecreated>Wed, 09 Nov 2011 11:30:24 GMT</datecreated>
			<usercreated>Admin</usercreated>
			<flags>0</flags>
			<properties/>
			<relations/>
			<accesscontrol>
				<accessentry>
					<uuidprincipal>ROLE.WORKPLACE_USER</uuidprincipal>
					<flags>514</flags>
					<permissionset>
						<allowed>1</allowed>
						<denied>0</denied>
					</permissionset>
				</accessentry>
			</accesscontrol>
		</file>
		<file>
			<destination>system/modules</destination>
			<type>folder</type>
			<uuidstructure>3821ff4d-0ac6-11e1-bf0a-1dbaf5c92a95</uuidstructure>
			<datelastmodified>Wed, 09 Nov 2011 11:30:25 GMT</datelastmodified>
			<userlastmodified>Admin</userlastmodified>
			<datecreated>Wed, 09 Nov 2011 11:30:25 GMT</datecreated>
			<usercreated>Admin</usercreated>
			<flags>0</flags>
			<properties/>
			<relations/>
			<accesscontrol>
				<accessentry>
					<uuidprincipal>ROLE.WORKPLACE_USER</uuidprincipal>
					<flags>514</flags>
					<permissionset>
						<allowed>5</allowed>
						<denied>0</denied>
					</permissionset>
				</accessentry>
			</accesscontrol>
		</file>
		<file>
			<destination>system/modules/com.alkacon.opencms.v8.search</destination>
			<type>folder</type>
			<uuidstructure>396ba34f-70e2-11e0-bc96-5de1afb8a118</uuidstructure>
			<datelastmodified>Wed, 27 Apr 2011 15:22:54 GMT</datelastmodified>
			<userlastmodified>Admin</userlastmodified>
			<datecreated>Wed, 27 Apr 2011 15:22:54 GMT</datecreated>
			<usercreated>Admin</usercreated>
			<flags>0</flags>
			<properties>
				<property>
					<name>locale</name>
					<value><![CDATA[en]]></value>
				</property>
				<property>
					<name>locale-available</name>
					<value><![CDATA[en]]></value>
				</property>
			</properties>
			<relations/>
			<accesscontrol/>
		</file>
		<file>
			<source>system/modules/com.alkacon.opencms.v8.search/.config</source>
			<destination>system/modules/com.alkacon.opencms.v8.search/.config</destination>
			<type>module_config</type>
			<uuidstructure>a11b76e2-0f74-11e1-a58d-1dbaf5c92a95</uuidstructure>
			<uuidresource>a11b76e3-0f74-11e1-a58d-1dbaf5c92a95</uuidresource>
			<datelastmodified>Tue, 15 Nov 2011 10:33:15 GMT</datelastmodified>
			<userlastmodified>Admin</userlastmodified>
			<datecreated>Tue, 15 Nov 2011 10:28:59 GMT</datecreated>
			<usercreated>Admin</usercreated>
			<flags>0</flags>
			<properties>
				<property>
					<name>locale</name>
					<value><![CDATA[en]]></value>
				</property>
				<property>
					<name>locale-available</name>
					<value><![CDATA[en]]></value>
				</property>
			</properties>
			<relations/>
			<accesscontrol/>
		</file>
		<file>
			<destination>system/modules/com.alkacon.opencms.v8.search/classes</destination>
			<type>folder</type>
			<uuidstructure>39812725-70e2-11e0-bc96-5de1afb8a118</uuidstructure>
			<datelastmodified>Wed, 27 Apr 2011 15:22:55 GMT</datelastmodified>
			<userlastmodified>Admin</userlastmodified>
			<datecreated>Wed, 27 Apr 2011 15:22:55 GMT</datecreated>
			<usercreated>Admin</usercreated>
			<flags>0</flags>
			<properties/>
			<relations/>
			<accesscontrol/>
		</file>
		<file>
			<destination>system/modules/com.alkacon.opencms.v8.search/classes/com</destination>
			<type>folder</type>
			<uuidstructure>39837117-70e2-11e0-bc96-5de1afb8a118</uuidstructure>
			<datelastmodified>Wed, 27 Apr 2011 15:22:55 GMT</datelastmodified>
			<userlastmodified>Admin</userlastmodified>
			<datecreated>Wed, 27 Apr 2011 15:22:55 GMT</datecreated>
			<usercreated>Admin</usercreated>
			<flags>0</flags>
			<properties/>
			<relations/>
			<accesscontrol/>
		</file>
		<file>
			<destination>system/modules/com.alkacon.opencms.v8.search/classes/com/alkacon</destination>
			<type>folder</type>
			<uuidstructure>3985e219-70e2-11e0-bc96-5de1afb8a118</uuidstructure>
			<datelastmodified>Wed, 27 Apr 2011 15:22:55 GMT</datelastmodified>
			<userlastmodified>Admin</userlastmodified>
			<datecreated>Wed, 27 Apr 2011 15:22:55 GMT</datecreated>
			<usercreated>Admin</usercreated>
			<flags>0</flags>
			<properties/>
			<relations/>
			<accesscontrol/>
		</file>
		<file>
			<destination>system/modules/com.alkacon.opencms.v8.search/classes/com/alkacon/opencms</destination>
			<type>folder</type>
			<uuidstructure>3988531b-70e2-11e0-bc96-5de1afb8a118</uuidstructure>
			<datelastmodified>Wed, 27 Apr 2011 15:22:55 GMT</datelastmodified>
			<userlastmodified>Admin</userlastmodified>
			<datecreated>Wed, 27 Apr 2011 15:22:55 GMT</datecreated>
			<usercreated>Admin</usercreated>
			<flags>0</flags>
			<properties/>
			<relations/>
			<accesscontrol/>
		</file>
		<file>
			<destination>system/modules/com.alkacon.opencms.v8.search/classes/com/alkacon/opencms/v8</destination>
			<type>folder</type>
			<uuidstructure>398a9d0d-70e2-11e0-bc96-5de1afb8a118</uuidstructure>
			<datelastmodified>Wed, 27 Apr 2011 15:22:55 GMT</datelastmodified>
			<userlastmodified>Admin</userlastmodified>
			<datecreated>Wed, 27 Apr 2011 15:22:55 GMT</datecreated>
			<usercreated>Admin</usercreated>
			<flags>0</flags>
			<properties/>
			<relations/>
			<accesscontrol/>
		</file>
		<file>
			<destination>system/modules/com.alkacon.opencms.v8.search/classes/com/alkacon/opencms/v8/search</destination>
			<type>folder</type>
			<uuidstructure>398d0e0f-70e2-11e0-bc96-5de1afb8a118</uuidstructure>
			<datelastmodified>Wed, 27 Apr 2011 15:22:55 GMT</datelastmodified>
			<userlastmodified>Admin</userlastmodified>
			<datecreated>Wed, 27 Apr 2011 15:22:55 GMT</datecreated>
			<usercreated>Admin</usercreated>
			<flags>0</flags>
			<properties/>
			<relations/>
			<accesscontrol/>
		</file>
		<file>
			<source>system/modules/com.alkacon.opencms.v8.search/classes/com/alkacon/opencms/v8/search/frontend.properties</source>
			<destination>system/modules/com.alkacon.opencms.v8.search/classes/com/alkacon/opencms/v8/search/frontend.properties</destination>
			<type>plain</type>
			<uuidstructure>824d63e9-717f-11e0-b5f2-ed3609521ba5</uuidstructure>
			<uuidresource>824d63ea-717f-11e0-b5f2-ed3609521ba5</uuidresource>
			<datelastmodified>Wed, 17 Aug 2011 09:57:08 GMT</datelastmodified>
			<userlastmodified>Admin</userlastmodified>
			<datecreated>Thu, 28 Apr 2011 10:08:48 GMT</datecreated>
			<usercreated>Admin</usercreated>
			<flags>0</flags>
			<properties/>
			<relations/>
			<accesscontrol/>
		</file>
		<file>
			<source>system/modules/com.alkacon.opencms.v8.search/classes/com/alkacon/opencms/v8/search/frontend_de.properties</source>
			<destination>system/modules/com.alkacon.opencms.v8.search/classes/com/alkacon/opencms/v8/search/frontend_de.properties</destination>
			<type>plain</type>
			<uuidstructure>cfc2a4fc-717f-11e0-b5f2-ed3609521ba5</uuidstructure>
			<uuidresource>cfc2a4fd-717f-11e0-b5f2-ed3609521ba5</uuidresource>
			<datelastmodified>Wed, 17 Aug 2011 09:56:56 GMT</datelastmodified>
			<userlastmodified>Admin</userlastmodified>
			<datecreated>Thu, 28 Apr 2011 10:10:58 GMT</datecreated>
			<usercreated>Admin</usercreated>
			<flags>0</flags>
			<properties/>
			<relations/>
			<accesscontrol/>
		</file>
		<file>
			<destination>system/modules/com.alkacon.opencms.v8.search/classes/com/alkacon/opencms/v8/search/frontend_en.properties</destination>
			<type>plain</type>
			<uuidstructure>ac33dc7b-717f-11e0-b5f2-ed3609521ba5</uuidstructure>
			<uuidresource>824d63ea-717f-11e0-b5f2-ed3609521ba5</uuidresource>
			<datelastmodified>Wed, 17 Aug 2011 09:57:08 GMT</datelastmodified>
			<userlastmodified>Admin</userlastmodified>
			<datecreated>Thu, 28 Apr 2011 10:08:48 GMT</datecreated>
			<usercreated>Admin</usercreated>
			<flags>0</flags>
			<properties/>
			<relations/>
			<accesscontrol/>
		</file>
		<file>
			<source>system/modules/com.alkacon.opencms.v8.search/classes/com/alkacon/opencms/v8/search/workplace.properties</source>
			<destination>system/modules/com.alkacon.opencms.v8.search/classes/com/alkacon/opencms/v8/search/workplace.properties</destination>
			<type>plain</type>
			<uuidstructure>17f42cb8-70e3-11e0-bc96-5de1afb8a118</uuidstructure>
			<uuidresource>17f42cb9-70e3-11e0-bc96-5de1afb8a118</uuidresource>
			<datelastmodified>Thu, 28 Apr 2011 09:43:05 GMT</datelastmodified>
			<userlastmodified>Admin</userlastmodified>
			<datecreated>Wed, 27 Apr 2011 15:29:08 GMT</datecreated>
			<usercreated>Admin</usercreated>
			<flags>0</flags>
			<properties/>
			<relations/>
			<accesscontrol/>
		</file>
		<file>
			<source>system/modules/com.alkacon.opencms.v8.search/classes/com/alkacon/opencms/v8/search/workplace_de.properties</source>
			<destination>system/modules/com.alkacon.opencms.v8.search/classes/com/alkacon/opencms/v8/search/workplace_de.properties</destination>
			<type>plain</type>
			<uuidstructure>849f3fe6-717b-11e0-b5f2-ed3609521ba5</uuidstructure>
			<uuidresource>849f3fe7-717b-11e0-b5f2-ed3609521ba5</uuidresource>
			<datelastmodified>Thu, 28 Apr 2011 09:49:03 GMT</datelastmodified>
			<userlastmodified>Admin</userlastmodified>
			<datecreated>Thu, 28 Apr 2011 09:40:14 GMT</datecreated>
			<usercreated>Admin</usercreated>
			<flags>0</flags>
			<properties>
				<property>
					<name>content-encoding</name>
					<value><![CDATA[ISO-8859-1]]></value>
				</property>
			</properties>
			<relations/>
			<accesscontrol/>
		</file>
		<file>
			<destination>system/modules/com.alkacon.opencms.v8.search/classes/com/alkacon/opencms/v8/search/workplace_en.properties</destination>
			<type>plain</type>
			<uuidstructure>1db0d54a-70e3-11e0-bc96-5de1afb8a118</uuidstructure>
			<uuidresource>17f42cb9-70e3-11e0-bc96-5de1afb8a118</uuidresource>
			<datelastmodified>Thu, 28 Apr 2011 09:43:05 GMT</datelastmodified>
			<userlastmodified>Admin</userlastmodified>
			<datecreated>Wed, 27 Apr 2011 15:29:08 GMT</datecreated>
			<usercreated>Admin</usercreated>
			<flags>0</flags>
			<properties/>
			<relations/>
			<accesscontrol/>
		</file>
		<file>
			<destination>system/modules/com.alkacon.opencms.v8.search/functions</destination>
			<type>folder</type>
			<uuidstructure>e12ea9b0-0f74-11e1-a58d-1dbaf5c92a95</uuidstructure>
			<datelastmodified>Tue, 15 Nov 2011 10:30:46 GMT</datelastmodified>
			<userlastmodified>Admin</userlastmodified>
			<datecreated>Tue, 15 Nov 2011 10:30:46 GMT</datecreated>
			<usercreated>Admin</usercreated>
			<flags>0</flags>
			<properties/>
			<relations/>
			<accesscontrol/>
		</file>
		<file>
			<source>system/modules/com.alkacon.opencms.v8.search/functions/searchresult.html</source>
			<destination>system/modules/com.alkacon.opencms.v8.search/functions/searchresult.html</destination>
			<type>function</type>
			<uuidstructure>f598cc52-0f74-11e1-a58d-1dbaf5c92a95</uuidstructure>
			<uuidresource>f598cc53-0f74-11e1-a58d-1dbaf5c92a95</uuidresource>
			<datelastmodified>Tue, 15 Nov 2011 11:24:40 GMT</datelastmodified>
			<userlastmodified>Admin</userlastmodified>
			<datecreated>Tue, 15 Nov 2011 10:31:20 GMT</datecreated>
			<usercreated>Admin</usercreated>
			<flags>0</flags>
			<properties>
				<property>
					<name>Description</name>
					<value><![CDATA[Search result function]]></value>
				</property>
				<property>
					<name>Title</name>
					<value><![CDATA[Search result]]></value>
				</property>
			</properties>
			<relations/>
			<accesscontrol/>
		</file>
		<file>
			<destination>system/modules/com.alkacon.opencms.v8.search/pages</destination>
			<type>folder</type>
			<uuidstructure>3979fb31-70e2-11e0-bc96-5de1afb8a118</uuidstructure>
			<datelastmodified>Wed, 27 Apr 2011 15:22:55 GMT</datelastmodified>
			<userlastmodified>Admin</userlastmodified>
			<datecreated>Wed, 27 Apr 2011 15:22:55 GMT</datecreated>
			<usercreated>Admin</usercreated>
			<flags>0</flags>
			<properties/>
			<relations/>
			<accesscontrol/>
		</file>
		<file>
			<source>system/modules/com.alkacon.opencms.v8.search/pages/searchBox.jsp</source>
			<destination>system/modules/com.alkacon.opencms.v8.search/pages/searchBox.jsp</destination>
			<type>jsp</type>
			<uuidstructure>201fda44-719c-11e0-a47b-ed3609521ba5</uuidstructure>
			<uuidresource>201fda45-719c-11e0-a47b-ed3609521ba5</uuidresource>
			<datelastmodified>Tue, 15 Nov 2011 10:39:48 GMT</datelastmodified>
			<userlastmodified>Admin</userlastmodified>
			<datecreated>Thu, 28 Apr 2011 13:33:38 GMT</datecreated>
			<usercreated>Admin</usercreated>
			<flags>0</flags>
			<properties>
				<property>
					<name>Title</name>
					<value><![CDATA[Formatter for side view]]></value>
				</property>
				<property type="shared">
					<name>export</name>
					<value><![CDATA[false]]></value>
				</property>
			</properties>
			<relations/>
			<accesscontrol/>
		</file>
		<file>
			<source>system/modules/com.alkacon.opencms.v8.search/pages/searchResult.jsp</source>
			<destination>system/modules/com.alkacon.opencms.v8.search/pages/searchResult.jsp</destination>
			<type>jsp</type>
			<uuidstructure>0737cfd4-70e3-11e0-bc96-5de1afb8a118</uuidstructure>
			<uuidresource>0737cfd5-70e3-11e0-bc96-5de1afb8a118</uuidresource>
			<datelastmodified>Thu, 28 Apr 2011 14:22:10 GMT</datelastmodified>
			<userlastmodified>Admin</userlastmodified>
			<datecreated>Wed, 27 Apr 2011 15:28:40 GMT</datecreated>
			<usercreated>Admin</usercreated>
			<flags>0</flags>
			<properties>
				<property>
					<name>Title</name>
					<value><![CDATA[Formatter for detail view]]></value>
				</property>
				<property type="shared">
					<name>export</name>
					<value><![CDATA[false]]></value>
				</property>
			</properties>
			<relations/>
			<accesscontrol/>
		</file>
	</files>
</export>
