<?xml version="1.0" encoding="UTF-8"?>

<export>
  <info>
    <creator>Admin</creator>
    <opencms_version>8.5.0</opencms_version>
    <createdate>Fri, 02 Nov 2012 11:33:14 GMT</createdate>
    <infoproject>Offline</infoproject>
    <export_version>7</export_version>
  </info>
  <module>
    <name>org.opencms.ade.properties</name>
    <nicename><![CDATA[ADE Property dialog]]></nicename>
    <group>OpenCms ADE</group>
    <class/>
    <description><![CDATA[This module provides the properties dialog for the workplace.<br>
<i>(c) 2013 by Alkacon Software GmbH (http://www.alkacon.com).</i>]]></description>
    <version>8.5.2</version>
    <authorname><![CDATA[Alkacon Software GmbH]]></authorname>
    <authoremail><![CDATA[sales@alkacon.com]]></authoremail>
    <datecreated/>
    <userinstalled/>
    <dateinstalled/>
    <dependencies>
      <dependency name="org.opencms.ade.config" version="8.5.0"/>
    </dependencies>
    <exportpoints>
      <exportpoint uri="/system/modules/org.opencms.ade.properties/resources/" destination="resources/ade/"/>
    </exportpoints>
    <resources>
      <resource uri="/system/modules/org.opencms.ade.properties/"/>
    </resources>
  </module>
  <files>
    <file>
      <destination>system</destination>
      <type>folder</type>
      <uuidstructure>834752a9-1dbd-11e2-9701-59be2b399239</uuidstructure>
      <datelastmodified>Wed, 24 Oct 2012 09:30:56 GMT</datelastmodified>
      <userlastmodified>Admin</userlastmodified>
      <datecreated>Wed, 24 Oct 2012 09:30:56 GMT</datecreated>
      <usercreated>Admin</usercreated>
      <flags>0</flags>
      <properties/>
      <relations/>
      <accesscontrol>
        <accessentry>
          <uuidprincipal>ROLE.WORKPLACE_USER</uuidprincipal>
          <flags>514</flags>
          <permissionset>
            <allowed>1</allowed>
            <denied>0</denied>
          </permissionset>
        </accessentry>
      </accesscontrol>
    </file>
    <file>
      <destination>system/modules</destination>
      <type>folder</type>
      <uuidstructure>872e5115-1dbd-11e2-9701-59be2b399239</uuidstructure>
      <datelastmodified>Wed, 24 Oct 2012 09:31:02 GMT</datelastmodified>
      <userlastmodified>Admin</userlastmodified>
      <datecreated>Wed, 24 Oct 2012 09:31:02 GMT</datecreated>
      <usercreated>Admin</usercreated>
      <flags>0</flags>
      <properties/>
      <relations/>
      <accesscontrol>
        <accessentry>
          <uuidprincipal>ROLE.WORKPLACE_USER</uuidprincipal>
          <flags>514</flags>
          <permissionset>
            <allowed>5</allowed>
            <denied>0</denied>
          </permissionset>
        </accessentry>
      </accesscontrol>
    </file>
    <file>
      <destination>system/modules/org.opencms.ade.properties</destination>
      <type>folder</type>
      <uuidstructure>88327b4d-24e0-11e2-8f24-59be2b399239</uuidstructure>
      <datelastmodified>Fri, 02 Nov 2012 11:29:15 GMT</datelastmodified>
      <userlastmodified>Admin</userlastmodified>
      <datecreated>Fri, 02 Nov 2012 11:29:15 GMT</datecreated>
      <usercreated>Admin</usercreated>
      <flags>0</flags>
      <properties/>
      <relations/>
      <accesscontrol/>
    </file>
    <file>
      <destination>system/modules/org.opencms.ade.properties/pages</destination>
      <type>folder</type>
      <uuidstructure>8853e5ff-24e0-11e2-8f24-59be2b399239</uuidstructure>
      <datelastmodified>Fri, 02 Nov 2012 11:29:15 GMT</datelastmodified>
      <userlastmodified>Admin</userlastmodified>
      <datecreated>Fri, 02 Nov 2012 11:29:15 GMT</datecreated>
      <usercreated>Admin</usercreated>
      <flags>0</flags>
      <properties/>
      <relations/>
      <accesscontrol/>
    </file>
    <file>
      <source>system/modules/org.opencms.ade.properties/pages/properties.jsp</source>
      <destination>system/modules/org.opencms.ade.properties/pages/properties.jsp</destination>
      <type>jsp</type>
      <uuidstructure>dd359570-c6cd-4493-8921-158890608979</uuidstructure>
      <uuidresource>c71d3a56-233e-4bd0-9016-78299aa1181e</uuidresource>
      <datelastmodified>Fri, 02 Nov 2012 11:48:07 GMT</datelastmodified>
      <userlastmodified>Admin</userlastmodified>
      <datecreated>Fri, 02 Nov 2012 11:48:07 GMT</datecreated>
      <usercreated>Admin</usercreated>
      <flags>0</flags>
      <properties/>
      <relations/>
      <accesscontrol/>
    </file>
    <file>
      <destination>system/modules/org.opencms.ade.properties/resources</destination>
      <type>folder</type>
      <uuidstructure>db779ed6-24e0-11e2-8f24-59be2b399239</uuidstructure>
      <datelastmodified>Fri, 02 Nov 2012 11:31:34 GMT</datelastmodified>
      <userlastmodified>Admin</userlastmodified>
      <datecreated>Fri, 02 Nov 2012 11:31:34 GMT</datecreated>
      <usercreated>Admin</usercreated>
      <flags>0</flags>
      <properties/>
      <relations/>
      <accesscontrol/>
    </file>
    <file>
      <destination>system/modules/org.opencms.ade.properties/resources/properties</destination>
      <type>folder</type>
      <uuidstructure>710686a0-b4a0-4761-8445-2ff526b9aa00</uuidstructure>
      <uuidresource>419b8cb1-4db9-4408-a9cd-9c0a5b1b6134</uuidresource>
      <datelastmodified>Fri, 02 Nov 2012 11:48:07 GMT</datelastmodified>
      <userlastmodified>Admin</userlastmodified>
      <datecreated>Fri, 02 Nov 2012 11:48:07 GMT</datecreated>
      <usercreated>Admin</usercreated>
      <flags>0</flags>
      <properties/>
      <relations/>
      <accesscontrol/>
    </file>
    <file>
      <source>system/modules/org.opencms.ade.properties/resources/properties/clear.cache.gif</source>
      <destination>system/modules/org.opencms.ade.properties/resources/properties/clear.cache.gif</destination>
      <type>image</type>
      <uuidstructure>3429774f-e895-11e2-94e9-15c197ab9c0b</uuidstructure>
      <uuidresource>3429c570-e895-11e2-94e9-15c197ab9c0b</uuidresource>
      <datelastmodified>Tue, 09 Jul 2013 12:43:49 GMT</datelastmodified>
      <userlastmodified>Admin</userlastmodified>
      <datecreated>Tue, 09 Jul 2013 12:43:49 GMT</datecreated>
      <usercreated>Admin</usercreated>
      <flags>0</flags>
      <properties/>
      <relations/>
      <accesscontrol/>
    </file>
    <file>
      <source>system/modules/org.opencms.ade.properties/resources/properties/1B09211DFAEB7CC2D1A10437DFA617A2.gwt.rpc</source>
      <destination>system/modules/org.opencms.ade.properties/resources/properties/1B09211DFAEB7CC2D1A10437DFA617A2.gwt.rpc</destination>
      <type>plain</type>
      <uuidstructure>342b7321-e895-11e2-94e9-15c197ab9c0b</uuidstructure>
      <uuidresource>342b9a32-e895-11e2-94e9-15c197ab9c0b</uuidresource>
      <datelastmodified>Tue, 09 Jul 2013 12:43:49 GMT</datelastmodified>
      <userlastmodified>Admin</userlastmodified>
      <datecreated>Tue, 09 Jul 2013 12:43:49 GMT</datecreated>
      <usercreated>Admin</usercreated>
      <flags>0</flags>
      <properties/>
      <relations/>
      <accesscontrol/>
    </file>
    <file>
      <source>system/modules/org.opencms.ade.properties/resources/properties/DA6A2A12E844122BA8AD5CB795E57691.cache.html</source>
      <destination>system/modules/org.opencms.ade.properties/resources/properties/DA6A2A12E844122BA8AD5CB795E57691.cache.html</destination>
      <type>plain</type>
      <uuidstructure>342de423-e895-11e2-94e9-15c197ab9c0b</uuidstructure>
      <uuidresource>342ece84-e895-11e2-94e9-15c197ab9c0b</uuidresource>
      <datelastmodified>Tue, 09 Jul 2013 12:43:49 GMT</datelastmodified>
      <userlastmodified>Admin</userlastmodified>
      <datecreated>Tue, 09 Jul 2013 12:43:49 GMT</datecreated>
      <usercreated>Admin</usercreated>
      <flags>0</flags>
      <properties/>
      <relations/>
      <accesscontrol/>
    </file>
    <file>
      <source>system/modules/org.opencms.ade.properties/resources/properties/140B406740E00ED1172D6890548104A0.cache.html</source>
      <destination>system/modules/org.opencms.ade.properties/resources/properties/140B406740E00ED1172D6890548104A0.cache.html</destination>
      <type>plain</type>
      <uuidstructure>34338975-e895-11e2-94e9-15c197ab9c0b</uuidstructure>
      <uuidresource>3433b086-e895-11e2-94e9-15c197ab9c0b</uuidresource>
      <datelastmodified>Tue, 09 Jul 2013 12:43:49 GMT</datelastmodified>
      <userlastmodified>Admin</userlastmodified>
      <datecreated>Tue, 09 Jul 2013 12:43:49 GMT</datecreated>
      <usercreated>Admin</usercreated>
      <flags>0</flags>
      <properties/>
      <relations/>
      <accesscontrol/>
    </file>
    <file>
      <source>system/modules/org.opencms.ade.properties/resources/properties/hosted.html</source>
      <destination>system/modules/org.opencms.ade.properties/resources/properties/hosted.html</destination>
      <type>plain</type>
      <uuidstructure>3436bdc7-e895-11e2-94e9-15c197ab9c0b</uuidstructure>
      <uuidresource>3436e4d8-e895-11e2-94e9-15c197ab9c0b</uuidresource>
      <datelastmodified>Tue, 09 Jul 2013 12:43:49 GMT</datelastmodified>
      <userlastmodified>Admin</userlastmodified>
      <datecreated>Tue, 09 Jul 2013 12:43:49 GMT</datecreated>
      <usercreated>Admin</usercreated>
      <flags>0</flags>
      <properties/>
      <relations/>
      <accesscontrol/>
    </file>
    <file>
      <source>system/modules/org.opencms.ade.properties/resources/properties/614A8351A28C0A4378525F849533D3FF.gwt.rpc</source>
      <destination>system/modules/org.opencms.ade.properties/resources/properties/614A8351A28C0A4378525F849533D3FF.gwt.rpc</destination>
      <type>plain</type>
      <uuidstructure>3438e0a9-e895-11e2-94e9-15c197ab9c0b</uuidstructure>
      <uuidresource>343907ba-e895-11e2-94e9-15c197ab9c0b</uuidresource>
      <datelastmodified>Tue, 09 Jul 2013 12:43:49 GMT</datelastmodified>
      <userlastmodified>Admin</userlastmodified>
      <datecreated>Tue, 09 Jul 2013 12:43:49 GMT</datecreated>
      <usercreated>Admin</usercreated>
      <flags>0</flags>
      <properties/>
      <relations/>
      <accesscontrol/>
    </file>
    <file>
      <source>system/modules/org.opencms.ade.properties/resources/properties/properties.nocache.js</source>
      <destination>system/modules/org.opencms.ade.properties/resources/properties/properties.nocache.js</destination>
      <type>plain</type>
      <uuidstructure>343a8e5b-e895-11e2-94e9-15c197ab9c0b</uuidstructure>
      <uuidresource>343ab56c-e895-11e2-94e9-15c197ab9c0b</uuidresource>
      <datelastmodified>Tue, 09 Jul 2013 12:43:49 GMT</datelastmodified>
      <userlastmodified>Admin</userlastmodified>
      <datecreated>Tue, 09 Jul 2013 12:43:49 GMT</datecreated>
      <usercreated>Admin</usercreated>
      <flags>0</flags>
      <properties/>
      <relations/>
      <accesscontrol/>
    </file>
    <file>
      <source>system/modules/org.opencms.ade.properties/resources/properties/8EF614917FDCE33A0BF32D81B18A2F99.cache.html</source>
      <destination>system/modules/org.opencms.ade.properties/resources/properties/8EF614917FDCE33A0BF32D81B18A2F99.cache.html</destination>
      <type>plain</type>
      <uuidstructure>343c8a2d-e895-11e2-94e9-15c197ab9c0b</uuidstructure>
      <uuidresource>343c8a2e-e895-11e2-94e9-15c197ab9c0b</uuidresource>
      <datelastmodified>Tue, 09 Jul 2013 12:43:49 GMT</datelastmodified>
      <userlastmodified>Admin</userlastmodified>
      <datecreated>Tue, 09 Jul 2013 12:43:49 GMT</datecreated>
      <usercreated>Admin</usercreated>
      <flags>0</flags>
      <properties/>
      <relations/>
      <accesscontrol/>
    </file>
    <file>
      <source>system/modules/org.opencms.ade.properties/resources/properties/717CF3728A47E3CABC4270959D283E94.cache.html</source>
      <destination>system/modules/org.opencms.ade.properties/resources/properties/717CF3728A47E3CABC4270959D283E94.cache.html</destination>
      <type>plain</type>
      <uuidstructure>343fe58f-e895-11e2-94e9-15c197ab9c0b</uuidstructure>
      <uuidresource>3440a8e0-e895-11e2-94e9-15c197ab9c0b</uuidresource>
      <datelastmodified>Tue, 09 Jul 2013 12:43:49 GMT</datelastmodified>
      <userlastmodified>Admin</userlastmodified>
      <datecreated>Tue, 09 Jul 2013 12:43:49 GMT</datecreated>
      <usercreated>Admin</usercreated>
      <flags>0</flags>
      <properties/>
      <relations/>
      <accesscontrol/>
    </file>
    <file>
      <source>system/modules/org.opencms.ade.properties/resources/properties/6951B1EFCF1188613C7920C1C50B6416.cache.html</source>
      <destination>system/modules/org.opencms.ade.properties/resources/properties/6951B1EFCF1188613C7920C1C50B6416.cache.html</destination>
      <type>plain</type>
      <uuidstructure>34442b51-e895-11e2-94e9-15c197ab9c0b</uuidstructure>
      <uuidresource>34458ae2-e895-11e2-94e9-15c197ab9c0b</uuidresource>
      <datelastmodified>Tue, 09 Jul 2013 12:43:49 GMT</datelastmodified>
      <userlastmodified>Admin</userlastmodified>
      <datecreated>Tue, 09 Jul 2013 12:43:49 GMT</datecreated>
      <usercreated>Admin</usercreated>
      <flags>0</flags>
      <properties/>
      <relations/>
      <accesscontrol/>
    </file>
    <file>
      <source>system/modules/org.opencms.ade.properties/resources/properties/417D700D877F5E7DCC8AE5DB200F7F2A.gwt.rpc</source>
      <destination>system/modules/org.opencms.ade.properties/resources/properties/417D700D877F5E7DCC8AE5DB200F7F2A.gwt.rpc</destination>
      <type>plain</type>
      <uuidstructure>344c41a3-e895-11e2-94e9-15c197ab9c0b</uuidstructure>
      <uuidresource>344c68b4-e895-11e2-94e9-15c197ab9c0b</uuidresource>
      <datelastmodified>Tue, 09 Jul 2013 12:43:49 GMT</datelastmodified>
      <userlastmodified>Admin</userlastmodified>
      <datecreated>Tue, 09 Jul 2013 12:43:49 GMT</datecreated>
      <usercreated>Admin</usercreated>
      <flags>0</flags>
      <properties/>
      <relations/>
      <accesscontrol/>
    </file>
  </files>
</export>
