<?xml version="1.0" encoding="UTF-8"?>

<export>
  <info>
    <creator>Admin</creator>
    <opencms_version>8.5.0</opencms_version>
    <createdate>Thu, 11 Mar 2010 15:38:07 GMT</createdate>
    <infoproject>Offline</infoproject>
    <export_version>7</export_version>
  </info>
  <module>
    <name>org.opencms.ade.galleries</name>
    <nicename><![CDATA[OpenCms 8 ADE Galleries]]></nicename>
    <group>OpenCms ADE</group>
    <class/>
    <description><![CDATA[<p>Gwt based gallery dialog for OpenCms 8<p>
<p><i>(c) 2013 by Alkacon Software GmbH (http://www.alkacon.com).</i></p>]]></description>
    <version>8.5.2</version>
    <authorname><![CDATA[Alkacon Software GmbH]]></authorname>
    <authoremail><![CDATA[info@alkacon.com]]></authoremail>
    <datecreated/>
    <userinstalled/>
    <dateinstalled/>
    <dependencies>
      <dependency name="org.opencms.ade.config" version="8.5.0"/>
    </dependencies>
    <exportpoints>
      <exportpoint uri="/system/modules/org.opencms.ade.galleries/resources/" destination="resources/ade/"/>
    </exportpoints>
    <resources>
      <resource uri="/system/modules/org.opencms.ade.galleries/"/>
      <resource uri="/system/workplace/commons/open_ade_gallery.jsp"/>
    </resources>
  </module>
  <files>
    <file>
      <destination>system</destination>
      <type>folder</type>
      <uuidstructure>36de529b-2d1f-11df-a454-43be96c33985</uuidstructure>
      <datelastmodified>Thu, 11 Mar 2010 15:03:13 GMT</datelastmodified>
      <userlastmodified>Admin</userlastmodified>
      <datecreated>Thu, 11 Mar 2010 15:03:13 GMT</datecreated>
      <usercreated>Admin</usercreated>
      <flags>0</flags>
      <properties/>
      <relations/>
      <accesscontrol>
        <accessentry>
          <uuidprincipal>ROLE.WORKPLACE_USER</uuidprincipal>
          <flags>514</flags>
          <permissionset>
            <allowed>1</allowed>
            <denied>0</denied>
          </permissionset>
        </accessentry>
      </accesscontrol>
    </file>
    <file>
      <destination>system/modules</destination>
      <type>folder</type>
      <uuidstructure>377e1544-2d1f-11df-a454-43be96c33985</uuidstructure>
      <datelastmodified>Thu, 11 Mar 2010 15:03:14 GMT</datelastmodified>
      <userlastmodified>Admin</userlastmodified>
      <datecreated>Thu, 11 Mar 2010 15:03:14 GMT</datecreated>
      <usercreated>Admin</usercreated>
      <flags>0</flags>
      <properties/>
      <relations/>
      <accesscontrol>
        <accessentry>
          <uuidprincipal>ROLE.WORKPLACE_USER</uuidprincipal>
          <flags>514</flags>
          <permissionset>
            <allowed>5</allowed>
            <denied>0</denied>
          </permissionset>
        </accessentry>
      </accesscontrol>
    </file>
    <file>
      <destination>system/modules/org.opencms.ade.galleries</destination>
      <type>folder</type>
      <uuidstructure>b90ebbf5-2d23-11df-abdb-43be96c33985</uuidstructure>
      <datelastmodified>Thu, 11 Mar 2010 15:35:29 GMT</datelastmodified>
      <userlastmodified>Admin</userlastmodified>
      <datecreated>Thu, 11 Mar 2010 15:35:29 GMT</datecreated>
      <usercreated>Admin</usercreated>
      <flags>0</flags>
      <properties/>
      <relations/>
      <accesscontrol/>
    </file>
    <file>
      <source>system/modules/org.opencms.ade.galleries/gallery.jsp</source>
      <destination>system/modules/org.opencms.ade.galleries/gallery.jsp</destination>
      <type>jsp</type>
      <uuidstructure>01e0b3b9-2d24-11df-abdb-43be96c33985</uuidstructure>
      <uuidresource>01e0b3ba-2d24-11df-abdb-43be96c33985</uuidresource>
      <datelastmodified>Thu, 11 Mar 2010 15:37:31 GMT</datelastmodified>
      <userlastmodified>Admin</userlastmodified>
      <datecreated>Thu, 11 Mar 2010 15:37:31 GMT</datecreated>
      <usercreated>Admin</usercreated>
      <flags>0</flags>
      <properties>
        <property type="shared">
          <name>export</name>
          <value><![CDATA[false]]></value>
        </property>
      </properties>
      <relations/>
      <accesscontrol/>
    </file>
    <file>
      <destination>system/modules/org.opencms.ade.galleries/resources</destination>
      <type>folder</type>
      <uuidstructure>ecb7d4f7-2d23-11df-abdb-43be96c33985</uuidstructure>
      <datelastmodified>Thu, 11 Mar 2010 15:36:56 GMT</datelastmodified>
      <userlastmodified>Admin</userlastmodified>
      <datecreated>Thu, 11 Mar 2010 15:36:56 GMT</datecreated>
      <usercreated>Admin</usercreated>
      <flags>0</flags>
      <properties/>
      <relations/>
      <accesscontrol/>
    </file>
    <file>
      <destination>system/modules/org.opencms.ade.galleries/resources/galleries</destination>
      <type>folder</type>
      <uuidstructure>2c1ece75-719f-11e0-8a6a-cd21a79dc8d2</uuidstructure>
      <datelastmodified>Thu, 28 Apr 2011 13:55:27 GMT</datelastmodified>
      <userlastmodified>Admin</userlastmodified>
      <datecreated>Thu, 28 Apr 2011 13:55:27 GMT</datecreated>
      <usercreated>Admin</usercreated>
      <flags>0</flags>
      <properties/>
      <relations/>
      <accesscontrol/>
    </file>
    <file>
      <source>system/modules/org.opencms.ade.galleries/resources/galleries/clear.cache.gif</source>
      <destination>system/modules/org.opencms.ade.galleries/resources/galleries/clear.cache.gif</destination>
      <type>image</type>
      <uuidstructure>443fed03-e894-11e2-b816-995235205637</uuidstructure>
      <uuidresource>44401414-e894-11e2-b816-995235205637</uuidresource>
      <datelastmodified>Tue, 09 Jul 2013 12:37:07 GMT</datelastmodified>
      <userlastmodified>Admin</userlastmodified>
      <datecreated>Tue, 09 Jul 2013 12:37:07 GMT</datecreated>
      <usercreated>Admin</usercreated>
      <flags>0</flags>
      <properties/>
      <relations/>
      <accesscontrol/>
    </file>
    <file>
      <source>system/modules/org.opencms.ade.galleries/resources/galleries/EB87BB6FECFB4A3B429FC64BA404090C.gwt.rpc</source>
      <destination>system/modules/org.opencms.ade.galleries/resources/galleries/EB87BB6FECFB4A3B429FC64BA404090C.gwt.rpc</destination>
      <type>plain</type>
      <uuidstructure>4441c1c5-e894-11e2-b816-995235205637</uuidstructure>
      <uuidresource>4441e8d6-e894-11e2-b816-995235205637</uuidresource>
      <datelastmodified>Tue, 09 Jul 2013 12:37:07 GMT</datelastmodified>
      <userlastmodified>Admin</userlastmodified>
      <datecreated>Tue, 09 Jul 2013 12:37:07 GMT</datecreated>
      <usercreated>Admin</usercreated>
      <flags>0</flags>
      <properties/>
      <relations/>
      <accesscontrol/>
    </file>
    <file>
      <source>system/modules/org.opencms.ade.galleries/resources/galleries/C289AFE3CC9CDADB99A0AB6F0D8AA8BC.gwt.rpc</source>
      <destination>system/modules/org.opencms.ade.galleries/resources/galleries/C289AFE3CC9CDADB99A0AB6F0D8AA8BC.gwt.rpc</destination>
      <type>plain</type>
      <uuidstructure>4443e4a7-e894-11e2-b816-995235205637</uuidstructure>
      <uuidresource>4444f618-e894-11e2-b816-995235205637</uuidresource>
      <datelastmodified>Tue, 09 Jul 2013 12:37:07 GMT</datelastmodified>
      <userlastmodified>Admin</userlastmodified>
      <datecreated>Tue, 09 Jul 2013 12:37:07 GMT</datecreated>
      <usercreated>Admin</usercreated>
      <flags>0</flags>
      <properties/>
      <relations/>
      <accesscontrol/>
    </file>
    <file>
      <source>system/modules/org.opencms.ade.galleries/resources/galleries/5134B68A54EF0AA02D7490A45E37C5B4.gwt.rpc</source>
      <destination>system/modules/org.opencms.ade.galleries/resources/galleries/5134B68A54EF0AA02D7490A45E37C5B4.gwt.rpc</destination>
      <type>plain</type>
      <uuidstructure>4449ff29-e894-11e2-b816-995235205637</uuidstructure>
      <uuidresource>444a263a-e894-11e2-b816-995235205637</uuidresource>
      <datelastmodified>Tue, 09 Jul 2013 12:37:07 GMT</datelastmodified>
      <userlastmodified>Admin</userlastmodified>
      <datecreated>Tue, 09 Jul 2013 12:37:07 GMT</datecreated>
      <usercreated>Admin</usercreated>
      <flags>0</flags>
      <properties/>
      <relations/>
      <accesscontrol/>
    </file>
    <file>
      <source>system/modules/org.opencms.ade.galleries/resources/galleries/CAA394C2FA294B6F7278AAC5BA442038.gwt.rpc</source>
      <destination>system/modules/org.opencms.ade.galleries/resources/galleries/CAA394C2FA294B6F7278AAC5BA442038.gwt.rpc</destination>
      <type>plain</type>
      <uuidstructure>444d337b-e894-11e2-b816-995235205637</uuidstructure>
      <uuidresource>444d5a8c-e894-11e2-b816-995235205637</uuidresource>
      <datelastmodified>Tue, 09 Jul 2013 12:37:07 GMT</datelastmodified>
      <userlastmodified>Admin</userlastmodified>
      <datecreated>Tue, 09 Jul 2013 12:37:07 GMT</datecreated>
      <usercreated>Admin</usercreated>
      <flags>0</flags>
      <properties/>
      <relations/>
      <accesscontrol/>
    </file>
    <file>
      <source>system/modules/org.opencms.ade.galleries/resources/galleries/B25625ACC9BF3415F72F4629FB723FD8.cache.html</source>
      <destination>system/modules/org.opencms.ade.galleries/resources/galleries/B25625ACC9BF3415F72F4629FB723FD8.cache.html</destination>
      <type>plain</type>
      <uuidstructure>444ee12d-e894-11e2-b816-995235205637</uuidstructure>
      <uuidresource>444f083e-e894-11e2-b816-995235205637</uuidresource>
      <datelastmodified>Tue, 09 Jul 2013 12:37:07 GMT</datelastmodified>
      <userlastmodified>Admin</userlastmodified>
      <datecreated>Tue, 09 Jul 2013 12:37:07 GMT</datecreated>
      <usercreated>Admin</usercreated>
      <flags>0</flags>
      <properties/>
      <relations/>
      <accesscontrol/>
    </file>
    <file>
      <source>system/modules/org.opencms.ade.galleries/resources/galleries/hosted.html</source>
      <destination>system/modules/org.opencms.ade.galleries/resources/galleries/hosted.html</destination>
      <type>plain</type>
      <uuidstructure>44508edf-e894-11e2-b816-995235205637</uuidstructure>
      <uuidresource>4450b5f0-e894-11e2-b816-995235205637</uuidresource>
      <datelastmodified>Tue, 09 Jul 2013 12:37:07 GMT</datelastmodified>
      <userlastmodified>Admin</userlastmodified>
      <datecreated>Tue, 09 Jul 2013 12:37:07 GMT</datecreated>
      <usercreated>Admin</usercreated>
      <flags>0</flags>
      <properties/>
      <relations/>
      <accesscontrol/>
    </file>
    <file>
      <source>system/modules/org.opencms.ade.galleries/resources/galleries/galleries.nocache.js</source>
      <destination>system/modules/org.opencms.ade.galleries/resources/galleries/galleries.nocache.js</destination>
      <type>plain</type>
      <uuidstructure>4452b1c1-e894-11e2-b816-995235205637</uuidstructure>
      <uuidresource>4452d8d2-e894-11e2-b816-995235205637</uuidresource>
      <datelastmodified>Tue, 09 Jul 2013 12:37:07 GMT</datelastmodified>
      <userlastmodified>Admin</userlastmodified>
      <datecreated>Tue, 09 Jul 2013 12:37:07 GMT</datecreated>
      <usercreated>Admin</usercreated>
      <flags>0</flags>
      <properties/>
      <relations/>
      <accesscontrol/>
    </file>
    <file>
      <source>system/modules/org.opencms.ade.galleries/resources/galleries/614A8351A28C0A4378525F849533D3FF.gwt.rpc</source>
      <destination>system/modules/org.opencms.ade.galleries/resources/galleries/614A8351A28C0A4378525F849533D3FF.gwt.rpc</destination>
      <type>plain</type>
      <uuidstructure>4456f783-e894-11e2-b816-995235205637</uuidstructure>
      <uuidresource>44571e94-e894-11e2-b816-995235205637</uuidresource>
      <datelastmodified>Tue, 09 Jul 2013 12:37:07 GMT</datelastmodified>
      <userlastmodified>Admin</userlastmodified>
      <datecreated>Tue, 09 Jul 2013 12:37:07 GMT</datecreated>
      <usercreated>Admin</usercreated>
      <flags>0</flags>
      <properties/>
      <relations/>
      <accesscontrol/>
    </file>
    <file>
      <source>system/modules/org.opencms.ade.galleries/resources/galleries/26374C2B2AA361CF4BF13583FFBEB2C2.cache.html</source>
      <destination>system/modules/org.opencms.ade.galleries/resources/galleries/26374C2B2AA361CF4BF13583FFBEB2C2.cache.html</destination>
      <type>plain</type>
      <uuidstructure>445ebfb5-e894-11e2-b816-995235205637</uuidstructure>
      <uuidresource>445f0dd6-e894-11e2-b816-995235205637</uuidresource>
      <datelastmodified>Tue, 09 Jul 2013 12:37:07 GMT</datelastmodified>
      <userlastmodified>Admin</userlastmodified>
      <datecreated>Tue, 09 Jul 2013 12:37:07 GMT</datecreated>
      <usercreated>Admin</usercreated>
      <flags>0</flags>
      <properties/>
      <relations/>
      <accesscontrol/>
    </file>
    <file>
      <source>system/modules/org.opencms.ade.galleries/resources/galleries/D964732FB1A176365D7D1DBA1FA2C9CC.cache.html</source>
      <destination>system/modules/org.opencms.ade.galleries/resources/galleries/D964732FB1A176365D7D1DBA1FA2C9CC.cache.html</destination>
      <type>plain</type>
      <uuidstructure>4465eba7-e894-11e2-b816-995235205637</uuidstructure>
      <uuidresource>446612b8-e894-11e2-b816-995235205637</uuidresource>
      <datelastmodified>Tue, 09 Jul 2013 12:37:07 GMT</datelastmodified>
      <userlastmodified>Admin</userlastmodified>
      <datecreated>Tue, 09 Jul 2013 12:37:07 GMT</datecreated>
      <usercreated>Admin</usercreated>
      <flags>0</flags>
      <properties/>
      <relations/>
      <accesscontrol/>
    </file>
    <file>
      <source>system/modules/org.opencms.ade.galleries/resources/galleries/2E6E6ED02D590FFA81B089DA9C2173E7.gwt.rpc</source>
      <destination>system/modules/org.opencms.ade.galleries/resources/galleries/2E6E6ED02D590FFA81B089DA9C2173E7.gwt.rpc</destination>
      <type>plain</type>
      <uuidstructure>446c2d39-e894-11e2-b816-995235205637</uuidstructure>
      <uuidresource>446c544a-e894-11e2-b816-995235205637</uuidresource>
      <datelastmodified>Tue, 09 Jul 2013 12:37:07 GMT</datelastmodified>
      <userlastmodified>Admin</userlastmodified>
      <datecreated>Tue, 09 Jul 2013 12:37:07 GMT</datecreated>
      <usercreated>Admin</usercreated>
      <flags>0</flags>
      <properties/>
      <relations/>
      <accesscontrol/>
    </file>
    <file>
      <source>system/modules/org.opencms.ade.galleries/resources/galleries/549DE483DE8310D1ACE1128CE0E1BCA6.cache.html</source>
      <destination>system/modules/org.opencms.ade.galleries/resources/galleries/549DE483DE8310D1ACE1128CE0E1BCA6.cache.html</destination>
      <type>plain</type>
      <uuidstructure>4471d28b-e894-11e2-b816-995235205637</uuidstructure>
      <uuidresource>4471f99c-e894-11e2-b816-995235205637</uuidresource>
      <datelastmodified>Tue, 09 Jul 2013 12:37:07 GMT</datelastmodified>
      <userlastmodified>Admin</userlastmodified>
      <datecreated>Tue, 09 Jul 2013 12:37:07 GMT</datecreated>
      <usercreated>Admin</usercreated>
      <flags>0</flags>
      <properties/>
      <relations/>
      <accesscontrol/>
    </file>
    <file>
      <source>system/modules/org.opencms.ade.galleries/resources/galleries/E026AF02983776CE5B064A9F3966E2B1.cache.html</source>
      <destination>system/modules/org.opencms.ade.galleries/resources/galleries/E026AF02983776CE5B064A9F3966E2B1.cache.html</destination>
      <type>plain</type>
      <uuidstructure>4474438d-e894-11e2-b816-995235205637</uuidstructure>
      <uuidresource>44746a9e-e894-11e2-b816-995235205637</uuidresource>
      <datelastmodified>Tue, 09 Jul 2013 12:37:07 GMT</datelastmodified>
      <userlastmodified>Admin</userlastmodified>
      <datecreated>Tue, 09 Jul 2013 12:37:07 GMT</datecreated>
      <usercreated>Admin</usercreated>
      <flags>0</flags>
      <properties/>
      <relations/>
      <accesscontrol/>
    </file>
    <file>
      <destination>system/workplace</destination>
      <type>folder</type>
      <uuidstructure>825afce2-11b7-11db-91cd-fdbae480bac9</uuidstructure>
      <datelastmodified>Mon, 27 Mar 2006 12:00:00 GMT</datelastmodified>
      <userlastmodified>Admin</userlastmodified>
      <datecreated>Mon, 27 Jun 2005 08:00:00 GMT</datecreated>
      <usercreated>Admin</usercreated>
      <flags>0</flags>
      <properties>
        <property>
          <name>content-encoding</name>
          <value><![CDATA[UTF-8]]></value>
        </property>
        <property>
          <name>export</name>
          <value><![CDATA[false]]></value>
        </property>
        <property>
          <name>login-form</name>
          <value><![CDATA[/system/login/index.html]]></value>
        </property>
      </properties>
      <relations/>
      <accesscontrol>
        <accessentry>
          <uuidprincipal>ALL_OTHERS</uuidprincipal>
          <flags>134</flags>
          <permissionset>
            <allowed>0</allowed>
            <denied>0</denied>
          </permissionset>
        </accessentry>
        <accessentry>
          <uuidprincipal>ROLE.WORKPLACE_USER</uuidprincipal>
          <flags>518</flags>
          <permissionset>
            <allowed>5</allowed>
            <denied>0</denied>
          </permissionset>
        </accessentry>
      </accesscontrol>
    </file>
    <file>
      <destination>system/workplace/commons</destination>
      <type>folder</type>
      <uuidstructure>8272cacb-11b7-11db-91cd-fdbae480bac9</uuidstructure>
      <datelastmodified>Mon, 27 Mar 2006 12:00:00 GMT</datelastmodified>
      <userlastmodified>Admin</userlastmodified>
      <datecreated>Mon, 27 Jun 2005 08:00:00 GMT</datecreated>
      <usercreated>Admin</usercreated>
      <flags>0</flags>
      <properties>
        <property>
          <name>cache</name>
          <value><![CDATA[false]]></value>
        </property>
      </properties>
      <relations/>
      <accesscontrol/>
    </file>
    <file>
      <source>system/workplace/commons/open_ade_gallery.jsp</source>
      <destination>system/workplace/commons/open_ade_gallery.jsp</destination>
      <type>jsp</type>
      <uuidstructure>c94f1961-7489-11df-bd01-83befda52004</uuidstructure>
      <uuidresource>c94f1962-7489-11df-bd01-83befda52004</uuidresource>
      <datelastmodified>Thu, 10 Jun 2010 12:16:47 GMT</datelastmodified>
      <userlastmodified>Admin</userlastmodified>
      <datecreated>Thu, 10 Jun 2010 12:14:58 GMT</datecreated>
      <usercreated>Admin</usercreated>
      <flags>0</flags>
      <properties>
        <property>
          <name>Title</name>
          <value><![CDATA[Dialog - Open ADE gallery]]></value>
        </property>
        <property type="shared">
          <name>export</name>
          <value><![CDATA[false]]></value>
        </property>
      </properties>
      <relations/>
      <accesscontrol/>
    </file>
  </files>
</export>
