<?xml version="1.0" encoding="UTF-8"?>

<export>
  <info>
    <creator>Admin</creator>
    <opencms_version>8.5.0</opencms_version>
    <createdate>Thu, 11 Mar 2010 08:48:38 GMT</createdate>
    <infoproject>Offline</infoproject>
    <export_version>7</export_version>
  </info>
  <module>
    <name>org.opencms.ade.containerpage</name>
    <nicename><![CDATA[OpenCms 8 ADE Containerpade Editor]]></nicename>
    <group>OpenCms ADE</group>
    <class/>
    <description><![CDATA[The containerpage editor.<br>
<i>(c) 2013 by Alkacon Software GmbH (http://www.alkacon.com).</i>]]></description>
    <version>8.5.2</version>
    <authorname><![CDATA[Alkacon Software GmbH]]></authorname>
    <authoremail><![CDATA[info@alkacon.com]]></authoremail>
    <datecreated/>
    <userinstalled/>
    <dateinstalled/>
    <dependencies>
      <dependency name="org.opencms.ade.config" version="8.5.0"/>
    </dependencies>
    <exportpoints>
      <exportpoint uri="/system/modules/org.opencms.ade.containerpage/resources/" destination="resources/ade/"/>
    </exportpoints>
    <resources>
      <resource uri="/system/modules/org.opencms.ade.containerpage/"/>
    </resources>
    <resourcetypes/>
    <explorertypes/>
  </module>
  <files>
    <file>
      <destination>system</destination>
      <type>folder</type>
      <uuidstructure>a815f67e-2b6f-11df-b6ae-2393f34d19cc</uuidstructure>
      <datelastmodified>Tue, 09 Mar 2010 11:34:00 GMT</datelastmodified>
      <userlastmodified>Admin</userlastmodified>
      <datecreated>Tue, 09 Mar 2010 11:34:00 GMT</datecreated>
      <usercreated>Admin</usercreated>
      <flags>0</flags>
      <properties/>
      <relations/>
      <accesscontrol>
        <accessentry>
          <uuidprincipal>ROLE.WORKPLACE_USER</uuidprincipal>
          <flags>514</flags>
          <permissionset>
            <allowed>1</allowed>
            <denied>0</denied>
          </permissionset>
        </accessentry>
      </accesscontrol>
    </file>
    <file>
      <destination>system/modules</destination>
      <type>folder</type>
      <uuidstructure>a8ae8d37-2b6f-11df-b6ae-2393f34d19cc</uuidstructure>
      <datelastmodified>Tue, 09 Mar 2010 11:34:01 GMT</datelastmodified>
      <userlastmodified>Admin</userlastmodified>
      <datecreated>Tue, 09 Mar 2010 11:34:01 GMT</datecreated>
      <usercreated>Admin</usercreated>
      <flags>0</flags>
      <properties/>
      <relations/>
      <accesscontrol>
        <accessentry>
          <uuidprincipal>ROLE.WORKPLACE_USER</uuidprincipal>
          <flags>514</flags>
          <permissionset>
            <allowed>5</allowed>
            <denied>0</denied>
          </permissionset>
        </accessentry>
      </accesscontrol>
    </file>
    <file>
      <destination>system/modules/org.opencms.ade.containerpage</destination>
      <type>folder</type>
      <uuidstructure>acc4446c-2ce9-11df-a5f1-2393f34d19cc</uuidstructure>
      <datelastmodified>Thu, 11 Mar 2010 08:39:58 GMT</datelastmodified>
      <userlastmodified>Admin</userlastmodified>
      <datecreated>Thu, 11 Mar 2010 08:39:58 GMT</datecreated>
      <usercreated>Admin</usercreated>
      <flags>0</flags>
      <properties/>
      <relations/>
      <accesscontrol/>
    </file>
    <file>
      <destination>system/modules/org.opencms.ade.containerpage/formatters</destination>
      <type>folder</type>
      <uuidstructure>d2ebf430-761e-11e0-bd7f-9ffeadaf4d46</uuidstructure>
      <datelastmodified>Wed, 04 May 2011 07:19:18 GMT</datelastmodified>
      <userlastmodified>Admin</userlastmodified>
      <datecreated>Wed, 04 May 2011 07:19:18 GMT</datecreated>
      <usercreated>Admin</usercreated>
      <flags>0</flags>
      <properties/>
      <relations/>
      <accesscontrol/>
    </file>
    <file>
      <source>system/modules/org.opencms.ade.containerpage/formatters/group-container.jsp</source>
      <destination>system/modules/org.opencms.ade.containerpage/formatters/group-container.jsp</destination>
      <type>jsp</type>
      <uuidstructure>e7029fa2-761e-11e0-bd7f-9ffeadaf4d46</uuidstructure>
      <uuidresource>e7029fa3-761e-11e0-bd7f-9ffeadaf4d46</uuidresource>
      <datelastmodified>Wed, 04 May 2011 07:20:45 GMT</datelastmodified>
      <userlastmodified>Admin</userlastmodified>
      <datecreated>Wed, 04 May 2011 07:19:51 GMT</datecreated>
      <usercreated>Admin</usercreated>
      <flags>0</flags>
      <properties>
        <property>
          <name>Title</name>
          <value><![CDATA[Formatter for group-containers]]></value>
        </property>
        <property type="shared">
          <name>export</name>
          <value><![CDATA[false]]></value>
        </property>
      </properties>
      <relations/>
      <accesscontrol/>
    </file>
    <file>
      <source>system/modules/org.opencms.ade.containerpage/formatters/function.jsp</source>
      <destination>system/modules/org.opencms.ade.containerpage/formatters/function.jsp</destination>
      <type>jsp</type>
      <uuidstructure>087ba7c9-e7fc-4336-acb8-d3416a4eb1fd</uuidstructure>
      <uuidresource>087ba7c9-e7fc-4336-acb8-d3416a4eb1fe</uuidresource>
      <datelastmodified>Wed, 04 May 2011 07:20:45 GMT</datelastmodified>
      <userlastmodified>Admin</userlastmodified>
      <datecreated>Wed, 04 May 2011 07:19:51 GMT</datecreated>
      <usercreated>Admin</usercreated>
      <flags>0</flags>
      <properties>
        <property>
          <name>cache</name>
          <value><![CDATA[container-element;locale]]></value>
        </property>
      </properties>
      <relations/>
      <accesscontrol/>
    </file>
    <file>
      <source>system/modules/org.opencms.ade.containerpage/.config</source>
      <destination>system/modules/org.opencms.ade.containerpage/.config</destination>
      <type>module_config</type>
      <uuidstructure>c70eacc4-a19d-11e0-bf43-03f9b7261207</uuidstructure>
      <uuidresource>c70eacc5-a19d-11e0-bf43-03f9b7261207</uuidresource>
      <datelastmodified>Tue, 28 Jun 2011 15:48:01 GMT</datelastmodified>
      <userlastmodified>Admin</userlastmodified>
      <datecreated>Tue, 28 Jun 2011 15:46:24 GMT</datecreated>
      <usercreated>Admin</usercreated>
      <flags>0</flags>
      <properties>
        <property>
          <name>locale</name>
          <value><![CDATA[en]]></value>
        </property>
        <property>
          <name>locale-available</name>
          <value><![CDATA[en]]></value>
        </property>
      </properties>
      <relations/>
      <accesscontrol/>
    </file>
    <file>
      <source>system/modules/org.opencms.ade.containerpage/containerpage_include.jsp</source>
      <destination>system/modules/org.opencms.ade.containerpage/containerpage_include.jsp</destination>
      <type>jsp</type>
      <uuidstructure>d3aa3d37-4245-11df-94f0-2393f34d19cc</uuidstructure>
      <uuidresource>d3aa3d38-4245-11df-94f0-2393f34d19cc</uuidresource>
      <datelastmodified>Wed, 07 Apr 2010 13:13:17 GMT</datelastmodified>
      <userlastmodified>Admin</userlastmodified>
      <datecreated>Wed, 07 Apr 2010 13:02:31 GMT</datecreated>
      <usercreated>Admin</usercreated>
      <flags>0</flags>
      <properties>
        <property type="shared">
          <name>export</name>
          <value><![CDATA[false]]></value>
        </property>
      </properties>
      <relations/>
      <accesscontrol/>
    </file>
    <file>
      <destination>system/modules/org.opencms.ade.containerpage/resources</destination>
      <type>folder</type>
      <uuidstructure>15f8a302-2cf5-11df-a5f1-2393f34d19cc</uuidstructure>
      <datelastmodified>Thu, 11 Mar 2010 10:01:39 GMT</datelastmodified>
      <userlastmodified>Admin</userlastmodified>
      <datecreated>Thu, 11 Mar 2010 10:01:39 GMT</datecreated>
      <usercreated>Admin</usercreated>
      <flags>0</flags>
      <properties/>
      <relations/>
      <accesscontrol/>
    </file>
    <file>
      <destination>system/modules/org.opencms.ade.containerpage/resources/containerpage</destination>
      <type>folder</type>
      <uuidstructure>f0cad3da-71ad-11e0-883b-cd21a79dc8d2</uuidstructure>
      <datelastmodified>Thu, 28 Apr 2011 15:41:10 GMT</datelastmodified>
      <userlastmodified>Admin</userlastmodified>
      <datecreated>Thu, 28 Apr 2011 15:41:10 GMT</datecreated>
      <usercreated>Admin</usercreated>
      <flags>0</flags>
      <properties/>
      <relations/>
      <accesscontrol/>
    </file>
    <file>
      <source>system/modules/org.opencms.ade.containerpage/resources/containerpage/clear.cache.gif</source>
      <destination>system/modules/org.opencms.ade.containerpage/resources/containerpage/clear.cache.gif</destination>
      <type>image</type>
      <uuidstructure>29fd95af-e892-11e2-8118-11c76c01acba</uuidstructure>
      <uuidresource>29fde3d0-e892-11e2-8118-11c76c01acba</uuidresource>
      <datelastmodified>Tue, 09 Jul 2013 12:22:04 GMT</datelastmodified>
      <userlastmodified>Admin</userlastmodified>
      <datecreated>Tue, 09 Jul 2013 12:22:04 GMT</datecreated>
      <usercreated>Admin</usercreated>
      <flags>0</flags>
      <properties/>
      <relations/>
      <accesscontrol/>
    </file>
    <file>
      <source>system/modules/org.opencms.ade.containerpage/resources/containerpage/27246C8DD21072403777D9C61FEA16B7.gwt.rpc</source>
      <destination>system/modules/org.opencms.ade.containerpage/resources/containerpage/27246C8DD21072403777D9C61FEA16B7.gwt.rpc</destination>
      <type>plain</type>
      <uuidstructure>2a044c71-e892-11e2-8118-11c76c01acba</uuidstructure>
      <uuidresource>2a05d312-e892-11e2-8118-11c76c01acba</uuidresource>
      <datelastmodified>Tue, 09 Jul 2013 12:22:04 GMT</datelastmodified>
      <userlastmodified>Admin</userlastmodified>
      <datecreated>Tue, 09 Jul 2013 12:22:04 GMT</datecreated>
      <usercreated>Admin</usercreated>
      <flags>0</flags>
      <properties/>
      <relations/>
      <accesscontrol/>
    </file>
    <file>
      <source>system/modules/org.opencms.ade.containerpage/resources/containerpage/EB87BB6FECFB4A3B429FC64BA404090C.gwt.rpc</source>
      <destination>system/modules/org.opencms.ade.containerpage/resources/containerpage/EB87BB6FECFB4A3B429FC64BA404090C.gwt.rpc</destination>
      <type>plain</type>
      <uuidstructure>2a0adc23-e892-11e2-8118-11c76c01acba</uuidstructure>
      <uuidresource>2a0cff04-e892-11e2-8118-11c76c01acba</uuidresource>
      <datelastmodified>Tue, 09 Jul 2013 12:22:04 GMT</datelastmodified>
      <userlastmodified>Admin</userlastmodified>
      <datecreated>Tue, 09 Jul 2013 12:22:04 GMT</datecreated>
      <usercreated>Admin</usercreated>
      <flags>0</flags>
      <properties/>
      <relations/>
      <accesscontrol/>
    </file>
    <file>
      <source>system/modules/org.opencms.ade.containerpage/resources/containerpage/C289AFE3CC9CDADB99A0AB6F0D8AA8BC.gwt.rpc</source>
      <destination>system/modules/org.opencms.ade.containerpage/resources/containerpage/C289AFE3CC9CDADB99A0AB6F0D8AA8BC.gwt.rpc</destination>
      <type>plain</type>
      <uuidstructure>2a12cb65-e892-11e2-8118-11c76c01acba</uuidstructure>
      <uuidresource>2a12f276-e892-11e2-8118-11c76c01acba</uuidresource>
      <datelastmodified>Tue, 09 Jul 2013 12:22:04 GMT</datelastmodified>
      <userlastmodified>Admin</userlastmodified>
      <datecreated>Tue, 09 Jul 2013 12:22:04 GMT</datecreated>
      <usercreated>Admin</usercreated>
      <flags>0</flags>
      <properties/>
      <relations/>
      <accesscontrol/>
    </file>
    <file>
      <source>system/modules/org.opencms.ade.containerpage/resources/containerpage/5134B68A54EF0AA02D7490A45E37C5B4.gwt.rpc</source>
      <destination>system/modules/org.opencms.ade.containerpage/resources/containerpage/5134B68A54EF0AA02D7490A45E37C5B4.gwt.rpc</destination>
      <type>plain</type>
      <uuidstructure>2a190cf7-e892-11e2-8118-11c76c01acba</uuidstructure>
      <uuidresource>2a190cf8-e892-11e2-8118-11c76c01acba</uuidresource>
      <datelastmodified>Tue, 09 Jul 2013 12:22:04 GMT</datelastmodified>
      <userlastmodified>Admin</userlastmodified>
      <datecreated>Tue, 09 Jul 2013 12:22:04 GMT</datecreated>
      <usercreated>Admin</usercreated>
      <flags>0</flags>
      <properties/>
      <relations/>
      <accesscontrol/>
    </file>
    <file>
      <source>system/modules/org.opencms.ade.containerpage/resources/containerpage/8021D94AA1E5EF870B5D49D7FCFAB200.cache.html</source>
      <destination>system/modules/org.opencms.ade.containerpage/resources/containerpage/8021D94AA1E5EF870B5D49D7FCFAB200.cache.html</destination>
      <type>plain</type>
      <uuidstructure>2a1e1609-e892-11e2-8118-11c76c01acba</uuidstructure>
      <uuidresource>2a1e3d1a-e892-11e2-8118-11c76c01acba</uuidresource>
      <datelastmodified>Tue, 09 Jul 2013 12:22:04 GMT</datelastmodified>
      <userlastmodified>Admin</userlastmodified>
      <datecreated>Tue, 09 Jul 2013 12:22:04 GMT</datecreated>
      <usercreated>Admin</usercreated>
      <flags>0</flags>
      <properties/>
      <relations/>
      <accesscontrol/>
    </file>
    <file>
      <source>system/modules/org.opencms.ade.containerpage/resources/containerpage/CAA394C2FA294B6F7278AAC5BA442038.gwt.rpc</source>
      <destination>system/modules/org.opencms.ade.containerpage/resources/containerpage/CAA394C2FA294B6F7278AAC5BA442038.gwt.rpc</destination>
      <type>plain</type>
      <uuidstructure>2a22d0fb-e892-11e2-8118-11c76c01acba</uuidstructure>
      <uuidresource>2a22f80c-e892-11e2-8118-11c76c01acba</uuidresource>
      <datelastmodified>Tue, 09 Jul 2013 12:22:04 GMT</datelastmodified>
      <userlastmodified>Admin</userlastmodified>
      <datecreated>Tue, 09 Jul 2013 12:22:04 GMT</datecreated>
      <usercreated>Admin</usercreated>
      <flags>0</flags>
      <properties/>
      <relations/>
      <accesscontrol/>
    </file>
    <file>
      <source>system/modules/org.opencms.ade.containerpage/resources/containerpage/019A3602210354430C8FCCCCA1CF758C.cache.html</source>
      <destination>system/modules/org.opencms.ade.containerpage/resources/containerpage/019A3602210354430C8FCCCCA1CF758C.cache.html</destination>
      <type>plain</type>
      <uuidstructure>2a2716bd-e892-11e2-8118-11c76c01acba</uuidstructure>
      <uuidresource>2a273dce-e892-11e2-8118-11c76c01acba</uuidresource>
      <datelastmodified>Tue, 09 Jul 2013 12:22:04 GMT</datelastmodified>
      <userlastmodified>Admin</userlastmodified>
      <datecreated>Tue, 09 Jul 2013 12:22:04 GMT</datecreated>
      <usercreated>Admin</usercreated>
      <flags>0</flags>
      <properties/>
      <relations/>
      <accesscontrol/>
    </file>
    <file>
      <source>system/modules/org.opencms.ade.containerpage/resources/containerpage/containerpage.nocache.js</source>
      <destination>system/modules/org.opencms.ade.containerpage/resources/containerpage/containerpage.nocache.js</destination>
      <type>plain</type>
      <uuidstructure>2a30b3af-e892-11e2-8118-11c76c01acba</uuidstructure>
      <uuidresource>2a3101d0-e892-11e2-8118-11c76c01acba</uuidresource>
      <datelastmodified>Tue, 09 Jul 2013 12:22:04 GMT</datelastmodified>
      <userlastmodified>Admin</userlastmodified>
      <datecreated>Tue, 09 Jul 2013 12:22:04 GMT</datecreated>
      <usercreated>Admin</usercreated>
      <flags>0</flags>
      <properties/>
      <relations/>
      <accesscontrol/>
    </file>
    <file>
      <source>system/modules/org.opencms.ade.containerpage/resources/containerpage/hosted.html</source>
      <destination>system/modules/org.opencms.ade.containerpage/resources/containerpage/hosted.html</destination>
      <type>plain</type>
      <uuidstructure>2a36f541-e892-11e2-8118-11c76c01acba</uuidstructure>
      <uuidresource>2a371c52-e892-11e2-8118-11c76c01acba</uuidresource>
      <datelastmodified>Tue, 09 Jul 2013 12:22:04 GMT</datelastmodified>
      <userlastmodified>Admin</userlastmodified>
      <datecreated>Tue, 09 Jul 2013 12:22:04 GMT</datecreated>
      <usercreated>Admin</usercreated>
      <flags>0</flags>
      <properties/>
      <relations/>
      <accesscontrol/>
    </file>
    <file>
      <source>system/modules/org.opencms.ade.containerpage/resources/containerpage/471909EF28E22F1AD720BEE3A82546A7.gwt.rpc</source>
      <destination>system/modules/org.opencms.ade.containerpage/resources/containerpage/471909EF28E22F1AD720BEE3A82546A7.gwt.rpc</destination>
      <type>plain</type>
      <uuidstructure>2a3c7383-e892-11e2-8118-11c76c01acba</uuidstructure>
      <uuidresource>2a3e2134-e892-11e2-8118-11c76c01acba</uuidresource>
      <datelastmodified>Tue, 09 Jul 2013 12:22:04 GMT</datelastmodified>
      <userlastmodified>Admin</userlastmodified>
      <datecreated>Tue, 09 Jul 2013 12:22:04 GMT</datecreated>
      <usercreated>Admin</usercreated>
      <flags>0</flags>
      <properties/>
      <relations/>
      <accesscontrol/>
    </file>
    <file>
      <source>system/modules/org.opencms.ade.containerpage/resources/containerpage/65B22523B8946A6D344AF2FEB3A3D3D0.gwt.rpc</source>
      <destination>system/modules/org.opencms.ade.containerpage/resources/containerpage/65B22523B8946A6D344AF2FEB3A3D3D0.gwt.rpc</destination>
      <type>plain</type>
      <uuidstructure>2a43ed95-e892-11e2-8118-11c76c01acba</uuidstructure>
      <uuidresource>2a457436-e892-11e2-8118-11c76c01acba</uuidresource>
      <datelastmodified>Tue, 09 Jul 2013 12:22:04 GMT</datelastmodified>
      <userlastmodified>Admin</userlastmodified>
      <datecreated>Tue, 09 Jul 2013 12:22:04 GMT</datecreated>
      <usercreated>Admin</usercreated>
      <flags>0</flags>
      <properties/>
      <relations/>
      <accesscontrol/>
    </file>
    <file>
      <source>system/modules/org.opencms.ade.containerpage/resources/containerpage/614A8351A28C0A4378525F849533D3FF.gwt.rpc</source>
      <destination>system/modules/org.opencms.ade.containerpage/resources/containerpage/614A8351A28C0A4378525F849533D3FF.gwt.rpc</destination>
      <type>plain</type>
      <uuidstructure>2a4c03e7-e892-11e2-8118-11c76c01acba</uuidstructure>
      <uuidresource>2a4c2af8-e892-11e2-8118-11c76c01acba</uuidresource>
      <datelastmodified>Tue, 09 Jul 2013 12:22:04 GMT</datelastmodified>
      <userlastmodified>Admin</userlastmodified>
      <datecreated>Tue, 09 Jul 2013 12:22:04 GMT</datecreated>
      <usercreated>Admin</usercreated>
      <flags>0</flags>
      <properties/>
      <relations/>
      <accesscontrol/>
    </file>
    <file>
      <source>system/modules/org.opencms.ade.containerpage/resources/containerpage/0BB2D12031CB0B6BEE01DEC0560C268F.cache.html</source>
      <destination>system/modules/org.opencms.ade.containerpage/resources/containerpage/0BB2D12031CB0B6BEE01DEC0560C268F.cache.html</destination>
      <type>plain</type>
      <uuidstructure>2a544149-e892-11e2-8118-11c76c01acba</uuidstructure>
      <uuidresource>2a54685a-e892-11e2-8118-11c76c01acba</uuidresource>
      <datelastmodified>Tue, 09 Jul 2013 12:22:04 GMT</datelastmodified>
      <userlastmodified>Admin</userlastmodified>
      <datecreated>Tue, 09 Jul 2013 12:22:04 GMT</datecreated>
      <usercreated>Admin</usercreated>
      <flags>0</flags>
      <properties/>
      <relations/>
      <accesscontrol/>
    </file>
    <file>
      <source>system/modules/org.opencms.ade.containerpage/resources/containerpage/02FEB82230298EBCA4679CBDDBAC530C.cache.html</source>
      <destination>system/modules/org.opencms.ade.containerpage/resources/containerpage/02FEB82230298EBCA4679CBDDBAC530C.cache.html</destination>
      <type>plain</type>
      <uuidstructure>2a5be26b-e892-11e2-8118-11c76c01acba</uuidstructure>
      <uuidresource>2a5ea18c-e892-11e2-8118-11c76c01acba</uuidresource>
      <datelastmodified>Tue, 09 Jul 2013 12:22:04 GMT</datelastmodified>
      <userlastmodified>Admin</userlastmodified>
      <datecreated>Tue, 09 Jul 2013 12:22:04 GMT</datecreated>
      <usercreated>Admin</usercreated>
      <flags>0</flags>
      <properties/>
      <relations/>
      <accesscontrol/>
    </file>
    <file>
      <source>system/modules/org.opencms.ade.containerpage/resources/containerpage/493C83F746DAAB137EBF44692E400435.cache.html</source>
      <destination>system/modules/org.opencms.ade.containerpage/resources/containerpage/493C83F746DAAB137EBF44692E400435.cache.html</destination>
      <type>plain</type>
      <uuidstructure>2a6705fd-e892-11e2-8118-11c76c01acba</uuidstructure>
      <uuidresource>2a67541e-e892-11e2-8118-11c76c01acba</uuidresource>
      <datelastmodified>Tue, 09 Jul 2013 12:22:04 GMT</datelastmodified>
      <userlastmodified>Admin</userlastmodified>
      <datecreated>Tue, 09 Jul 2013 12:22:04 GMT</datecreated>
      <usercreated>Admin</usercreated>
      <flags>0</flags>
      <properties/>
      <relations/>
      <accesscontrol/>
    </file>
    <file>
      <source>system/modules/org.opencms.ade.containerpage/resources/containerpage/2E6E6ED02D590FFA81B089DA9C2173E7.gwt.rpc</source>
      <destination>system/modules/org.opencms.ade.containerpage/resources/containerpage/2E6E6ED02D590FFA81B089DA9C2173E7.gwt.rpc</destination>
      <type>plain</type>
      <uuidstructure>2a6fb88f-e892-11e2-8118-11c76c01acba</uuidstructure>
      <uuidresource>2a6fdea0-e892-11e2-8118-11c76c01acba</uuidresource>
      <datelastmodified>Tue, 09 Jul 2013 12:22:04 GMT</datelastmodified>
      <userlastmodified>Admin</userlastmodified>
      <datecreated>Tue, 09 Jul 2013 12:22:04 GMT</datecreated>
      <usercreated>Admin</usercreated>
      <flags>0</flags>
      <properties/>
      <relations/>
      <accesscontrol/>
    </file>
  </files>
</export>
