<?xml version="1.0" encoding="UTF-8"?>

<export>
	<info>
		<creator>Admin</creator>
		<opencms_version>8.5</opencms_version>
		<createdate>Wed, 05 Sep 2012 08:18:14 GMT</createdate>
		<infoproject>Offline</infoproject>
		<export_version>7</export_version>
	</info>
	<module>
		<name>com.alkacon.opencms.v8.event</name>
		<nicename><![CDATA[OpenCms 8 Basic Event]]></nicename>
		<group>OpenCms 8 types</group>
		<class/>
		<description><![CDATA[Provides an event resource type that can be used in OpenCms 8 templates.]]></description>
		<version>8.5.2</version>
		<authorname><![CDATA[Alkacon Software GmbH]]></authorname>
		<authoremail><![CDATA[sales@alkacon.com]]></authoremail>
		<datecreated/>
		<userinstalled/>
		<dateinstalled/>
		<dependencies>
			<dependency name="org.opencms.ade.config" version="8.0.0"/>
		</dependencies>
		<exportpoints>
			<exportpoint uri="/system/modules/com.alkacon.opencms.v8.event/classes/" destination="WEB-INF/classes/"/>
		</exportpoints>
		<resources>
			<resource uri="/system/modules/com.alkacon.opencms.v8.event/"/>
			<resource uri="/system/workplace/resources/filetypes/v8event.png"/>
			<resource uri="/system/workplace/resources/filetypes/v8event_big.png"/>
			<resource uri="/system/workplace/resources/filetypes/v8eventgallery.png"/>
			<resource uri="/system/workplace/resources/filetypes/v8eventgallery_big.png"/>
		</resources>
		<parameters/>
		<resourcetypes>
			<type class="org.opencms.file.types.CmsResourceTypeXmlContent" name="v8event" id="149">
				<param name="gallery.type.names">v8eventgallery</param>
				<param name="schema">/system/modules/com.alkacon.opencms.v8.event/schemas/event.xsd</param>
			</type>
			<type class="org.opencms.file.types.CmsResourceTypeFolderExtended" name="v8eventgallery" id="133">
				<param name="folder.class">org.opencms.workplace.galleries.CmsAjaxHtmlGallery</param>
			</type>
		</resourcetypes>
		<explorertypes>
			<explorertype name="v8event" key="fileicon.v8event" icon="v8event.png" bigicon="v8event_big.png" reference="xmlcontent">
				<newresource page="structurecontent" uri="newresource_xmlcontent.jsp?newresourcetype=v8event" order="112" autosetnavigation="false" autosettitle="false" info="desc.v8event"/>
				<accesscontrol>
					<accessentry principal="ROLE.WORKPLACE_USER" permissions="+r+v+w+c"/>
				</accesscontrol>
			</explorertype>
			<explorertype name="v8eventgallery" key="fileicon.v8eventgallery" icon="v8eventgallery.png" bigicon="v8eventgallery_big.png" reference="downloadgallery">
				<newresource page="extendedfolder" uri="newresource.jsp?newresourcetype=v8eventgallery" order="112" autosetnavigation="false" autosettitle="false" info="desc.v8eventgallery"/>
			</explorertype>
		</explorertypes>
	</module>
	<files>
		<file>
			<destination>system</destination>
			<type>folder</type>
			<uuidstructure>8aecd78a-f666-11e1-930b-2fc8aa430640</uuidstructure>
			<datelastmodified>Tue, 04 Sep 2012 08:00:07 GMT</datelastmodified>
			<userlastmodified>Admin</userlastmodified>
			<datecreated>Tue, 04 Sep 2012 08:00:07 GMT</datecreated>
			<usercreated>Admin</usercreated>
			<flags>0</flags>
			<properties/>
			<relations/>
			<accesscontrol>
				<accessentry>
					<uuidprincipal>ROLE.WORKPLACE_USER</uuidprincipal>
					<flags>514</flags>
					<permissionset>
						<allowed>1</allowed>
						<denied>0</denied>
					</permissionset>
				</accessentry>
			</accesscontrol>
		</file>
		<file>
			<destination>system/modules</destination>
			<type>folder</type>
			<uuidstructure>8bfa5026-f666-11e1-930b-2fc8aa430640</uuidstructure>
			<datelastmodified>Tue, 04 Sep 2012 08:00:09 GMT</datelastmodified>
			<userlastmodified>Admin</userlastmodified>
			<datecreated>Tue, 04 Sep 2012 08:00:09 GMT</datecreated>
			<usercreated>Admin</usercreated>
			<flags>0</flags>
			<properties/>
			<relations/>
			<accesscontrol>
				<accessentry>
					<uuidprincipal>ROLE.WORKPLACE_USER</uuidprincipal>
					<flags>514</flags>
					<permissionset>
						<allowed>5</allowed>
						<denied>0</denied>
					</permissionset>
				</accessentry>
			</accesscontrol>
		</file>
		<file>
			<destination>system/modules/com.alkacon.opencms.v8.event</destination>
			<type>folder</type>
			<uuidstructure>bba83fe1-6b56-11e0-bc98-e363b206b5de</uuidstructure>
			<datelastmodified>Thu, 21 Apr 2011 10:14:00 GMT</datelastmodified>
			<userlastmodified>Admin</userlastmodified>
			<datecreated>Wed, 20 Apr 2011 14:01:48 GMT</datecreated>
			<usercreated>Admin</usercreated>
			<flags>0</flags>
			<properties/>
			<relations/>
			<accesscontrol/>
		</file>
		<file>
			<source>system/modules/com.alkacon.opencms.v8.event/.config</source>
			<destination>system/modules/com.alkacon.opencms.v8.event/.config</destination>
			<type>module_config</type>
			<uuidstructure>b4ae812d-7502-458e-bbc2-2dce1ebb713a</uuidstructure>
			<uuidresource>b4ae812d-7502-458e-bbc2-2dce1ebb713b</uuidresource>
			<datelastmodified>Tue, 28 Jun 2011 11:00:35 GMT</datelastmodified>
			<userlastmodified>Admin</userlastmodified>
			<datecreated>Wed, 20 Apr 2011 14:45:03 GMT</datecreated>
			<usercreated>Admin</usercreated>
			<flags>0</flags>
			<properties>
				<property>
					<name>locale</name>
					<value><![CDATA[en]]></value>
				</property>
				<property>
					<name>locale-available</name>
					<value><![CDATA[en]]></value>
				</property>
			</properties>
			<relations/>
			<accesscontrol/>
		</file>
		<file>
			<destination>system/modules/com.alkacon.opencms.v8.event/classes</destination>
			<type>folder</type>
			<uuidstructure>bbb426c7-6b56-11e0-bc98-e363b206b5de</uuidstructure>
			<datelastmodified>Thu, 21 Apr 2011 10:14:00 GMT</datelastmodified>
			<userlastmodified>Admin</userlastmodified>
			<datecreated>Wed, 20 Apr 2011 14:01:48 GMT</datecreated>
			<usercreated>Admin</usercreated>
			<flags>0</flags>
			<properties/>
			<relations/>
			<accesscontrol/>
		</file>
		<file>
			<destination>system/modules/com.alkacon.opencms.v8.event/classes/com</destination>
			<type>folder</type>
			<uuidstructure>bbb670b9-6b56-11e0-bc98-e363b206b5de</uuidstructure>
			<datelastmodified>Thu, 21 Apr 2011 10:14:00 GMT</datelastmodified>
			<userlastmodified>Admin</userlastmodified>
			<datecreated>Wed, 20 Apr 2011 14:01:48 GMT</datecreated>
			<usercreated>Admin</usercreated>
			<flags>0</flags>
			<properties/>
			<relations/>
			<accesscontrol/>
		</file>
		<file>
			<destination>system/modules/com.alkacon.opencms.v8.event/classes/com/alkacon</destination>
			<type>folder</type>
			<uuidstructure>bbb8e1bb-6b56-11e0-bc98-e363b206b5de</uuidstructure>
			<datelastmodified>Thu, 21 Apr 2011 10:14:00 GMT</datelastmodified>
			<userlastmodified>Admin</userlastmodified>
			<datecreated>Wed, 20 Apr 2011 14:01:48 GMT</datecreated>
			<usercreated>Admin</usercreated>
			<flags>0</flags>
			<properties/>
			<relations/>
			<accesscontrol/>
		</file>
		<file>
			<destination>system/modules/com.alkacon.opencms.v8.event/classes/com/alkacon/opencms</destination>
			<type>folder</type>
			<uuidstructure>bbbb52bd-6b56-11e0-bc98-e363b206b5de</uuidstructure>
			<datelastmodified>Thu, 21 Apr 2011 10:14:00 GMT</datelastmodified>
			<userlastmodified>Admin</userlastmodified>
			<datecreated>Wed, 20 Apr 2011 14:01:48 GMT</datecreated>
			<usercreated>Admin</usercreated>
			<flags>0</flags>
			<properties/>
			<relations/>
			<accesscontrol/>
		</file>
		<file>
			<destination>system/modules/com.alkacon.opencms.v8.event/classes/com/alkacon/opencms/v8</destination>
			<type>folder</type>
			<uuidstructure>bbbd9caf-6b56-11e0-bc98-e363b206b5de</uuidstructure>
			<datelastmodified>Thu, 21 Apr 2011 10:14:00 GMT</datelastmodified>
			<userlastmodified>Admin</userlastmodified>
			<datecreated>Wed, 20 Apr 2011 14:01:48 GMT</datecreated>
			<usercreated>Admin</usercreated>
			<flags>0</flags>
			<properties/>
			<relations/>
			<accesscontrol/>
		</file>
		<file>
			<destination>system/modules/com.alkacon.opencms.v8.event/classes/com/alkacon/opencms/v8/event</destination>
			<type>folder</type>
			<uuidstructure>bbc00db1-6b56-11e0-bc98-e363b206b5de</uuidstructure>
			<datelastmodified>Thu, 21 Apr 2011 10:14:00 GMT</datelastmodified>
			<userlastmodified>Admin</userlastmodified>
			<datecreated>Wed, 20 Apr 2011 14:01:48 GMT</datecreated>
			<usercreated>Admin</usercreated>
			<flags>0</flags>
			<properties/>
			<relations/>
			<accesscontrol/>
		</file>
		<file>
			<source>system/modules/com.alkacon.opencms.v8.event/classes/com/alkacon/opencms/v8/event/messages.properties</source>
			<destination>system/modules/com.alkacon.opencms.v8.event/classes/com/alkacon/opencms/v8/event/messages.properties</destination>
			<type>plain</type>
			<uuidstructure>92ef726f-7190-11e0-8157-1f597a2c805d</uuidstructure>
			<uuidresource>92ef7270-7190-11e0-8157-1f597a2c805d</uuidresource>
			<datelastmodified>Thu, 28 Apr 2011 12:38:40 GMT</datelastmodified>
			<userlastmodified>Admin</userlastmodified>
			<datecreated>Thu, 28 Apr 2011 12:10:57 GMT</datecreated>
			<usercreated>Admin</usercreated>
			<flags>0</flags>
			<properties/>
			<relations/>
			<accesscontrol/>
		</file>
		<file>
			<source>system/modules/com.alkacon.opencms.v8.event/classes/com/alkacon/opencms/v8/event/messages_de.properties</source>
			<destination>system/modules/com.alkacon.opencms.v8.event/classes/com/alkacon/opencms/v8/event/messages_de.properties</destination>
			<type>plain</type>
			<uuidstructure>92f42d61-7190-11e0-8157-1f597a2c805d</uuidstructure>
			<uuidresource>92f42d62-7190-11e0-8157-1f597a2c805d</uuidresource>
			<datelastmodified>Thu, 28 Apr 2011 12:38:47 GMT</datelastmodified>
			<userlastmodified>Admin</userlastmodified>
			<datecreated>Thu, 28 Apr 2011 12:10:57 GMT</datecreated>
			<usercreated>Admin</usercreated>
			<flags>0</flags>
			<properties/>
			<relations/>
			<accesscontrol/>
		</file>
		<file>
			<source>system/modules/com.alkacon.opencms.v8.event/classes/com/alkacon/opencms/v8/event/workplace.properties</source>
			<destination>system/modules/com.alkacon.opencms.v8.event/classes/com/alkacon/opencms/v8/event/workplace.properties</destination>
			<type>plain</type>
			<uuidstructure>e9191065-6b59-11e0-bc98-e363b206b5de</uuidstructure>
			<uuidresource>e9191066-6b59-11e0-bc98-e363b206b5de</uuidresource>
			<datelastmodified>Tue, 03 May 2011 14:14:41 GMT</datelastmodified>
			<userlastmodified>Admin</userlastmodified>
			<datecreated>Wed, 20 Apr 2011 14:24:32 GMT</datecreated>
			<usercreated>Admin</usercreated>
			<flags>0</flags>
			<properties/>
			<relations/>
			<accesscontrol/>
		</file>
		<file>
			<source>system/modules/com.alkacon.opencms.v8.event/classes/com/alkacon/opencms/v8/event/workplace_de.properties</source>
			<destination>system/modules/com.alkacon.opencms.v8.event/classes/com/alkacon/opencms/v8/event/workplace_de.properties</destination>
			<type>plain</type>
			<uuidstructure>bb31fcf9-701e-11e0-bae0-e363b206b5de</uuidstructure>
			<uuidresource>bb31fcfa-701e-11e0-bae0-e363b206b5de</uuidresource>
			<datelastmodified>Thu, 28 Apr 2011 13:00:58 GMT</datelastmodified>
			<userlastmodified>Admin</userlastmodified>
			<datecreated>Tue, 26 Apr 2011 16:03:31 GMT</datecreated>
			<usercreated>Admin</usercreated>
			<flags>0</flags>
			<properties>
				<property>
					<name>content-encoding</name>
					<value><![CDATA[ISO-8859-1]]></value>
				</property>
			</properties>
			<relations/>
			<accesscontrol/>
		</file>
		<file>
			<destination>system/modules/com.alkacon.opencms.v8.event/classes/com/alkacon/opencms/v8/event/workplace_en.properties</destination>
			<type>plain</type>
			<uuidstructure>f0749be7-6b59-11e0-bc98-e363b206b5de</uuidstructure>
			<uuidresource>e9191066-6b59-11e0-bc98-e363b206b5de</uuidresource>
			<datelastmodified>Tue, 03 May 2011 14:14:41 GMT</datelastmodified>
			<userlastmodified>Admin</userlastmodified>
			<datecreated>Wed, 20 Apr 2011 14:24:32 GMT</datecreated>
			<usercreated>Admin</usercreated>
			<flags>0</flags>
			<properties/>
			<relations/>
			<accesscontrol/>
		</file>
		<file>
			<destination>system/modules/com.alkacon.opencms.v8.event/formatters</destination>
			<type>folder</type>
			<uuidstructure>bbaf6bd3-6b56-11e0-bc98-e363b206b5de</uuidstructure>
			<datelastmodified>Thu, 21 Apr 2011 10:14:00 GMT</datelastmodified>
			<userlastmodified>Admin</userlastmodified>
			<datecreated>Wed, 20 Apr 2011 14:01:48 GMT</datecreated>
			<usercreated>Admin</usercreated>
			<flags>0</flags>
			<properties/>
			<relations/>
			<accesscontrol/>
		</file>
		<file>
			<source>system/modules/com.alkacon.opencms.v8.event/formatters/detail.jsp</source>
			<destination>system/modules/com.alkacon.opencms.v8.event/formatters/detail.jsp</destination>
			<type>jsp</type>
			<uuidstructure>e5ff0078-6fdb-11e0-b8be-e363b206b5de</uuidstructure>
			<uuidresource>e5ff0079-6fdb-11e0-b8be-e363b206b5de</uuidresource>
			<datelastmodified>Tue, 04 Sep 2012 12:03:19 GMT</datelastmodified>
			<userlastmodified>Admin</userlastmodified>
			<datecreated>Tue, 26 Apr 2011 08:05:06 GMT</datecreated>
			<usercreated>Admin</usercreated>
			<flags>0</flags>
			<properties>
				<property>
					<name>Title</name>
					<value><![CDATA[Formatter for detail view]]></value>
				</property>
				<property>
					<name>cache</name>
					<value><![CDATA[container-element;locale]]></value>
				</property>
			</properties>
			<relations/>
			<accesscontrol/>
		</file>
		<file>
			<source>system/modules/com.alkacon.opencms.v8.event/formatters/side.jsp</source>
			<destination>system/modules/com.alkacon.opencms.v8.event/formatters/side.jsp</destination>
			<type>jsp</type>
			<uuidstructure>6c8beb12-6c05-11e0-b3dd-e363b206b5de</uuidstructure>
			<uuidresource>6c8beb13-6c05-11e0-b3dd-e363b206b5de</uuidresource>
			<datelastmodified>Tue, 04 Sep 2012 12:05:11 GMT</datelastmodified>
			<userlastmodified>Admin</userlastmodified>
			<datecreated>Thu, 21 Apr 2011 10:52:17 GMT</datecreated>
			<usercreated>Admin</usercreated>
			<flags>0</flags>
			<properties>
				<property>
					<name>Title</name>
					<value><![CDATA[Formatter for side container]]></value>
				</property>
				<property>
					<name>cache</name>
					<value><![CDATA[container-element;locale]]></value>
				</property>
				<property type="shared">
					<name>export</name>
					<value><![CDATA[false]]></value>
				</property>
			</properties>
			<relations/>
			<accesscontrol/>
		</file>
		<file>
			<destination>system/modules/com.alkacon.opencms.v8.event/schemas</destination>
			<type>folder</type>
			<uuidstructure>bbb1b5c5-6b56-11e0-bc98-e363b206b5de</uuidstructure>
			<datelastmodified>Thu, 21 Apr 2011 10:14:00 GMT</datelastmodified>
			<userlastmodified>Admin</userlastmodified>
			<datecreated>Wed, 20 Apr 2011 14:01:48 GMT</datecreated>
			<usercreated>Admin</usercreated>
			<flags>0</flags>
			<properties/>
			<relations/>
			<accesscontrol/>
		</file>
		<file>
			<source>system/modules/com.alkacon.opencms.v8.event/schemas/event.xsd</source>
			<destination>system/modules/com.alkacon.opencms.v8.event/schemas/event.xsd</destination>
			<type>plain</type>
			<uuidstructure>a4dcc2d3-6b58-11e0-bc98-e363b206b5de</uuidstructure>
			<uuidresource>a4dcc2d4-6b58-11e0-bc98-e363b206b5de</uuidresource>
			<datelastmodified>Tue, 28 Jun 2011 14:46:11 GMT</datelastmodified>
			<userlastmodified>Admin</userlastmodified>
			<datecreated>Wed, 20 Apr 2011 14:15:28 GMT</datecreated>
			<usercreated>Admin</usercreated>
			<flags>0</flags>
			<properties>
				<property>
					<name>Title</name>
					<value><![CDATA[XSD for event]]></value>
				</property>
			</properties>
			<relations/>
			<accesscontrol/>
		</file>
		<file>
			<destination>system/modules/com.alkacon.opencms.v8.event/schemas/nested</destination>
			<type>folder</type>
			<uuidstructure>424595fa-6b5a-11e0-bc98-e363b206b5de</uuidstructure>
			<datelastmodified>Thu, 21 Apr 2011 10:14:00 GMT</datelastmodified>
			<userlastmodified>Admin</userlastmodified>
			<datecreated>Wed, 20 Apr 2011 14:27:02 GMT</datecreated>
			<usercreated>Admin</usercreated>
			<flags>0</flags>
			<properties/>
			<relations/>
			<accesscontrol/>
		</file>
		<file>
			<source>system/modules/com.alkacon.opencms.v8.event/schemas/nested/availability.xsd</source>
			<destination>system/modules/com.alkacon.opencms.v8.event/schemas/nested/availability.xsd</destination>
			<type>plain</type>
			<uuidstructure>75de0d30-6b5a-11e0-bc98-e363b206b5de</uuidstructure>
			<uuidresource>75de0d31-6b5a-11e0-bc98-e363b206b5de</uuidresource>
			<datelastmodified>Wed, 27 Apr 2011 08:47:41 GMT</datelastmodified>
			<userlastmodified>Admin</userlastmodified>
			<datecreated>Wed, 20 Apr 2011 14:28:28 GMT</datecreated>
			<usercreated>Admin</usercreated>
			<flags>0</flags>
			<properties>
				<property>
					<name>Title</name>
					<value><![CDATA[Nested XSD for event availability]]></value>
				</property>
			</properties>
			<relations/>
			<accesscontrol/>
		</file>
		<file>
			<source>system/modules/com.alkacon.opencms.v8.event/schemas/nested/eventdata.xsd</source>
			<destination>system/modules/com.alkacon.opencms.v8.event/schemas/nested/eventdata.xsd</destination>
			<type>plain</type>
			<uuidstructure>60321bbe-6b5a-11e0-bc98-e363b206b5de</uuidstructure>
			<uuidresource>60321bbf-6b5a-11e0-bc98-e363b206b5de</uuidresource>
			<datelastmodified>Wed, 27 Apr 2011 08:47:27 GMT</datelastmodified>
			<userlastmodified>Admin</userlastmodified>
			<datecreated>Wed, 20 Apr 2011 14:27:52 GMT</datecreated>
			<usercreated>Admin</usercreated>
			<flags>0</flags>
			<properties>
				<property>
					<name>Title</name>
					<value><![CDATA[Nested XSD for event data]]></value>
				</property>
			</properties>
			<relations/>
			<accesscontrol/>
		</file>
		<file>
			<source>system/modules/com.alkacon.opencms.v8.event/schemas/nested/image.xsd</source>
			<destination>system/modules/com.alkacon.opencms.v8.event/schemas/nested/image.xsd</destination>
			<type>plain</type>
			<uuidstructure>9aecf092-6b5b-11e0-bc98-e363b206b5de</uuidstructure>
			<uuidresource>9aecf093-6b5b-11e0-bc98-e363b206b5de</uuidresource>
			<datelastmodified>Thu, 28 Apr 2011 14:35:30 GMT</datelastmodified>
			<userlastmodified>Admin</userlastmodified>
			<datecreated>Wed, 20 Apr 2011 14:36:40 GMT</datecreated>
			<usercreated>Admin</usercreated>
			<flags>0</flags>
			<properties>
				<property>
					<name>Title</name>
					<value><![CDATA[Nested XSD for event image]]></value>
				</property>
			</properties>
			<relations/>
			<accesscontrol/>
		</file>
		<file>
			<source>system/modules/com.alkacon.opencms.v8.event/schemas/nested/paragraph.xsd</source>
			<destination>system/modules/com.alkacon.opencms.v8.event/schemas/nested/paragraph.xsd</destination>
			<type>plain</type>
			<uuidstructure>513f5b4c-6b5a-11e0-bc98-e363b206b5de</uuidstructure>
			<uuidresource>513f5b4d-6b5a-11e0-bc98-e363b206b5de</uuidresource>
			<datelastmodified>Wed, 27 Apr 2011 08:46:25 GMT</datelastmodified>
			<userlastmodified>Admin</userlastmodified>
			<datecreated>Wed, 20 Apr 2011 14:27:27 GMT</datecreated>
			<usercreated>Admin</usercreated>
			<flags>0</flags>
			<properties>
				<property>
					<name>Title</name>
					<value><![CDATA[Nested XSD for event paragraph]]></value>
				</property>
			</properties>
			<relations/>
			<accesscontrol/>
		</file>
		<file>
			<destination>system/workplace</destination>
			<type>folder</type>
			<uuidstructure>825afce2-11b7-11db-91cd-fdbae480bac9</uuidstructure>
			<datelastmodified>Mon, 27 Mar 2006 12:00:00 GMT</datelastmodified>
			<userlastmodified>Admin</userlastmodified>
			<datecreated>Mon, 27 Jun 2005 08:00:00 GMT</datecreated>
			<usercreated>Admin</usercreated>
			<flags>0</flags>
			<properties>
				<property>
					<name>content-encoding</name>
					<value><![CDATA[UTF-8]]></value>
				</property>
				<property>
					<name>export</name>
					<value><![CDATA[false]]></value>
				</property>
				<property>
					<name>login-form</name>
					<value><![CDATA[/system/login/index.html]]></value>
				</property>
			</properties>
			<relations/>
			<accesscontrol>
				<accessentry>
					<uuidprincipal>ALL_OTHERS</uuidprincipal>
					<flags>134</flags>
					<permissionset>
						<allowed>0</allowed>
						<denied>0</denied>
					</permissionset>
				</accessentry>
				<accessentry>
					<uuidprincipal>ROLE.WORKPLACE_USER</uuidprincipal>
					<flags>518</flags>
					<permissionset>
						<allowed>5</allowed>
						<denied>0</denied>
					</permissionset>
				</accessentry>
			</accesscontrol>
		</file>
		<file>
			<destination>system/workplace/resources</destination>
			<type>folder</type>
			<uuidstructure>82c16052-11b7-11db-91cd-fdbae480bac9</uuidstructure>
			<datelastmodified>Mon, 27 Mar 2006 12:00:00 GMT</datelastmodified>
			<userlastmodified>Admin</userlastmodified>
			<datecreated>Mon, 27 Jun 2005 08:00:00 GMT</datecreated>
			<usercreated>Admin</usercreated>
			<flags>0</flags>
			<properties/>
			<relations/>
			<accesscontrol/>
		</file>
		<file>
			<destination>system/workplace/resources/filetypes</destination>
			<type>folder</type>
			<uuidstructure>83ca1dcc-11b7-11db-91cd-fdbae480bac9</uuidstructure>
			<datelastmodified>Mon, 27 Mar 2006 12:00:00 GMT</datelastmodified>
			<userlastmodified>Admin</userlastmodified>
			<datecreated>Mon, 27 Jun 2005 08:00:00 GMT</datecreated>
			<usercreated>Admin</usercreated>
			<flags>0</flags>
			<properties/>
			<relations/>
			<accesscontrol/>
		</file>
		<file>
			<source>system/workplace/resources/filetypes/v8event.png</source>
			<destination>system/workplace/resources/filetypes/v8event.png</destination>
			<type>image</type>
			<uuidstructure>677d212c-6bf8-11e0-b979-e363b206b5de</uuidstructure>
			<uuidresource>677d212d-6bf8-11e0-b979-e363b206b5de</uuidresource>
			<datelastmodified>Thu, 21 Apr 2011 09:19:32 GMT</datelastmodified>
			<userlastmodified>Admin</userlastmodified>
			<datecreated>Thu, 21 Apr 2011 09:19:05 GMT</datecreated>
			<usercreated>Admin</usercreated>
			<flags>0</flags>
			<properties>
				<property type="shared">
					<name>image.size</name>
					<value><![CDATA[w:16,h:16]]></value>
				</property>
			</properties>
			<relations/>
			<accesscontrol/>
		</file>
		<file>
			<source>system/workplace/resources/filetypes/v8event_big.png</source>
			<destination>system/workplace/resources/filetypes/v8event_big.png</destination>
			<type>image</type>
			<uuidstructure>676c7f58-6bf8-11e0-b979-e363b206b5de</uuidstructure>
			<uuidresource>676c7f59-6bf8-11e0-b979-e363b206b5de</uuidresource>
			<datelastmodified>Thu, 21 Apr 2011 09:19:39 GMT</datelastmodified>
			<userlastmodified>Admin</userlastmodified>
			<datecreated>Thu, 21 Apr 2011 09:19:05 GMT</datecreated>
			<usercreated>Admin</usercreated>
			<flags>0</flags>
			<properties>
				<property type="shared">
					<name>image.size</name>
					<value><![CDATA[w:24,h:24]]></value>
				</property>
			</properties>
			<relations/>
			<accesscontrol/>
		</file>
		<file>
			<source>system/workplace/resources/filetypes/v8eventgallery.png</source>
			<destination>system/workplace/resources/filetypes/v8eventgallery.png</destination>
			<type>image</type>
			<uuidstructure>dfcb3ff5-758e-11e0-bb02-a1b7a1ca2b7f</uuidstructure>
			<uuidresource>dfcb3ff6-758e-11e0-bb02-a1b7a1ca2b7f</uuidresource>
			<datelastmodified>Tue, 03 May 2011 14:09:15 GMT</datelastmodified>
			<userlastmodified>Admin</userlastmodified>
			<datecreated>Tue, 03 May 2011 14:08:52 GMT</datecreated>
			<usercreated>Admin</usercreated>
			<flags>0</flags>
			<properties>
				<property type="shared">
					<name>image.size</name>
					<value><![CDATA[w:16,h:16]]></value>
				</property>
			</properties>
			<relations/>
			<accesscontrol/>
		</file>
		<file>
			<source>system/workplace/resources/filetypes/v8eventgallery_big.png</source>
			<destination>system/workplace/resources/filetypes/v8eventgallery_big.png</destination>
			<type>image</type>
			<uuidstructure>dfd021f9-758e-11e0-bb02-a1b7a1ca2b7f</uuidstructure>
			<uuidresource>dfd021fa-758e-11e0-bb02-a1b7a1ca2b7f</uuidresource>
			<datelastmodified>Tue, 03 May 2011 14:09:20 GMT</datelastmodified>
			<userlastmodified>Admin</userlastmodified>
			<datecreated>Tue, 03 May 2011 14:08:52 GMT</datecreated>
			<usercreated>Admin</usercreated>
			<flags>0</flags>
			<properties>
				<property type="shared">
					<name>image.size</name>
					<value><![CDATA[w:24,h:24]]></value>
				</property>
			</properties>
			<relations/>
			<accesscontrol/>
		</file>
	</files>
</export>
